"","title","geo_accession","status","submission_date","last_update_date","type","channel_count","source_name_ch1","organism_ch1","characteristics_ch1","characteristics_ch1.1","characteristics_ch1.2","characteristics_ch1.3","characteristics_ch1.4","characteristics_ch1.5","characteristics_ch1.6","characteristics_ch1.7","characteristics_ch1.8","characteristics_ch1.9","characteristics_ch1.10","characteristics_ch1.11","characteristics_ch1.12","characteristics_ch1.13","characteristics_ch1.14","characteristics_ch1.15","characteristics_ch1.16","characteristics_ch1.17","characteristics_ch1.18","characteristics_ch1.19","characteristics_ch1.20","characteristics_ch1.21","characteristics_ch1.22","characteristics_ch1.23","characteristics_ch1.24","characteristics_ch1.25","characteristics_ch1.26","characteristics_ch1.27","characteristics_ch1.28","characteristics_ch1.29","characteristics_ch1.30","characteristics_ch1.31","characteristics_ch1.32","characteristics_ch1.33","characteristics_ch1.34","characteristics_ch1.35","characteristics_ch1.36","characteristics_ch1.37","characteristics_ch1.38","characteristics_ch1.39","characteristics_ch1.40","characteristics_ch1.41","characteristics_ch1.42","characteristics_ch1.43","characteristics_ch1.44","characteristics_ch1.45","characteristics_ch1.46","characteristics_ch1.47","characteristics_ch1.48","characteristics_ch1.49","characteristics_ch1.50","characteristics_ch1.51","characteristics_ch1.52","characteristics_ch1.53","characteristics_ch1.54","characteristics_ch1.55","characteristics_ch1.56","molecule_ch1","extract_protocol_ch1","taxid_ch1","data_processing","data_processing.1","data_processing.2","platform_id","contact_name","contact_department","contact_institute","contact_address","contact_city","contact_state","contact_zip/postal_code","contact_country","data_row_count","instrument_model","library_selection","library_source","library_strategy","relation","supplementary_file_1","age:ch1","bc_family_history:ch1","bilaterality:ch1","brca1_status:ch1","brca2_status:ch1","cell_type_diagnosis:ch1","cin_score:ch1","cnv_burden_amp:ch1","cnv_burden_del:ch1","cnv_burden_gain:ch1","cnv_burden_hemizygote:ch1","cyt_score:ch1","er_score_diagnosis:ch1","er_score_surgery:ch1","er_status_diagnosis:ch1","er_status_surgery:ch1","gender:ch1","her2_score_diagnosis:ch1","her2_score_surgery:ch1","her2_status_diagnosis:ch1","her2_status_surgery:ch1","histological_grade:ch1","ki67_diagnosis:ch1","ki67_status_diagnosis:ch1","ki67_status_surgery:ch1","ki67_surgery:ch1","loh_burden_burden:ch1","lymphovascular_invasion:ch1","menopausal_status:ch1","multiplicity:ch1","mut_load:ch1","nac_drug:ch1","nuclear_grade:ch1","pcr_status:ch1","pr_score_diagnosis:ch1","pr_score_surgery:ch1","pr_status_diagnosis:ch1","pr_status_surgery:ch1","proliferative_index:ch1","regional_lymph_nodes:ch1","subtype_consensus:ch1","subtype_ihc:ch1","subtype_nmc:ch1","subtype_pam50:ch1","surgery_type:ch1","surgical_site:ch1","til_count:ch1","til_density:ch1","time:ch1","tissue_area:ch1","tnm_stage_clinical:ch1","tnm_stage_pathologic:ch1","tumor_ploidy:ch1","tumor_purity_consensus:ch1","tumor_purity_facets:ch1","tumor_purity_pathology:ch1","tumor_size:ch1"
"GSM3513973","OB_15_0074_1","GSM3513973","Public on Oct 12 2020","Dec 14 2018","Oct 12 2020","SRA","1","Primary Tumor","Homo sapiens","gender: Female","age: 50.99722222","menopausal_status: Premenopausal","bc_family_history: No","brca1_status: Not Detected","brca2_status: Detected","cell_type_diagnosis: Invasive carcinoma with lobular feature","er_status_diagnosis: 1","er_score_diagnosis: 8","pr_status_diagnosis: 1","pr_score_diagnosis: 5","her2_status_diagnosis: 0","her2_score_diagnosis: 2","ki67_status_diagnosis: 4","ki67_diagnosis: 70-80%","tnm_stage_clinical: cT3N3M0","nac_drug: AC+T","er_status_surgery: Positive","er_score_surgery: 8","pr_status_surgery: Positive","pr_score_surgery: 5","her2_status_surgery: 2+","her2_score_surgery: 2","ki67_status_surgery: 1","ki67_surgery: <1%","histological_grade: 2","nuclear_grade: 2","lymphovascular_invasion: 0","bilaterality: 0","multiplicity: 0","surgery_type: 0","surgical_site: 1","tumor_size: 4","regional_lymph_nodes: 7","tnm_stage_pathologic: 12","pcr_status: 1","proliferative_index: 35.46091266","cyt_score: 5.251904416","subtype_pam50: LumB","subtype_nmc: ER+","subtype_ihc: ER+","tumor_purity_pathology: 0.7","cin_score: 18.87264261","tumor_purity_facets: 0.543895167","tumor_purity_consensus: 0.543895167","tumor_ploidy: 1.985579823","cnv_burden_del: 0.000774361","cnv_burden_hemizygote: 0.27644612","loh_burden_burden: 0.03589481","cnv_burden_gain: 0.116487768","cnv_burden_amp: 0.022572184","til_count: 16050","tissue_area: 170967008","til_density: 93.8777614918546","time: T1","subtype_consensus: ER+","mut_load: 73","total RNA","For RNA-Seq, sequencing libraries were prepared using TruSeq RNA Sample Preparation kit v2 (RS-122-2001 and RS-122-2002, Illumina). Sequencing of the RNA libraries was performed on an Illumina HiSeq2500 in 100-bp paired-end mode of the TruSeq Rapid PE Cluster kit and the TruSeq Rapid SBS kit.","9606","RNA-Seq data was analyzed using the RSEM42 pipeline with hg19 as the genome reference","Genome_build: hg19","Supplementary_files_format_and_content: expression matrix with gene expression by samples in TPM units","GPL16791","Zhengyan,,Kan","Computational Biology, Oncology Research & Development","Pfizer","10770 Science Center Drive","San Diego","CA","92121","USA","0","Illumina HiSeq 2500","cDNA","transcriptomic","RNA-Seq","BioSample: https://www.ncbi.nlm.nih.gov/biosample/SAMN10593139","NONE","50.99722222","No","0","Not Detected","Detected","Invasive carcinoma with lobular feature","18.87264261","0.022572184","0.000774361","0.116487768","0.27644612","5.251904416","8","8","1","Positive","Female","2","2","0","2+","2","70-80%","4","1","<1%","0.03589481","0","Premenopausal","0","73","AC+T","2","1","5","5","1","Positive","35.46091266","7","ER+","ER+","ER+","LumB","0","1","16050","93.8777614918546","T1","170967008","cT3N3M0","12","1.985579823","0.543895167","0.543895167","0.7","4"
"GSM3513974","OB_15_0080_2","GSM3513974","Public on Oct 12 2020","Dec 14 2018","Oct 12 2020","SRA","1","Primary Tumor","Homo sapiens","gender: Female","age: 52.36666667","menopausal_status: Postmenopausal","bc_family_history: No","brca1_status: 999","brca2_status: 999","cell_type_diagnosis: Invasive ductal carcinoma","er_status_diagnosis: 0","er_score_diagnosis: 0","pr_status_diagnosis: 0","pr_score_diagnosis: 0","her2_status_diagnosis: 0","her2_score_diagnosis: 2","ki67_status_diagnosis: 2","ki67_diagnosis: 40-50%","tnm_stage_clinical: cT2N2M0","nac_drug: AC+T","er_status_surgery: 999","er_score_surgery: 999","pr_status_surgery: 999","pr_score_surgery: 999","her2_status_surgery: 999","her2_score_surgery: 999","ki67_status_surgery: 999","ki67_surgery: 999","histological_grade: 999","nuclear_grade: 999","lymphovascular_invasion: 999","bilaterality: 999","multiplicity: 0","surgery_type: 1","surgical_site: 2","tumor_size: 0","regional_lymph_nodes: 0","tnm_stage_pathologic: 77","pcr_status: 0","proliferative_index: 26.50772107","cyt_score: 225.4489281","subtype_pam50: LumB","subtype_nmc: TN","subtype_ihc: TN","tumor_purity_pathology: 0.6","cin_score: 23.89075876","tumor_purity_facets: 0.359885842","tumor_purity_consensus: 0.359885842","tumor_ploidy: 3.089088909","cnv_burden_del: 0.027617183","cnv_burden_hemizygote: 0.015908916","loh_burden_burden: 0","cnv_burden_gain: 0.41492249","cnv_burden_amp: 0.284218811","til_count: 16418","tissue_area: 19841900","til_density: 827.440920476366","time: T2","subtype_consensus: TN","mut_load: 5","total RNA","For RNA-Seq, sequencing libraries were prepared using TruSeq RNA Sample Preparation kit v2 (RS-122-2001 and RS-122-2002, Illumina). Sequencing of the RNA libraries was performed on an Illumina HiSeq2500 in 100-bp paired-end mode of the TruSeq Rapid PE Cluster kit and the TruSeq Rapid SBS kit.","9606","RNA-Seq data was analyzed using the RSEM42 pipeline with hg19 as the genome reference","Genome_build: hg19","Supplementary_files_format_and_content: expression matrix with gene expression by samples in TPM units","GPL16791","Zhengyan,,Kan","Computational Biology, Oncology Research & Development","Pfizer","10770 Science Center Drive","San Diego","CA","92121","USA","0","Illumina HiSeq 2500","cDNA","transcriptomic","RNA-Seq","BioSample: https://www.ncbi.nlm.nih.gov/biosample/SAMN10593138","NONE","52.36666667","No","999","999","999","Invasive ductal carcinoma","23.89075876","0.284218811","0.027617183","0.41492249","0.015908916","225.4489281","0","999","0","999","Female","2","999","0","999","999","40-50%","2","999","999","0","999","Postmenopausal","0","5","AC+T","999","0","0","999","0","999","26.50772107","0","TN","TN","TN","LumB","1","2","16418","827.440920476366","T2","19841900","cT2N2M0","77","3.089088909","0.359885842","0.359885842","0.6","0"
"GSM3513975","OB_15_0107_2","GSM3513975","Public on Oct 12 2020","Dec 14 2018","Oct 12 2020","SRA","1","Primary Tumor","Homo sapiens","gender: Female","age: 49.33611111","menopausal_status: Premenopausal","bc_family_history: Yes","brca1_status: Detected","brca2_status: Not Detected","cell_type_diagnosis: Invasive ductal carcinoma","er_status_diagnosis: 1","er_score_diagnosis: 7","pr_status_diagnosis: 0","pr_score_diagnosis: 0","her2_status_diagnosis: 0","her2_score_diagnosis: 0","ki67_status_diagnosis: 4","ki67_diagnosis: 70-80%","tnm_stage_clinical: cT2N2-3M0","nac_drug: AC+T","er_status_surgery: Positive","er_score_surgery: 3","pr_status_surgery: Negative","pr_score_surgery: 0","her2_status_surgery: Negative","her2_score_surgery: 0","ki67_status_surgery: 4","ki67_surgery: 80-90%","histological_grade: 3","nuclear_grade: 2","lymphovascular_invasion: 0","bilaterality: 0","multiplicity: 0","surgery_type: 0","surgical_site: 2","tumor_size: 1.5","regional_lymph_nodes: 0","tnm_stage_pathologic: 2","pcr_status: 1","proliferative_index: 43.90855596","cyt_score: 29.12781145","subtype_pam50: Basal","subtype_nmc: ER+","subtype_ihc: ER+","tumor_purity_pathology: 0.8","cin_score: 20.25265702","tumor_purity_facets: 0.392749662","tumor_purity_consensus: 0.392749662","tumor_ploidy: 3.158569249","cnv_burden_del: 0.00080515","cnv_burden_hemizygote: 0.077206773","loh_burden_burden: 0.132870054","cnv_burden_gain: 0.245051961","cnv_burden_amp: 0.284720621","til_count: 3108","tissue_area: 38614800","til_density: 80.4872743093322","time: T2","subtype_consensus: TN","mut_load: 72","total RNA","For RNA-Seq, sequencing libraries were prepared using TruSeq RNA Sample Preparation kit v2 (RS-122-2001 and RS-122-2002, Illumina). Sequencing of the RNA libraries was performed on an Illumina HiSeq2500 in 100-bp paired-end mode of the TruSeq Rapid PE Cluster kit and the TruSeq Rapid SBS kit.","9606","RNA-Seq data was analyzed using the RSEM42 pipeline with hg19 as the genome reference","Genome_build: hg19","Supplementary_files_format_and_content: expression matrix with gene expression by samples in TPM units","GPL16791","Zhengyan,,Kan","Computational Biology, Oncology Research & Development","Pfizer","10770 Science Center Drive","San Diego","CA","92121","USA","0","Illumina HiSeq 2500","cDNA","transcriptomic","RNA-Seq","BioSample: https://www.ncbi.nlm.nih.gov/biosample/SAMN10593137","NONE","49.33611111","Yes","0","Detected","Not Detected","Invasive ductal carcinoma","20.25265702","0.284720621","0.00080515","0.245051961","0.077206773","29.12781145","7","3","1","Positive","Female","0","0","0","Negative","3","70-80%","4","4","80-90%","0.132870054","0","Premenopausal","0","72","AC+T","2","1","0","0","0","Negative","43.90855596","0","TN","ER+","ER+","Basal","0","2","3108","80.4872743093322","T2","38614800","cT2N2-3M0","2","3.158569249","0.392749662","0.392749662","0.8","1.5"
"GSM3513976","OB_15_0107_3","GSM3513976","Public on Oct 12 2020","Dec 14 2018","Oct 12 2020","SRA","1","Primary Tumor","Homo sapiens","gender: Female","age: 49.33611111","menopausal_status: Premenopausal","bc_family_history: Yes","brca1_status: Detected","brca2_status: Not Detected","cell_type_diagnosis: Invasive ductal carcinoma","er_status_diagnosis: 1","er_score_diagnosis: 7","pr_status_diagnosis: 0","pr_score_diagnosis: 0","her2_status_diagnosis: 0","her2_score_diagnosis: 0","ki67_status_diagnosis: 4","ki67_diagnosis: 70-80%","tnm_stage_clinical: cT2N2-3M0","nac_drug: AC+T","er_status_surgery: Positive","er_score_surgery: 3","pr_status_surgery: Negative","pr_score_surgery: 0","her2_status_surgery: Negative","her2_score_surgery: 0","ki67_status_surgery: 4","ki67_surgery: 80-90%","histological_grade: 3","nuclear_grade: 2","lymphovascular_invasion: 0","bilaterality: 0","multiplicity: 0","surgery_type: 0","surgical_site: 2","tumor_size: 1.5","regional_lymph_nodes: 0","tnm_stage_pathologic: 2","pcr_status: 1","proliferative_index: 84.17018722","cyt_score: 3.335086206","subtype_pam50: Basal","subtype_nmc: TN","subtype_ihc: ER+","tumor_purity_pathology: 0.6","cin_score: 9.2257445","tumor_purity_facets: 0.341634433","tumor_purity_consensus: 0.341634433","tumor_ploidy: 1.777377539","cnv_burden_del: 0.000877578","cnv_burden_hemizygote: 0.335556078","loh_burden_burden: 0.078167936","cnv_burden_gain: 0.112804136","cnv_burden_amp: 0.001472733","til_count: 8457","tissue_area: 222082000","til_density: 38.0805288136814","time: T3","subtype_consensus: TN","mut_load: 102","total RNA","For RNA-Seq, sequencing libraries were prepared using TruSeq RNA Sample Preparation kit v2 (RS-122-2001 and RS-122-2002, Illumina). Sequencing of the RNA libraries was performed on an Illumina HiSeq2500 in 100-bp paired-end mode of the TruSeq Rapid PE Cluster kit and the TruSeq Rapid SBS kit.","9606","RNA-Seq data was analyzed using the RSEM42 pipeline with hg19 as the genome reference","Genome_build: hg19","Supplementary_files_format_and_content: expression matrix with gene expression by samples in TPM units","GPL16791","Zhengyan,,Kan","Computational Biology, Oncology Research & Development","Pfizer","10770 Science Center Drive","San Diego","CA","92121","USA","0","Illumina HiSeq 2500","cDNA","transcriptomic","RNA-Seq","BioSample: https://www.ncbi.nlm.nih.gov/biosample/SAMN10593136","NONE","49.33611111","Yes","0","Detected","Not Detected","Invasive ductal carcinoma","9.2257445","0.001472733","0.000877578","0.112804136","0.335556078","3.335086206","7","3","1","Positive","Female","0","0","0","Negative","3","70-80%","4","4","80-90%","0.078167936","0","Premenopausal","0","102","AC+T","2","1","0","0","0","Negative","84.17018722","0","TN","ER+","TN","Basal","0","2","8457","38.0805288136814","T3","222082000","cT2N2-3M0","2","1.777377539","0.341634433","0.341634433","0.6","1.5"
"GSM3513977","OB_15_0119_1","GSM3513977","Public on Oct 12 2020","Dec 14 2018","Oct 12 2020","SRA","1","Primary Tumor","Homo sapiens","gender: Female","age: 36.18888889","menopausal_status: Premenopausal","bc_family_history: No","brca1_status: Not Detected","brca2_status: Not Detected","cell_type_diagnosis: Invasive ductal carcinoma","er_status_diagnosis: 0","er_score_diagnosis: 0","pr_status_diagnosis: 0","pr_score_diagnosis: 0","her2_status_diagnosis: 0","her2_score_diagnosis: 1","ki67_status_diagnosis: 4","ki67_diagnosis: >95%","tnm_stage_clinical: cT1N2-3M0","nac_drug: AC+T","er_status_surgery: 999","er_score_surgery: 999","pr_status_surgery: 999","pr_score_surgery: 999","her2_status_surgery: 999","her2_score_surgery: 999","ki67_status_surgery: 999","ki67_surgery: 999","histological_grade: 999","nuclear_grade: 999","lymphovascular_invasion: 999","bilaterality: 0","multiplicity: 0","surgery_type: 1","surgical_site: 2","tumor_size: 0","regional_lymph_nodes: 0","tnm_stage_pathologic: 77","pcr_status: 0","proliferative_index: 41.80649123","cyt_score: 29.19511603","subtype_pam50: Basal","subtype_nmc: TN","subtype_ihc: TN","tumor_purity_pathology: 0.8","cin_score: 20.60353702","tumor_purity_facets: 0.417142108","tumor_purity_consensus: 0.417142108","tumor_ploidy: 2.468525055","cnv_burden_del: 0.004515912","cnv_burden_hemizygote: 0.113246691","loh_burden_burden: 0.065009443","cnv_burden_gain: 0.291668805","cnv_burden_amp: 0.110585354","til_count: 2083","tissue_area: 18504100","til_density: 112.569646726942","time: T1","subtype_consensus: TN","mut_load: 137","total RNA","For RNA-Seq, sequencing libraries were prepared using TruSeq RNA Sample Preparation kit v2 (RS-122-2001 and RS-122-2002, Illumina). Sequencing of the RNA libraries was performed on an Illumina HiSeq2500 in 100-bp paired-end mode of the TruSeq Rapid PE Cluster kit and the TruSeq Rapid SBS kit.","9606","RNA-Seq data was analyzed using the RSEM42 pipeline with hg19 as the genome reference","Genome_build: hg19","Supplementary_files_format_and_content: expression matrix with gene expression by samples in TPM units","GPL16791","Zhengyan,,Kan","Computational Biology, Oncology Research & Development","Pfizer","10770 Science Center Drive","San Diego","CA","92121","USA","0","Illumina HiSeq 2500","cDNA","transcriptomic","RNA-Seq","BioSample: https://www.ncbi.nlm.nih.gov/biosample/SAMN10593135","NONE","36.18888889","No","0","Not Detected","Not Detected","Invasive ductal carcinoma","20.60353702","0.110585354","0.004515912","0.291668805","0.113246691","29.19511603","0","999","0","999","Female","1","999","0","999","999",">95%","4","999","999","0.065009443","999","Premenopausal","0","137","AC+T","999","0","0","999","0","999","41.80649123","0","TN","TN","TN","Basal","1","2","2083","112.569646726942","T1","18504100","cT1N2-3M0","77","2.468525055","0.417142108","0.417142108","0.8","0"
"GSM3513978","OB_15_0139_1","GSM3513978","Public on Oct 12 2020","Dec 14 2018","Oct 12 2020","SRA","1","Primary Tumor","Homo sapiens","gender: Female","age: 50.93055556","menopausal_status: Premenopausal","bc_family_history: No","brca1_status: 999","brca2_status: 999","cell_type_diagnosis: Invasive ductal carcinoma","er_status_diagnosis: 0","er_score_diagnosis: 0","pr_status_diagnosis: 0","pr_score_diagnosis: 0","her2_status_diagnosis: 0","her2_score_diagnosis: 0","ki67_status_diagnosis: 2","ki67_diagnosis: 40-50%","tnm_stage_clinical: cT2N3M0","nac_drug: AC+T","er_status_surgery: Negative","er_score_surgery: 0","pr_status_surgery: Negative","pr_score_surgery: 0","her2_status_surgery: Negative","her2_score_surgery: 1","ki67_status_surgery: 3","ki67_surgery: 0.7","histological_grade: 3","nuclear_grade: 3","lymphovascular_invasion: 1","bilaterality: 0","multiplicity: 1","surgery_type: 0","surgical_site: 2","tumor_size: 2.3","regional_lymph_nodes: 1","tnm_stage_pathologic: 8","pcr_status: 1","proliferative_index: 32.17924014","cyt_score: 17.61665121","subtype_pam50: Basal","subtype_nmc: TN","subtype_ihc: TN","tumor_purity_pathology: 0.8","cin_score: 14.23884324","tumor_purity_facets: 0.253797389","tumor_purity_consensus: 0.253797389","tumor_ploidy: 3.085060886","cnv_burden_del: 0","cnv_burden_hemizygote: 0.084386032","loh_burden_burden: 0.208622246","cnv_burden_gain: 0.476909742","cnv_burden_amp: 0.043055694","til_count: 1145","tissue_area: 13517100","til_density: 84.707518624557","time: T1","subtype_consensus: TN","mut_load: 117","total RNA","For RNA-Seq, sequencing libraries were prepared using TruSeq RNA Sample Preparation kit v2 (RS-122-2001 and RS-122-2002, Illumina). Sequencing of the RNA libraries was performed on an Illumina HiSeq2500 in 100-bp paired-end mode of the TruSeq Rapid PE Cluster kit and the TruSeq Rapid SBS kit.","9606","RNA-Seq data was analyzed using the RSEM42 pipeline with hg19 as the genome reference","Genome_build: hg19","Supplementary_files_format_and_content: expression matrix with gene expression by samples in TPM units","GPL16791","Zhengyan,,Kan","Computational Biology, Oncology Research & Development","Pfizer","10770 Science Center Drive","San Diego","CA","92121","USA","0","Illumina HiSeq 2500","cDNA","transcriptomic","RNA-Seq","BioSample: https://www.ncbi.nlm.nih.gov/biosample/SAMN10593134","NONE","50.93055556","No","0","999","999","Invasive ductal carcinoma","14.23884324","0.043055694","0","0.476909742","0.084386032","17.61665121","0","0","0","Negative","Female","0","1","0","Negative","3","40-50%","2","3","0.7","0.208622246","1","Premenopausal","1","117","AC+T","3","1","0","0","0","Negative","32.17924014","1","TN","TN","TN","Basal","0","2","1145","84.707518624557","T1","13517100","cT2N3M0","8","3.085060886","0.253797389","0.253797389","0.8","2.3"
"GSM3513979","OB_15_0139_2","GSM3513979","Public on Oct 12 2020","Dec 14 2018","Oct 12 2020","SRA","1","Primary Tumor","Homo sapiens","gender: Female","age: 50.93055556","menopausal_status: Premenopausal","bc_family_history: No","brca1_status: 999","brca2_status: 999","cell_type_diagnosis: Invasive ductal carcinoma","er_status_diagnosis: 0","er_score_diagnosis: 0","pr_status_diagnosis: 0","pr_score_diagnosis: 0","her2_status_diagnosis: 0","her2_score_diagnosis: 0","ki67_status_diagnosis: 2","ki67_diagnosis: 40-50%","tnm_stage_clinical: cT2N3M0","nac_drug: AC+T","er_status_surgery: Negative","er_score_surgery: 0","pr_status_surgery: Negative","pr_score_surgery: 0","her2_status_surgery: Negative","her2_score_surgery: 1","ki67_status_surgery: 3","ki67_surgery: 0.7","histological_grade: 3","nuclear_grade: 3","lymphovascular_invasion: 1","bilaterality: 0","multiplicity: 1","surgery_type: 0","surgical_site: 2","tumor_size: 2.3","regional_lymph_nodes: 1","tnm_stage_pathologic: 8","pcr_status: 1","proliferative_index: 19.36229341","cyt_score: 36.8007038","subtype_pam50: Basal","subtype_nmc: ER+","subtype_ihc: TN","tumor_purity_pathology: 0.7","cin_score: 10.27274815","tumor_purity_facets: 0.317290832","tumor_purity_consensus: 0.317290832","tumor_ploidy: 2.953852802","cnv_burden_del: 0","cnv_burden_hemizygote: 0.016647865","loh_burden_burden: 0","cnv_burden_gain: 0.683518145","cnv_burden_amp: 0.041909185","til_count: 2300","tissue_area: 24050000","til_density: 95.6340956340956","time: T2","subtype_consensus: TN","mut_load: 47","total RNA","For RNA-Seq, sequencing libraries were prepared using TruSeq RNA Sample Preparation kit v2 (RS-122-2001 and RS-122-2002, Illumina). Sequencing of the RNA libraries was performed on an Illumina HiSeq2500 in 100-bp paired-end mode of the TruSeq Rapid PE Cluster kit and the TruSeq Rapid SBS kit.","9606","RNA-Seq data was analyzed using the RSEM42 pipeline with hg19 as the genome reference","Genome_build: hg19","Supplementary_files_format_and_content: expression matrix with gene expression by samples in TPM units","GPL16791","Zhengyan,,Kan","Computational Biology, Oncology Research & Development","Pfizer","10770 Science Center Drive","San Diego","CA","92121","USA","0","Illumina HiSeq 2500","cDNA","transcriptomic","RNA-Seq","BioSample: https://www.ncbi.nlm.nih.gov/biosample/SAMN10593133","NONE","50.93055556","No","0","999","999","Invasive ductal carcinoma","10.27274815","0.041909185","0","0.683518145","0.016647865","36.8007038","0","0","0","Negative","Female","0","1","0","Negative","3","40-50%","2","3","0.7","0","1","Premenopausal","1","47","AC+T","3","1","0","0","0","Negative","19.36229341","1","TN","TN","ER+","Basal","0","2","2300","95.6340956340956","T2","24050000","cT2N3M0","8","2.953852802","0.317290832","0.317290832","0.7","2.3"
"GSM3513980","OB_15_0139_3","GSM3513980","Public on Oct 12 2020","Dec 14 2018","Oct 12 2020","SRA","1","Primary Tumor","Homo sapiens","gender: Female","age: 50.93055556","menopausal_status: Premenopausal","bc_family_history: No","brca1_status: 999","brca2_status: 999","cell_type_diagnosis: Invasive ductal carcinoma","er_status_diagnosis: 0","er_score_diagnosis: 0","pr_status_diagnosis: 0","pr_score_diagnosis: 0","her2_status_diagnosis: 0","her2_score_diagnosis: 0","ki67_status_diagnosis: 2","ki67_diagnosis: 40-50%","tnm_stage_clinical: cT2N3M0","nac_drug: AC+T","er_status_surgery: Negative","er_score_surgery: 0","pr_status_surgery: Negative","pr_score_surgery: 0","her2_status_surgery: Negative","her2_score_surgery: 1","ki67_status_surgery: 3","ki67_surgery: 0.7","histological_grade: 3","nuclear_grade: 3","lymphovascular_invasion: 1","bilaterality: 0","multiplicity: 1","surgery_type: 0","surgical_site: 2","tumor_size: 2.3","regional_lymph_nodes: 1","tnm_stage_pathologic: 8","pcr_status: 1","proliferative_index: 8.05845931","cyt_score: 64.2475377","subtype_pam50: Normal","subtype_nmc: TN","subtype_ihc: TN","tumor_purity_pathology: 0.75","cin_score: 27.34529725","tumor_purity_facets: 0.819270329","tumor_purity_consensus: 0.819270329","tumor_ploidy: 3.873084631","cnv_burden_del: 2.13E-05","cnv_burden_hemizygote: 0.008575785","loh_burden_burden: 0.024216248","cnv_burden_gain: 0.328566299","cnv_burden_amp: 0.243112707","til_count: 1805","tissue_area: 40122300","til_density: 44.9874508689681","time: T3","subtype_consensus: TN","mut_load: 91","total RNA","For RNA-Seq, sequencing libraries were prepared using TruSeq RNA Sample Preparation kit v2 (RS-122-2001 and RS-122-2002, Illumina). Sequencing of the RNA libraries was performed on an Illumina HiSeq2500 in 100-bp paired-end mode of the TruSeq Rapid PE Cluster kit and the TruSeq Rapid SBS kit.","9606","RNA-Seq data was analyzed using the RSEM42 pipeline with hg19 as the genome reference","Genome_build: hg19","Supplementary_files_format_and_content: expression matrix with gene expression by samples in TPM units","GPL16791","Zhengyan,,Kan","Computational Biology, Oncology Research & Development","Pfizer","10770 Science Center Drive","San Diego","CA","92121","USA","0","Illumina HiSeq 2500","cDNA","transcriptomic","RNA-Seq","BioSample: https://www.ncbi.nlm.nih.gov/biosample/SAMN10593184","NONE","50.93055556","No","0","999","999","Invasive ductal carcinoma","27.34529725","0.243112707","2.13E-05","0.328566299","0.008575785","64.2475377","0","0","0","Negative","Female","0","1","0","Negative","3","40-50%","2","3","0.7","0.024216248","1","Premenopausal","1","91","AC+T","3","1","0","0","0","Negative","8.05845931","1","TN","TN","TN","Normal","0","2","1805","44.9874508689681","T3","40122300","cT2N3M0","8","3.873084631","0.819270329","0.819270329","0.75","2.3"
"GSM3513981","OB_15_0157_1","GSM3513981","Public on Oct 12 2020","Dec 14 2018","Oct 12 2020","SRA","1","Primary Tumor","Homo sapiens","gender: Female","age: 39.69166667","menopausal_status: Premenopausal","bc_family_history: No","brca1_status: Not Detected","brca2_status: Not Detected","cell_type_diagnosis: Invasive ductal carcinoma","er_status_diagnosis: 0","er_score_diagnosis: 0","pr_status_diagnosis: 1","pr_score_diagnosis: 4","her2_status_diagnosis: 0","her2_score_diagnosis: 0","ki67_status_diagnosis: 4","ki67_diagnosis: 0.8","tnm_stage_clinical: cT2N2M0","nac_drug: AC+T","er_status_surgery: Negative","er_score_surgery: 0","pr_status_surgery: Positive","pr_score_surgery: 4","her2_status_surgery: Negative","her2_score_surgery: 0","ki67_status_surgery: 4","ki67_surgery: 0.8","histological_grade: 3","nuclear_grade: 3","lymphovascular_invasion: 0","bilaterality: 0","multiplicity: 0","surgery_type: 1","surgical_site: 1","tumor_size: 2.1","regional_lymph_nodes: 0","tnm_stage_pathologic: 7","pcr_status: 1","proliferative_index: 27.26652993","cyt_score: 10.65519592","subtype_pam50: Basal","subtype_nmc: TN","subtype_ihc: ER+","tumor_purity_pathology: 0.7","cin_score: 24.96749503","tumor_purity_facets: 0.384559081","tumor_purity_consensus: 0.384559081","tumor_ploidy: 3.448244312","cnv_burden_del: 0.000940933","cnv_burden_hemizygote: 0.015679326","loh_burden_burden: 0.085049748","cnv_burden_gain: 0.293279616","cnv_burden_amp: 0.321132452","til_count: 10927","tissue_area: 81847400","til_density: 133.504546265367","time: T1","subtype_consensus: TN","mut_load: 26","total RNA","For RNA-Seq, sequencing libraries were prepared using TruSeq RNA Sample Preparation kit v2 (RS-122-2001 and RS-122-2002, Illumina). Sequencing of the RNA libraries was performed on an Illumina HiSeq2500 in 100-bp paired-end mode of the TruSeq Rapid PE Cluster kit and the TruSeq Rapid SBS kit.","9606","RNA-Seq data was analyzed using the RSEM42 pipeline with hg19 as the genome reference","Genome_build: hg19","Supplementary_files_format_and_content: expression matrix with gene expression by samples in TPM units","GPL16791","Zhengyan,,Kan","Computational Biology, Oncology Research & Development","Pfizer","10770 Science Center Drive","San Diego","CA","92121","USA","0","Illumina HiSeq 2500","cDNA","transcriptomic","RNA-Seq","BioSample: https://www.ncbi.nlm.nih.gov/biosample/SAMN10593183","NONE","39.69166667","No","0","Not Detected","Not Detected","Invasive ductal carcinoma","24.96749503","0.321132452","0.000940933","0.293279616","0.015679326","10.65519592","0","0","0","Negative","Female","0","0","0","Negative","3","0.8","4","4","0.8","0.085049748","0","Premenopausal","0","26","AC+T","3","1","4","4","1","Positive","27.26652993","0","TN","ER+","TN","Basal","1","1","10927","133.504546265367","T1","81847400","cT2N2M0","7","3.448244312","0.384559081","0.384559081","0.7","2.1"
"GSM3513982","OB_15_0157_3","GSM3513982","Public on Oct 12 2020","Dec 14 2018","Oct 12 2020","SRA","1","Primary Tumor","Homo sapiens","gender: Female","age: 39.69166667","menopausal_status: Premenopausal","bc_family_history: No","brca1_status: Not Detected","brca2_status: Not Detected","cell_type_diagnosis: Invasive ductal carcinoma","er_status_diagnosis: 0","er_score_diagnosis: 0","pr_status_diagnosis: 1","pr_score_diagnosis: 4","her2_status_diagnosis: 0","her2_score_diagnosis: 0","ki67_status_diagnosis: 4","ki67_diagnosis: 0.8","tnm_stage_clinical: cT2N2M0","nac_drug: AC+T","er_status_surgery: Negative","er_score_surgery: 0","pr_status_surgery: Positive","pr_score_surgery: 4","her2_status_surgery: Negative","her2_score_surgery: 0","ki67_status_surgery: 4","ki67_surgery: 0.8","histological_grade: 3","nuclear_grade: 3","lymphovascular_invasion: 0","bilaterality: 0","multiplicity: 0","surgery_type: 1","surgical_site: 1","tumor_size: 2.1","regional_lymph_nodes: 0","tnm_stage_pathologic: 7","pcr_status: 1","proliferative_index: 33.33039167","cyt_score: 4.496776623","subtype_pam50: Basal","subtype_nmc: TN","subtype_ihc: ER+","tumor_purity_pathology: 0.7","cin_score: 29.25677939","tumor_purity_facets: 0.536085796","tumor_purity_consensus: 0.536085796","tumor_ploidy: 3.479554401","cnv_burden_del: 0.000662282","cnv_burden_hemizygote: 0.022393572","loh_burden_burden: 0.096548454","cnv_burden_gain: 0.233985573","cnv_burden_amp: 0.251080263","til_count: 7837","tissue_area: 164900992","til_density: 47.5254872936119","time: T3","subtype_consensus: TN","mut_load: 32","total RNA","For RNA-Seq, sequencing libraries were prepared using TruSeq RNA Sample Preparation kit v2 (RS-122-2001 and RS-122-2002, Illumina). Sequencing of the RNA libraries was performed on an Illumina HiSeq2500 in 100-bp paired-end mode of the TruSeq Rapid PE Cluster kit and the TruSeq Rapid SBS kit.","9606","RNA-Seq data was analyzed using the RSEM42 pipeline with hg19 as the genome reference","Genome_build: hg19","Supplementary_files_format_and_content: expression matrix with gene expression by samples in TPM units","GPL16791","Zhengyan,,Kan","Computational Biology, Oncology Research & Development","Pfizer","10770 Science Center Drive","San Diego","CA","92121","USA","0","Illumina HiSeq 2500","cDNA","transcriptomic","RNA-Seq","BioSample: https://www.ncbi.nlm.nih.gov/biosample/SAMN10593182","NONE","39.69166667","No","0","Not Detected","Not Detected","Invasive ductal carcinoma","29.25677939","0.251080263","0.000662282","0.233985573","0.022393572","4.496776623","0","0","0","Negative","Female","0","0","0","Negative","3","0.8","4","4","0.8","0.096548454","0","Premenopausal","0","32","AC+T","3","1","4","4","1","Positive","33.33039167","0","TN","ER+","TN","Basal","1","1","7837","47.5254872936119","T3","164900992","cT2N2M0","7","3.479554401","0.536085796","0.536085796","0.7","2.1"
"GSM3513983","OB_15_0181_1","GSM3513983","Public on Oct 12 2020","Dec 14 2018","Oct 12 2020","SRA","1","Primary Tumor","Homo sapiens","gender: Female","age: 40.98611111","menopausal_status: Premenopausal","bc_family_history: No","brca1_status: 999","brca2_status: 999","cell_type_diagnosis: Invasive ductal carcinoma","er_status_diagnosis: 1","er_score_diagnosis: 4","pr_status_diagnosis: 0","pr_score_diagnosis: 0","her2_status_diagnosis: 1","her2_score_diagnosis: 3","ki67_status_diagnosis: 1","ki67_diagnosis: <5%","tnm_stage_clinical: cT2N2M0","nac_drug: AC+T+Trastuzumab","er_status_surgery: Positive","er_score_surgery: 4","pr_status_surgery: Negative","pr_score_surgery: 0","her2_status_surgery: Positive","her2_score_surgery: 3","ki67_status_surgery: 1","ki67_surgery: <5%","histological_grade: 3","nuclear_grade: 3","lymphovascular_invasion: 0","bilaterality: 0","multiplicity: 0","surgery_type: 0","surgical_site: 2","tumor_size: 5(Tis)","regional_lymph_nodes: 0","tnm_stage_pathologic: 1","pcr_status: 0","proliferative_index: 15.25660834","cyt_score: 4.767462638","subtype_pam50: LumA","subtype_nmc: ER+HER2+","subtype_ihc: ER+HER2+","tumor_purity_pathology: 0.75","cin_score: 23.83548903","tumor_purity_facets: 0.4107295","tumor_purity_consensus: 0.4107295","tumor_ploidy: 2.889163405","cnv_burden_del: 0.0170322","cnv_burden_hemizygote: 0.025357961","loh_burden_burden: 0.000819295","cnv_burden_gain: 0.267456169","cnv_burden_amp: 0.400425554","til_count: 1486","tissue_area: 17413200","til_density: 85.337560011945","time: T1","subtype_consensus: ER+HER2+","mut_load: 14","total RNA","For RNA-Seq, sequencing libraries were prepared using TruSeq RNA Sample Preparation kit v2 (RS-122-2001 and RS-122-2002, Illumina). Sequencing of the RNA libraries was performed on an Illumina HiSeq2500 in 100-bp paired-end mode of the TruSeq Rapid PE Cluster kit and the TruSeq Rapid SBS kit.","9606","RNA-Seq data was analyzed using the RSEM42 pipeline with hg19 as the genome reference","Genome_build: hg19","Supplementary_files_format_and_content: expression matrix with gene expression by samples in TPM units","GPL16791","Zhengyan,,Kan","Computational Biology, Oncology Research & Development","Pfizer","10770 Science Center Drive","San Diego","CA","92121","USA","0","Illumina HiSeq 2500","cDNA","transcriptomic","RNA-Seq","BioSample: https://www.ncbi.nlm.nih.gov/biosample/SAMN10593181","NONE","40.98611111","No","0","999","999","Invasive ductal carcinoma","23.83548903","0.400425554","0.0170322","0.267456169","0.025357961","4.767462638","4","4","1","Positive","Female","3","3","1","Positive","3","<5%","1","1","<5%","0.000819295","0","Premenopausal","0","14","AC+T+Trastuzumab","3","0","0","0","0","Negative","15.25660834","0","ER+HER2+","ER+HER2+","ER+HER2+","LumA","0","2","1486","85.337560011945","T1","17413200","cT2N2M0","1","2.889163405","0.4107295","0.4107295","0.75","5(Tis)"
"GSM3513984","OB_15_0190_1","GSM3513984","Public on Oct 12 2020","Dec 14 2018","Oct 12 2020","SRA","1","Primary Tumor","Homo sapiens","gender: Female","age: 44.45833333","menopausal_status: Premenopausal","bc_family_history: Yes","brca1_status: Not Detected","brca2_status: Not Detected","cell_type_diagnosis: Invasive ductal carcinoma","er_status_diagnosis: 0","er_score_diagnosis: 0","pr_status_diagnosis: 0","pr_score_diagnosis: 0","her2_status_diagnosis: 0","her2_score_diagnosis: 0","ki67_status_diagnosis: 999","ki67_diagnosis: 0.9","tnm_stage_clinical: cT2N0-1M0","nac_drug: AC+T","er_status_surgery: Negative","er_score_surgery: 0","pr_status_surgery: Negative","pr_score_surgery: 0","her2_status_surgery: Negative","her2_score_surgery: 0","ki67_status_surgery: 4","ki67_surgery: 80-90%","histological_grade: 3","nuclear_grade: 3","lymphovascular_invasion: 0","bilaterality: 0","multiplicity: 0","surgery_type: 1","surgical_site: 2","tumor_size: 1.6","regional_lymph_nodes: 0","tnm_stage_pathologic: 2","pcr_status: 1","proliferative_index: 49.04596048","cyt_score: 2.799446374","subtype_pam50: Basal","subtype_nmc: TN","subtype_ihc: TN","tumor_purity_pathology: 0.7","cin_score: 25.44990907","tumor_purity_facets: 0.757065275","tumor_purity_consensus: 0.757065275","tumor_ploidy: 3.643619657","cnv_burden_del: 0","cnv_burden_hemizygote: 3.10E-05","loh_burden_burden: 0.26384383","cnv_burden_gain: 0.153209952","cnv_burden_amp: 0.432616693","til_count: 668","tissue_area: 18420500","til_density: 36.263945061209","time: T1","subtype_consensus: TN","mut_load: 87","total RNA","For RNA-Seq, sequencing libraries were prepared using TruSeq RNA Sample Preparation kit v2 (RS-122-2001 and RS-122-2002, Illumina). Sequencing of the RNA libraries was performed on an Illumina HiSeq2500 in 100-bp paired-end mode of the TruSeq Rapid PE Cluster kit and the TruSeq Rapid SBS kit.","9606","RNA-Seq data was analyzed using the RSEM42 pipeline with hg19 as the genome reference","Genome_build: hg19","Supplementary_files_format_and_content: expression matrix with gene expression by samples in TPM units","GPL16791","Zhengyan,,Kan","Computational Biology, Oncology Research & Development","Pfizer","10770 Science Center Drive","San Diego","CA","92121","USA","0","Illumina HiSeq 2500","cDNA","transcriptomic","RNA-Seq","BioSample: https://www.ncbi.nlm.nih.gov/biosample/SAMN10593180","NONE","44.45833333","Yes","0","Not Detected","Not Detected","Invasive ductal carcinoma","25.44990907","0.432616693","0","0.153209952","3.10E-05","2.799446374","0","0","0","Negative","Female","0","0","0","Negative","3","0.9","999","4","80-90%","0.26384383","0","Premenopausal","0","87","AC+T","3","1","0","0","0","Negative","49.04596048","0","TN","TN","TN","Basal","1","2","668","36.263945061209","T1","18420500","cT2N0-1M0","2","3.643619657","0.757065275","0.757065275","0.7","1.6"
"GSM3513985","OB_15_0190_2","GSM3513985","Public on Oct 12 2020","Dec 14 2018","Oct 12 2020","SRA","1","Primary Tumor","Homo sapiens","gender: Female","age: 44.45833333","menopausal_status: Premenopausal","bc_family_history: Yes","brca1_status: Not Detected","brca2_status: Not Detected","cell_type_diagnosis: Invasive ductal carcinoma","er_status_diagnosis: 0","er_score_diagnosis: 0","pr_status_diagnosis: 0","pr_score_diagnosis: 0","her2_status_diagnosis: 0","her2_score_diagnosis: 0","ki67_status_diagnosis: 999","ki67_diagnosis: 0.9","tnm_stage_clinical: cT2N0-1M0","nac_drug: AC+T","er_status_surgery: Negative","er_score_surgery: 0","pr_status_surgery: Negative","pr_score_surgery: 0","her2_status_surgery: Negative","her2_score_surgery: 0","ki67_status_surgery: 4","ki67_surgery: 80-90%","histological_grade: 3","nuclear_grade: 3","lymphovascular_invasion: 0","bilaterality: 0","multiplicity: 0","surgery_type: 1","surgical_site: 2","tumor_size: 1.6","regional_lymph_nodes: 0","tnm_stage_pathologic: 2","pcr_status: 1","proliferative_index: 8.578176302","cyt_score: 42.57502789","subtype_pam50: Normal","subtype_nmc: TN","subtype_ihc: TN","tumor_purity_pathology: 0.6","cin_score: 10.50438484","tumor_purity_facets: 0.287865554","tumor_purity_consensus: 0.287865554","tumor_ploidy: 1.588572532","cnv_burden_del: 0.018526797","cnv_burden_hemizygote: 0.276897001","loh_burden_burden: 0","cnv_burden_gain: 0.012341889","cnv_burden_amp: 0","til_count: 898","tissue_area: 19551700","til_density: 45.9295099658853","time: T2","subtype_consensus: TN","mut_load: 3","total RNA","For RNA-Seq, sequencing libraries were prepared using TruSeq RNA Sample Preparation kit v2 (RS-122-2001 and RS-122-2002, Illumina). Sequencing of the RNA libraries was performed on an Illumina HiSeq2500 in 100-bp paired-end mode of the TruSeq Rapid PE Cluster kit and the TruSeq Rapid SBS kit.","9606","RNA-Seq data was analyzed using the RSEM42 pipeline with hg19 as the genome reference","Genome_build: hg19","Supplementary_files_format_and_content: expression matrix with gene expression by samples in TPM units","GPL16791","Zhengyan,,Kan","Computational Biology, Oncology Research & Development","Pfizer","10770 Science Center Drive","San Diego","CA","92121","USA","0","Illumina HiSeq 2500","cDNA","transcriptomic","RNA-Seq","BioSample: https://www.ncbi.nlm.nih.gov/biosample/SAMN10593179","NONE","44.45833333","Yes","0","Not Detected","Not Detected","Invasive ductal carcinoma","10.50438484","0","0.018526797","0.012341889","0.276897001","42.57502789","0","0","0","Negative","Female","0","0","0","Negative","3","0.9","999","4","80-90%","0","0","Premenopausal","0","3","AC+T","3","1","0","0","0","Negative","8.578176302","0","TN","TN","TN","Normal","1","2","898","45.9295099658853","T2","19551700","cT2N0-1M0","2","1.588572532","0.287865554","0.287865554","0.6","1.6"
"GSM3513986","OB_15_0190_3","GSM3513986","Public on Oct 12 2020","Dec 14 2018","Oct 12 2020","SRA","1","Primary Tumor","Homo sapiens","gender: Female","age: 44.45833333","menopausal_status: Premenopausal","bc_family_history: Yes","brca1_status: Not Detected","brca2_status: Not Detected","cell_type_diagnosis: Invasive ductal carcinoma","er_status_diagnosis: 0","er_score_diagnosis: 0","pr_status_diagnosis: 0","pr_score_diagnosis: 0","her2_status_diagnosis: 0","her2_score_diagnosis: 0","ki67_status_diagnosis: 999","ki67_diagnosis: 0.9","tnm_stage_clinical: cT2N0-1M0","nac_drug: AC+T","er_status_surgery: Negative","er_score_surgery: 0","pr_status_surgery: Negative","pr_score_surgery: 0","her2_status_surgery: Negative","her2_score_surgery: 0","ki67_status_surgery: 4","ki67_surgery: 80-90%","histological_grade: 3","nuclear_grade: 3","lymphovascular_invasion: 0","bilaterality: 0","multiplicity: 0","surgery_type: 1","surgical_site: 2","tumor_size: 1.6","regional_lymph_nodes: 0","tnm_stage_pathologic: 2","pcr_status: 1","proliferative_index: 40.31577906","cyt_score: 1.523712571","subtype_pam50: Basal","subtype_nmc: TN","subtype_ihc: TN","tumor_purity_pathology: 0.8","cin_score: 39.33175159","tumor_purity_facets: 0.782005098","tumor_purity_consensus: 0.782005098","tumor_ploidy: 4.096170329","cnv_burden_del: 0.000297648","cnv_burden_hemizygote: 0.0035187","loh_burden_burden: 0.129420712","cnv_burden_gain: 0.116281853","cnv_burden_amp: 0.338499196","til_count: 3674","tissue_area: 66850700","til_density: 54.9582876469506","time: T3","subtype_consensus: TN","mut_load: 80","total RNA","For RNA-Seq, sequencing libraries were prepared using TruSeq RNA Sample Preparation kit v2 (RS-122-2001 and RS-122-2002, Illumina). Sequencing of the RNA libraries was performed on an Illumina HiSeq2500 in 100-bp paired-end mode of the TruSeq Rapid PE Cluster kit and the TruSeq Rapid SBS kit.","9606","RNA-Seq data was analyzed using the RSEM42 pipeline with hg19 as the genome reference","Genome_build: hg19","Supplementary_files_format_and_content: expression matrix with gene expression by samples in TPM units","GPL16791","Zhengyan,,Kan","Computational Biology, Oncology Research & Development","Pfizer","10770 Science Center Drive","San Diego","CA","92121","USA","0","Illumina HiSeq 2500","cDNA","transcriptomic","RNA-Seq","BioSample: https://www.ncbi.nlm.nih.gov/biosample/SAMN10593178","NONE","44.45833333","Yes","0","Not Detected","Not Detected","Invasive ductal carcinoma","39.33175159","0.338499196","0.000297648","0.116281853","0.0035187","1.523712571","0","0","0","Negative","Female","0","0","0","Negative","3","0.9","999","4","80-90%","0.129420712","0","Premenopausal","0","80","AC+T","3","1","0","0","0","Negative","40.31577906","0","TN","TN","TN","Basal","1","2","3674","54.9582876469506","T3","66850700","cT2N0-1M0","2","4.096170329","0.782005098","0.782005098","0.8","1.6"
"GSM3513987","OB_15_0197_1","GSM3513987","Public on Oct 12 2020","Dec 14 2018","Oct 12 2020","SRA","1","Primary Tumor","Homo sapiens","gender: Female","age: 35.73333333","menopausal_status: Premenopausal","bc_family_history: No","brca1_status: 999","brca2_status: 999","cell_type_diagnosis: Invasive ductal carcinoma","er_status_diagnosis: 1","er_score_diagnosis: 8","pr_status_diagnosis: 1","pr_score_diagnosis: 7","her2_status_diagnosis: 7","her2_score_diagnosis: 2","ki67_status_diagnosis: 2","ki67_diagnosis: 20-30%","tnm_stage_clinical: 999","nac_drug: AC+T","er_status_surgery: Positive","er_score_surgery: 8","pr_status_surgery: Positive","pr_score_surgery: 7","her2_status_surgery: Positive","her2_score_surgery: 2","ki67_status_surgery: 1","ki67_surgery: 10-20%","histological_grade: 2","nuclear_grade: 3","lymphovascular_invasion: 0","bilaterality: 0","multiplicity: 0","surgery_type: 1","surgical_site: 1","tumor_size: 4","regional_lymph_nodes: 3","tnm_stage_pathologic: 8","pcr_status: 1","proliferative_index: 18.86199348","cyt_score: 9.191844211","subtype_pam50: LumB","subtype_nmc: ER+","subtype_ihc: ER+","tumor_purity_pathology: 0.8","cin_score: 20.89780075","tumor_purity_facets: 0.447501693","tumor_purity_consensus: 0.447501693","tumor_ploidy: 3.365877891","cnv_burden_del: 0.00511945","cnv_burden_hemizygote: 0.018487138","loh_burden_burden: 0.026627321","cnv_burden_gain: 0.19292439","cnv_burden_amp: 0.599657806","til_count: 16674","tissue_area: 79367200","til_density: 210.086786481065","time: T1","subtype_consensus: ER+","mut_load: 28","total RNA","For RNA-Seq, sequencing libraries were prepared using TruSeq RNA Sample Preparation kit v2 (RS-122-2001 and RS-122-2002, Illumina). Sequencing of the RNA libraries was performed on an Illumina HiSeq2500 in 100-bp paired-end mode of the TruSeq Rapid PE Cluster kit and the TruSeq Rapid SBS kit.","9606","RNA-Seq data was analyzed using the RSEM42 pipeline with hg19 as the genome reference","Genome_build: hg19","Supplementary_files_format_and_content: expression matrix with gene expression by samples in TPM units","GPL16791","Zhengyan,,Kan","Computational Biology, Oncology Research & Development","Pfizer","10770 Science Center Drive","San Diego","CA","92121","USA","0","Illumina HiSeq 2500","cDNA","transcriptomic","RNA-Seq","BioSample: https://www.ncbi.nlm.nih.gov/biosample/SAMN10593177","NONE","35.73333333","No","0","999","999","Invasive ductal carcinoma","20.89780075","0.599657806","0.00511945","0.19292439","0.018487138","9.191844211","8","8","1","Positive","Female","2","2","7","Positive","2","20-30%","2","1","10-20%","0.026627321","0","Premenopausal","0","28","AC+T","3","1","7","7","1","Positive","18.86199348","3","ER+","ER+","ER+","LumB","1","1","16674","210.086786481065","T1","79367200","999","8","3.365877891","0.447501693","0.447501693","0.8","4"
"GSM3513988","OB_15_0197_2","GSM3513988","Public on Oct 12 2020","Dec 14 2018","Oct 12 2020","SRA","1","Primary Tumor","Homo sapiens","gender: Female","age: 35.73333333","menopausal_status: Premenopausal","bc_family_history: No","brca1_status: 999","brca2_status: 999","cell_type_diagnosis: Invasive ductal carcinoma","er_status_diagnosis: 1","er_score_diagnosis: 8","pr_status_diagnosis: 1","pr_score_diagnosis: 7","her2_status_diagnosis: 7","her2_score_diagnosis: 2","ki67_status_diagnosis: 2","ki67_diagnosis: 20-30%","tnm_stage_clinical: 999","nac_drug: AC+T","er_status_surgery: Positive","er_score_surgery: 8","pr_status_surgery: Positive","pr_score_surgery: 7","her2_status_surgery: Positive","her2_score_surgery: 2","ki67_status_surgery: 1","ki67_surgery: 10-20%","histological_grade: 2","nuclear_grade: 3","lymphovascular_invasion: 0","bilaterality: 0","multiplicity: 0","surgery_type: 1","surgical_site: 1","tumor_size: 4","regional_lymph_nodes: 3","tnm_stage_pathologic: 8","pcr_status: 1","proliferative_index: 11.28606898","cyt_score: 14.26245421","subtype_pam50: LumA","subtype_nmc: ER+","subtype_ihc: ER+","tumor_purity_pathology: 0.7","cin_score: 20.37219629","tumor_purity_facets: 0.291435374","tumor_purity_consensus: 0.291435374","tumor_ploidy: 1.390059925","cnv_burden_del: 0.120909128","cnv_burden_hemizygote: 0.159941265","loh_burden_burden: 0","cnv_burden_gain: 0.200579339","cnv_burden_amp: 0","til_count: 3464","tissue_area: 23974100","til_density: 144.48926132785","time: T2","subtype_consensus: ER+","mut_load: 2","total RNA","For RNA-Seq, sequencing libraries were prepared using TruSeq RNA Sample Preparation kit v2 (RS-122-2001 and RS-122-2002, Illumina). Sequencing of the RNA libraries was performed on an Illumina HiSeq2500 in 100-bp paired-end mode of the TruSeq Rapid PE Cluster kit and the TruSeq Rapid SBS kit.","9606","RNA-Seq data was analyzed using the RSEM42 pipeline with hg19 as the genome reference","Genome_build: hg19","Supplementary_files_format_and_content: expression matrix with gene expression by samples in TPM units","GPL16791","Zhengyan,,Kan","Computational Biology, Oncology Research & Development","Pfizer","10770 Science Center Drive","San Diego","CA","92121","USA","0","Illumina HiSeq 2500","cDNA","transcriptomic","RNA-Seq","BioSample: https://www.ncbi.nlm.nih.gov/biosample/SAMN10593176","NONE","35.73333333","No","0","999","999","Invasive ductal carcinoma","20.37219629","0","0.120909128","0.200579339","0.159941265","14.26245421","8","8","1","Positive","Female","2","2","7","Positive","2","20-30%","2","1","10-20%","0","0","Premenopausal","0","2","AC+T","3","1","7","7","1","Positive","11.28606898","3","ER+","ER+","ER+","LumA","1","1","3464","144.48926132785","T2","23974100","999","8","1.390059925","0.291435374","0.291435374","0.7","4"
"GSM3513989","OB_15_0201_1","GSM3513989","Public on Oct 12 2020","Dec 14 2018","Oct 12 2020","SRA","1","Primary Tumor","Homo sapiens","gender: Female","age: 36.33333333","menopausal_status: Premenopausal","bc_family_history: No","brca1_status: Not Detected","brca2_status: Not Detected","cell_type_diagnosis: Invasive ductal carcinoma","er_status_diagnosis: 0","er_score_diagnosis: 0","pr_status_diagnosis: 0","pr_score_diagnosis: 0","her2_status_diagnosis: 1","her2_score_diagnosis: 3","ki67_status_diagnosis: 4","ki67_diagnosis: 0.8","tnm_stage_clinical: cT3N1M0","nac_drug: AC+T+Trastuzumab","er_status_surgery: Negative","er_score_surgery: 0","pr_status_surgery: Negative","pr_score_surgery: 0","her2_status_surgery: Positive","her2_score_surgery: 3","ki67_status_surgery: 2","ki67_surgery: 40-50%","histological_grade: 2","nuclear_grade: 2","lymphovascular_invasion: 0","bilaterality: 0","multiplicity: 0","surgery_type: 1","surgical_site: 2","tumor_size: 150x50<U+339B>","regional_lymph_nodes: 0","tnm_stage_pathologic: 2","pcr_status: 1","proliferative_index: 25.44502952","cyt_score: 58.36954685","subtype_pam50: Her2","subtype_nmc: HER2+","subtype_ihc: HER2+","tumor_purity_pathology: 0.5","cin_score: 17.00511191","tumor_purity_facets: 0.289674799","tumor_purity_consensus: 0.289674799","tumor_ploidy: 1.622668198","cnv_burden_del: 0.044898464","cnv_burden_hemizygote: 0.22813762","loh_burden_burden: 0","cnv_burden_gain: 0.226465115","cnv_burden_amp: 0.000782502","til_count: 39191","tissue_area: 109100000","til_density: 359.220898258478","time: T1","subtype_consensus: HER2+","mut_load: 6","total RNA","For RNA-Seq, sequencing libraries were prepared using TruSeq RNA Sample Preparation kit v2 (RS-122-2001 and RS-122-2002, Illumina). Sequencing of the RNA libraries was performed on an Illumina HiSeq2500 in 100-bp paired-end mode of the TruSeq Rapid PE Cluster kit and the TruSeq Rapid SBS kit.","9606","RNA-Seq data was analyzed using the RSEM42 pipeline with hg19 as the genome reference","Genome_build: hg19","Supplementary_files_format_and_content: expression matrix with gene expression by samples in TPM units","GPL16791","Zhengyan,,Kan","Computational Biology, Oncology Research & Development","Pfizer","10770 Science Center Drive","San Diego","CA","92121","USA","0","Illumina HiSeq 2500","cDNA","transcriptomic","RNA-Seq","BioSample: https://www.ncbi.nlm.nih.gov/biosample/SAMN10593175","NONE","36.33333333","No","0","Not Detected","Not Detected","Invasive ductal carcinoma","17.00511191","0.000782502","0.044898464","0.226465115","0.22813762","58.36954685","0","0","0","Negative","Female","3","3","1","Positive","2","0.8","4","2","40-50%","0","0","Premenopausal","0","6","AC+T+Trastuzumab","2","1","0","0","0","Negative","25.44502952","0","HER2+","HER2+","HER2+","Her2","1","2","39191","359.220898258478","T1","109100000","cT3N1M0","2","1.622668198","0.289674799","0.289674799","0.5","150x50<U+339B>"
"GSM3513990","OB_15_0201_3","GSM3513990","Public on Oct 12 2020","Dec 14 2018","Oct 12 2020","SRA","1","Primary Tumor","Homo sapiens","gender: Female","age: 36.33333333","menopausal_status: Premenopausal","bc_family_history: No","brca1_status: Not Detected","brca2_status: Not Detected","cell_type_diagnosis: Invasive ductal carcinoma","er_status_diagnosis: 0","er_score_diagnosis: 0","pr_status_diagnosis: 0","pr_score_diagnosis: 0","her2_status_diagnosis: 1","her2_score_diagnosis: 3","ki67_status_diagnosis: 4","ki67_diagnosis: 0.8","tnm_stage_clinical: cT3N1M0","nac_drug: AC+T+Trastuzumab","er_status_surgery: Negative","er_score_surgery: 0","pr_status_surgery: Negative","pr_score_surgery: 0","her2_status_surgery: Positive","her2_score_surgery: 3","ki67_status_surgery: 2","ki67_surgery: 40-50%","histological_grade: 2","nuclear_grade: 2","lymphovascular_invasion: 0","bilaterality: 0","multiplicity: 0","surgery_type: 1","surgical_site: 2","tumor_size: 150x50<U+339B>","regional_lymph_nodes: 0","tnm_stage_pathologic: 2","pcr_status: 1","proliferative_index: 29.29381555","cyt_score: 10.83337436","subtype_pam50: Her2","subtype_nmc: HER2+","subtype_ihc: HER2+","tumor_purity_pathology: 0.4","cin_score: 12.09557241","tumor_purity_facets: 0.312907053","tumor_purity_consensus: 0.312907053","tumor_ploidy: 1.710456891","cnv_burden_del: 0.073351274","cnv_burden_hemizygote: 0.154427182","loh_burden_burden: 0","cnv_burden_gain: 0.015287116","cnv_burden_amp: 0.014931001","til_count: 8986","tissue_area: 234026000","til_density: 38.3974430191517","time: T3","subtype_consensus: HER2+","mut_load: 40","total RNA","For RNA-Seq, sequencing libraries were prepared using TruSeq RNA Sample Preparation kit v2 (RS-122-2001 and RS-122-2002, Illumina). Sequencing of the RNA libraries was performed on an Illumina HiSeq2500 in 100-bp paired-end mode of the TruSeq Rapid PE Cluster kit and the TruSeq Rapid SBS kit.","9606","RNA-Seq data was analyzed using the RSEM42 pipeline with hg19 as the genome reference","Genome_build: hg19","Supplementary_files_format_and_content: expression matrix with gene expression by samples in TPM units","GPL16791","Zhengyan,,Kan","Computational Biology, Oncology Research & Development","Pfizer","10770 Science Center Drive","San Diego","CA","92121","USA","0","Illumina HiSeq 2500","cDNA","transcriptomic","RNA-Seq","BioSample: https://www.ncbi.nlm.nih.gov/biosample/SAMN10593174","NONE","36.33333333","No","0","Not Detected","Not Detected","Invasive ductal carcinoma","12.09557241","0.014931001","0.073351274","0.015287116","0.154427182","10.83337436","0","0","0","Negative","Female","3","3","1","Positive","2","0.8","4","2","40-50%","0","0","Premenopausal","0","40","AC+T+Trastuzumab","2","1","0","0","0","Negative","29.29381555","0","HER2+","HER2+","HER2+","Her2","1","2","8986","38.3974430191517","T3","234026000","cT3N1M0","2","1.710456891","0.312907053","0.312907053","0.4","150x50<U+339B>"
"GSM3513991","OB_15_0208_1","GSM3513991","Public on Oct 12 2020","Dec 14 2018","Oct 12 2020","SRA","1","Primary Tumor","Homo sapiens","gender: Female","age: 45.55277778","menopausal_status: Premenopausal","bc_family_history: No","brca1_status: 999","brca2_status: 999","cell_type_diagnosis: Invasive ductal carcinoma","er_status_diagnosis: 0","er_score_diagnosis: 0","pr_status_diagnosis: 0","pr_score_diagnosis: 0","her2_status_diagnosis: 0","her2_score_diagnosis: 0","ki67_status_diagnosis: 3","ki67_diagnosis: 50-60%","tnm_stage_clinical: cT2N3M0","nac_drug: AC+T","er_status_surgery: Negative","er_score_surgery: 0","pr_status_surgery: Negative","pr_score_surgery: 0","her2_status_surgery: Negative","her2_score_surgery: 0","ki67_status_surgery: 1","ki67_surgery: 10-20%","histological_grade: 2","nuclear_grade: 3","lymphovascular_invasion: 0","bilaterality: 0","multiplicity: 0","surgery_type: 1","surgical_site: 1","tumor_size: 0.8","regional_lymph_nodes: 0","tnm_stage_pathologic: 2","pcr_status: 1","proliferative_index: 45.58286979","cyt_score: 14.00174632","subtype_pam50: Basal","subtype_nmc: TN","subtype_ihc: TN","tumor_purity_pathology: 0.75","cin_score: 14.81145946","tumor_purity_facets: 0.308974914","tumor_purity_consensus: 0.308974914","tumor_ploidy: 2.636029601","cnv_burden_del: 0.004104749","cnv_burden_hemizygote: 0.051476026","loh_burden_burden: 0.004239122","cnv_burden_gain: 0.602832124","cnv_burden_amp: 0.058542839","til_count: 1337","tissue_area: 48110200","til_density: 27.7903646212238","time: T1","subtype_consensus: TN","mut_load: 61","total RNA","For RNA-Seq, sequencing libraries were prepared using TruSeq RNA Sample Preparation kit v2 (RS-122-2001 and RS-122-2002, Illumina). Sequencing of the RNA libraries was performed on an Illumina HiSeq2500 in 100-bp paired-end mode of the TruSeq Rapid PE Cluster kit and the TruSeq Rapid SBS kit.","9606","RNA-Seq data was analyzed using the RSEM42 pipeline with hg19 as the genome reference","Genome_build: hg19","Supplementary_files_format_and_content: expression matrix with gene expression by samples in TPM units","GPL16791","Zhengyan,,Kan","Computational Biology, Oncology Research & Development","Pfizer","10770 Science Center Drive","San Diego","CA","92121","USA","0","Illumina HiSeq 2500","cDNA","transcriptomic","RNA-Seq","BioSample: https://www.ncbi.nlm.nih.gov/biosample/SAMN10593173","NONE","45.55277778","No","0","999","999","Invasive ductal carcinoma","14.81145946","0.058542839","0.004104749","0.602832124","0.051476026","14.00174632","0","0","0","Negative","Female","0","0","0","Negative","2","50-60%","3","1","10-20%","0.004239122","0","Premenopausal","0","61","AC+T","3","1","0","0","0","Negative","45.58286979","0","TN","TN","TN","Basal","1","1","1337","27.7903646212238","T1","48110200","cT2N3M0","2","2.636029601","0.308974914","0.308974914","0.75","0.8"
"GSM3513992","OB_15_0234_1","GSM3513992","Public on Oct 12 2020","Dec 14 2018","Oct 12 2020","SRA","1","Primary Tumor","Homo sapiens","gender: Female","age: 48.99444444","menopausal_status: Postmenopausal","bc_family_history: No","brca1_status: 999","brca2_status: 999","cell_type_diagnosis: Invasive ductal carcinoma","er_status_diagnosis: 0","er_score_diagnosis: 0","pr_status_diagnosis: 0","pr_score_diagnosis: 0","her2_status_diagnosis: 1","her2_score_diagnosis: 3","ki67_status_diagnosis: 2","ki67_diagnosis: 0.3","tnm_stage_clinical: cT2N3M0","nac_drug: AC+T+Trastuzumab","er_status_surgery: Positive","er_score_surgery: 8","pr_status_surgery: Negative","pr_score_surgery: 0","her2_status_surgery: Positive","her2_score_surgery: 3","ki67_status_surgery: 1","ki67_surgery: <10%","histological_grade: 1","nuclear_grade: 2","lymphovascular_invasion: 0","bilaterality: 0","multiplicity: 0","surgery_type: 0","surgical_site: 1","tumor_size: 0.5(Tis)","regional_lymph_nodes: 0","tnm_stage_pathologic: 1","pcr_status: 0","proliferative_index: 18.42304701","cyt_score: 1.430489427","subtype_pam50: Her2","subtype_nmc: HER2+","subtype_ihc: HER2+","tumor_purity_pathology: 0.6","cin_score: 19.30076409","tumor_purity_facets: 0.362296978","tumor_purity_consensus: 0.362296978","tumor_ploidy: 2.858406089","cnv_burden_del: 0.013905694","cnv_burden_hemizygote: 0.043510121","loh_burden_burden: 0.015003553","cnv_burden_gain: 0.436584099","cnv_burden_amp: 0.096557735","til_count: 259","tissue_area: 14289500","til_density: 18.1251968228419","time: T1","subtype_consensus: HER2+","mut_load: 37","total RNA","For RNA-Seq, sequencing libraries were prepared using TruSeq RNA Sample Preparation kit v2 (RS-122-2001 and RS-122-2002, Illumina). Sequencing of the RNA libraries was performed on an Illumina HiSeq2500 in 100-bp paired-end mode of the TruSeq Rapid PE Cluster kit and the TruSeq Rapid SBS kit.","9606","RNA-Seq data was analyzed using the RSEM42 pipeline with hg19 as the genome reference","Genome_build: hg19","Supplementary_files_format_and_content: expression matrix with gene expression by samples in TPM units","GPL16791","Zhengyan,,Kan","Computational Biology, Oncology Research & Development","Pfizer","10770 Science Center Drive","San Diego","CA","92121","USA","0","Illumina HiSeq 2500","cDNA","transcriptomic","RNA-Seq","BioSample: https://www.ncbi.nlm.nih.gov/biosample/SAMN10593172","NONE","48.99444444","No","0","999","999","Invasive ductal carcinoma","19.30076409","0.096557735","0.013905694","0.436584099","0.043510121","1.430489427","0","8","0","Positive","Female","3","3","1","Positive","1","0.3","2","1","<10%","0.015003553","0","Postmenopausal","0","37","AC+T+Trastuzumab","2","0","0","0","0","Negative","18.42304701","0","HER2+","HER2+","HER2+","Her2","0","1","259","18.1251968228419","T1","14289500","cT2N3M0","1","2.858406089","0.362296978","0.362296978","0.6","0.5(Tis)"
"GSM3513993","OB_15_0234_2","GSM3513993","Public on Oct 12 2020","Dec 14 2018","Oct 12 2020","SRA","1","Primary Tumor","Homo sapiens","gender: Female","age: 48.99444444","menopausal_status: Postmenopausal","bc_family_history: No","brca1_status: 999","brca2_status: 999","cell_type_diagnosis: Invasive ductal carcinoma","er_status_diagnosis: 0","er_score_diagnosis: 0","pr_status_diagnosis: 0","pr_score_diagnosis: 0","her2_status_diagnosis: 1","her2_score_diagnosis: 3","ki67_status_diagnosis: 2","ki67_diagnosis: 0.3","tnm_stage_clinical: cT2N3M0","nac_drug: AC+T+Trastuzumab","er_status_surgery: Positive","er_score_surgery: 8","pr_status_surgery: Negative","pr_score_surgery: 0","her2_status_surgery: Positive","her2_score_surgery: 3","ki67_status_surgery: 1","ki67_surgery: <10%","histological_grade: 1","nuclear_grade: 2","lymphovascular_invasion: 0","bilaterality: 0","multiplicity: 0","surgery_type: 0","surgical_site: 1","tumor_size: 0.5(Tis)","regional_lymph_nodes: 0","tnm_stage_pathologic: 1","pcr_status: 0","proliferative_index: 14.62883115","cyt_score: 14.86323653","subtype_pam50: Her2","subtype_nmc: HER2+","subtype_ihc: HER2+","tumor_purity_pathology: 0.6","cin_score: 16.9301586","tumor_purity_facets: 0.285417046","tumor_purity_consensus: 0.285417046","tumor_ploidy: 1.582463691","cnv_burden_del: 0.096447001","cnv_burden_hemizygote: 0.241066266","loh_burden_burden: 0.000284385","cnv_burden_gain: 0.25623341","cnv_burden_amp: 0.00033635","til_count: 2715","tissue_area: 19003900","til_density: 142.865411836518","time: T2","subtype_consensus: HER2+","mut_load: 3","total RNA","For RNA-Seq, sequencing libraries were prepared using TruSeq RNA Sample Preparation kit v2 (RS-122-2001 and RS-122-2002, Illumina). Sequencing of the RNA libraries was performed on an Illumina HiSeq2500 in 100-bp paired-end mode of the TruSeq Rapid PE Cluster kit and the TruSeq Rapid SBS kit.","9606","RNA-Seq data was analyzed using the RSEM42 pipeline with hg19 as the genome reference","Genome_build: hg19","Supplementary_files_format_and_content: expression matrix with gene expression by samples in TPM units","GPL16791","Zhengyan,,Kan","Computational Biology, Oncology Research & Development","Pfizer","10770 Science Center Drive","San Diego","CA","92121","USA","0","Illumina HiSeq 2500","cDNA","transcriptomic","RNA-Seq","BioSample: https://www.ncbi.nlm.nih.gov/biosample/SAMN10593171","NONE","48.99444444","No","0","999","999","Invasive ductal carcinoma","16.9301586","0.00033635","0.096447001","0.25623341","0.241066266","14.86323653","0","8","0","Positive","Female","3","3","1","Positive","1","0.3","2","1","<10%","0.000284385","0","Postmenopausal","0","3","AC+T+Trastuzumab","2","0","0","0","0","Negative","14.62883115","0","HER2+","HER2+","HER2+","Her2","0","1","2715","142.865411836518","T2","19003900","cT2N3M0","1","1.582463691","0.285417046","0.285417046","0.6","0.5(Tis)"
"GSM3513994","OB_15_0235_1","GSM3513994","Public on Oct 12 2020","Dec 14 2018","Oct 12 2020","SRA","1","Primary Tumor","Homo sapiens","gender: Female","age: 34.57222222","menopausal_status: Premenopausal","bc_family_history: No","brca1_status: 999","brca2_status: 999","cell_type_diagnosis: Invasive carcinoma with lobular feature","er_status_diagnosis: 1","er_score_diagnosis: 8","pr_status_diagnosis: 1","pr_score_diagnosis: 8","her2_status_diagnosis: 0","her2_score_diagnosis: 1","ki67_status_diagnosis: 1","ki67_diagnosis: <10%","tnm_stage_clinical: cT2N1-2M0","nac_drug: AC+T","er_status_surgery: Positive","er_score_surgery: 8","pr_status_surgery: Positive","pr_score_surgery: 7","her2_status_surgery: Negative","her2_score_surgery: 1","ki67_status_surgery: 1","ki67_surgery: <5%","histological_grade: 2","nuclear_grade: 2","lymphovascular_invasion: 0","bilaterality: 0","multiplicity: 0","surgery_type: 0","surgical_site: 2","tumor_size: 4.5","regional_lymph_nodes: 2","tnm_stage_pathologic: 8","pcr_status: 1","proliferative_index: 12.11049055","cyt_score: 0.885042372","subtype_pam50: LumA","subtype_nmc: NA","subtype_ihc: ER+","tumor_purity_pathology: 0.6","cin_score: NA","tumor_purity_facets: NA","tumor_purity_consensus: 0.6","tumor_ploidy: NA","cnv_burden_del: NA","cnv_burden_hemizygote: NA","loh_burden_burden: NA","cnv_burden_gain: NA","cnv_burden_amp: NA","til_count: 1699","tissue_area: 31045500","til_density: 54.7261277801936","time: T1","subtype_consensus: ER+","mut_load: NA","total RNA","For RNA-Seq, sequencing libraries were prepared using TruSeq RNA Sample Preparation kit v2 (RS-122-2001 and RS-122-2002, Illumina). Sequencing of the RNA libraries was performed on an Illumina HiSeq2500 in 100-bp paired-end mode of the TruSeq Rapid PE Cluster kit and the TruSeq Rapid SBS kit.","9606","RNA-Seq data was analyzed using the RSEM42 pipeline with hg19 as the genome reference","Genome_build: hg19","Supplementary_files_format_and_content: expression matrix with gene expression by samples in TPM units","GPL16791","Zhengyan,,Kan","Computational Biology, Oncology Research & Development","Pfizer","10770 Science Center Drive","San Diego","CA","92121","USA","0","Illumina HiSeq 2500","cDNA","transcriptomic","RNA-Seq","BioSample: https://www.ncbi.nlm.nih.gov/biosample/SAMN10593170","NONE","34.57222222","No","0","999","999","Invasive carcinoma with lobular feature","NA","NA","NA","NA","NA","0.885042372","8","8","1","Positive","Female","1","1","0","Negative","2","<10%","1","1","<5%","NA","0","Premenopausal","0","NA","AC+T","2","1","8","7","1","Positive","12.11049055","2","ER+","ER+","NA","LumA","0","2","1699","54.7261277801936","T1","31045500","cT2N1-2M0","8","NA","0.6","NA","0.6","4.5"
"GSM3513995","OB_15_0235_2","GSM3513995","Public on Oct 12 2020","Dec 14 2018","Oct 12 2020","SRA","1","Primary Tumor","Homo sapiens","gender: Female","age: 34.57222222","menopausal_status: Premenopausal","bc_family_history: No","brca1_status: 999","brca2_status: 999","cell_type_diagnosis: Invasive carcinoma with lobular feature","er_status_diagnosis: 1","er_score_diagnosis: 8","pr_status_diagnosis: 1","pr_score_diagnosis: 8","her2_status_diagnosis: 0","her2_score_diagnosis: 1","ki67_status_diagnosis: 1","ki67_diagnosis: <10%","tnm_stage_clinical: cT2N1-2M0","nac_drug: AC+T","er_status_surgery: Positive","er_score_surgery: 8","pr_status_surgery: Positive","pr_score_surgery: 7","her2_status_surgery: Negative","her2_score_surgery: 1","ki67_status_surgery: 1","ki67_surgery: <5%","histological_grade: 2","nuclear_grade: 2","lymphovascular_invasion: 0","bilaterality: 0","multiplicity: 0","surgery_type: 0","surgical_site: 2","tumor_size: 4.5","regional_lymph_nodes: 2","tnm_stage_pathologic: 8","pcr_status: 1","proliferative_index: 49.79794016","cyt_score: 2.48394847","subtype_pam50: LumB","subtype_nmc: NA","subtype_ihc: ER+","tumor_purity_pathology: 0.7","cin_score: NA","tumor_purity_facets: NA","tumor_purity_consensus: 0.7","tumor_ploidy: NA","cnv_burden_del: NA","cnv_burden_hemizygote: NA","loh_burden_burden: NA","cnv_burden_gain: NA","cnv_burden_amp: NA","til_count: 3188","tissue_area: 24880700","til_density: 128.131443247176","time: T2","subtype_consensus: ER+","mut_load: NA","total RNA","For RNA-Seq, sequencing libraries were prepared using TruSeq RNA Sample Preparation kit v2 (RS-122-2001 and RS-122-2002, Illumina). Sequencing of the RNA libraries was performed on an Illumina HiSeq2500 in 100-bp paired-end mode of the TruSeq Rapid PE Cluster kit and the TruSeq Rapid SBS kit.","9606","RNA-Seq data was analyzed using the RSEM42 pipeline with hg19 as the genome reference","Genome_build: hg19","Supplementary_files_format_and_content: expression matrix with gene expression by samples in TPM units","GPL16791","Zhengyan,,Kan","Computational Biology, Oncology Research & Development","Pfizer","10770 Science Center Drive","San Diego","CA","92121","USA","0","Illumina HiSeq 2500","cDNA","transcriptomic","RNA-Seq","BioSample: https://www.ncbi.nlm.nih.gov/biosample/SAMN10593169","NONE","34.57222222","No","0","999","999","Invasive carcinoma with lobular feature","NA","NA","NA","NA","NA","2.48394847","8","8","1","Positive","Female","1","1","0","Negative","2","<10%","1","1","<5%","NA","0","Premenopausal","0","NA","AC+T","2","1","8","7","1","Positive","49.79794016","2","ER+","ER+","NA","LumB","0","2","3188","128.131443247176","T2","24880700","cT2N1-2M0","8","NA","0.7","NA","0.7","4.5"
"GSM3513996","OB_15_0235_3","GSM3513996","Public on Oct 12 2020","Dec 14 2018","Oct 12 2020","SRA","1","Primary Tumor","Homo sapiens","gender: Female","age: 34.57222222","menopausal_status: Premenopausal","bc_family_history: No","brca1_status: 999","brca2_status: 999","cell_type_diagnosis: Invasive carcinoma with lobular feature","er_status_diagnosis: 1","er_score_diagnosis: 8","pr_status_diagnosis: 1","pr_score_diagnosis: 8","her2_status_diagnosis: 0","her2_score_diagnosis: 1","ki67_status_diagnosis: 1","ki67_diagnosis: <10%","tnm_stage_clinical: cT2N1-2M0","nac_drug: AC+T","er_status_surgery: Positive","er_score_surgery: 8","pr_status_surgery: Positive","pr_score_surgery: 7","her2_status_surgery: Negative","her2_score_surgery: 1","ki67_status_surgery: 1","ki67_surgery: <5%","histological_grade: 2","nuclear_grade: 2","lymphovascular_invasion: 0","bilaterality: 0","multiplicity: 0","surgery_type: 0","surgical_site: 2","tumor_size: 4.5","regional_lymph_nodes: 2","tnm_stage_pathologic: 8","pcr_status: 1","proliferative_index: 2.004391744","cyt_score: 9.362958934","subtype_pam50: LumA","subtype_nmc: NA","subtype_ihc: ER+","tumor_purity_pathology: 0.3","cin_score: NA","tumor_purity_facets: NA","tumor_purity_consensus: 0.3","tumor_ploidy: NA","cnv_burden_del: NA","cnv_burden_hemizygote: NA","loh_burden_burden: NA","cnv_burden_gain: NA","cnv_burden_amp: NA","til_count: 470","tissue_area: 18408700","til_density: 25.5314063459125","time: T3","subtype_consensus: ER+","mut_load: NA","total RNA","For RNA-Seq, sequencing libraries were prepared using TruSeq RNA Sample Preparation kit v2 (RS-122-2001 and RS-122-2002, Illumina). Sequencing of the RNA libraries was performed on an Illumina HiSeq2500 in 100-bp paired-end mode of the TruSeq Rapid PE Cluster kit and the TruSeq Rapid SBS kit.","9606","RNA-Seq data was analyzed using the RSEM42 pipeline with hg19 as the genome reference","Genome_build: hg19","Supplementary_files_format_and_content: expression matrix with gene expression by samples in TPM units","GPL16791","Zhengyan,,Kan","Computational Biology, Oncology Research & Development","Pfizer","10770 Science Center Drive","San Diego","CA","92121","USA","0","Illumina HiSeq 2500","cDNA","transcriptomic","RNA-Seq","BioSample: https://www.ncbi.nlm.nih.gov/biosample/SAMN10593214","NONE","34.57222222","No","0","999","999","Invasive carcinoma with lobular feature","NA","NA","NA","NA","NA","9.362958934","8","8","1","Positive","Female","1","1","0","Negative","2","<10%","1","1","<5%","NA","0","Premenopausal","0","NA","AC+T","2","1","8","7","1","Positive","2.004391744","2","ER+","ER+","NA","LumA","0","2","470","25.5314063459125","T3","18408700","cT2N1-2M0","8","NA","0.3","NA","0.3","4.5"
"GSM3513997","OB_15_0238_1","GSM3513997","Public on Oct 12 2020","Dec 14 2018","Oct 12 2020","SRA","1","Primary Tumor","Homo sapiens","gender: Female","age: 54.07777778","menopausal_status: Premenopausal","bc_family_history: Yes","brca1_status: 999","brca2_status: 999","cell_type_diagnosis: Invasive ductal carcinoma","er_status_diagnosis: 1","er_score_diagnosis: 5","pr_status_diagnosis: 0","pr_score_diagnosis: 0","her2_status_diagnosis: 1","her2_score_diagnosis: 3","ki67_status_diagnosis: 1","ki67_diagnosis: 0.2","tnm_stage_clinical: cT4N2M0","nac_drug: AC+T+Trastuzumab","er_status_surgery: Positive","er_score_surgery: 5","pr_status_surgery: Positive","pr_score_surgery: 5","her2_status_surgery: Positive","her2_score_surgery: 3","ki67_status_surgery: 1","ki67_surgery: <5%","histological_grade: 1","nuclear_grade: 2","lymphovascular_invasion: 0","bilaterality: 0","multiplicity: 0","surgery_type: 0","surgical_site: 1","tumor_size: 7","regional_lymph_nodes: 0","tnm_stage_pathologic: 9","pcr_status: 1","proliferative_index: 7.724213011","cyt_score: 1.851431878","subtype_pam50: LumB","subtype_nmc: HER2+","subtype_ihc: ER+HER2+","tumor_purity_pathology: 0.7","cin_score: 17.64373981","tumor_purity_facets: 0.432934644","tumor_purity_consensus: 0.432934644","tumor_ploidy: 3.457615088","cnv_burden_del: 0","cnv_burden_hemizygote: 0.02611953","loh_burden_burden: 0.098815599","cnv_burden_gain: 0.571058434","cnv_burden_amp: 0.216452505","til_count: 624","tissue_area: 25616100","til_density: 24.3596800449717","time: T1","subtype_consensus: ER+HER2+","mut_load: 46","total RNA","For RNA-Seq, sequencing libraries were prepared using TruSeq RNA Sample Preparation kit v2 (RS-122-2001 and RS-122-2002, Illumina). Sequencing of the RNA libraries was performed on an Illumina HiSeq2500 in 100-bp paired-end mode of the TruSeq Rapid PE Cluster kit and the TruSeq Rapid SBS kit.","9606","RNA-Seq data was analyzed using the RSEM42 pipeline with hg19 as the genome reference","Genome_build: hg19","Supplementary_files_format_and_content: expression matrix with gene expression by samples in TPM units","GPL16791","Zhengyan,,Kan","Computational Biology, Oncology Research & Development","Pfizer","10770 Science Center Drive","San Diego","CA","92121","USA","0","Illumina HiSeq 2500","cDNA","transcriptomic","RNA-Seq","BioSample: https://www.ncbi.nlm.nih.gov/biosample/SAMN10593213","NONE","54.07777778","Yes","0","999","999","Invasive ductal carcinoma","17.64373981","0.216452505","0","0.571058434","0.02611953","1.851431878","5","5","1","Positive","Female","3","3","1","Positive","1","0.2","1","1","<5%","0.098815599","0","Premenopausal","0","46","AC+T+Trastuzumab","2","1","0","5","0","Positive","7.724213011","0","ER+HER2+","ER+HER2+","HER2+","LumB","0","1","624","24.3596800449717","T1","25616100","cT4N2M0","9","3.457615088","0.432934644","0.432934644","0.7","7"
"GSM3513998","OB_15_0238_2","GSM3513998","Public on Oct 12 2020","Dec 14 2018","Oct 12 2020","SRA","1","Primary Tumor","Homo sapiens","gender: Female","age: 54.07777778","menopausal_status: Premenopausal","bc_family_history: Yes","brca1_status: 999","brca2_status: 999","cell_type_diagnosis: Invasive ductal carcinoma","er_status_diagnosis: 1","er_score_diagnosis: 5","pr_status_diagnosis: 0","pr_score_diagnosis: 0","her2_status_diagnosis: 1","her2_score_diagnosis: 3","ki67_status_diagnosis: 1","ki67_diagnosis: 0.2","tnm_stage_clinical: cT4N2M0","nac_drug: AC+T+Trastuzumab","er_status_surgery: Positive","er_score_surgery: 5","pr_status_surgery: Positive","pr_score_surgery: 5","her2_status_surgery: Positive","her2_score_surgery: 3","ki67_status_surgery: 1","ki67_surgery: <5%","histological_grade: 1","nuclear_grade: 2","lymphovascular_invasion: 0","bilaterality: 0","multiplicity: 0","surgery_type: 0","surgical_site: 1","tumor_size: 7","regional_lymph_nodes: 0","tnm_stage_pathologic: 9","pcr_status: 1","proliferative_index: 2.819396353","cyt_score: 12.19454796","subtype_pam50: LumA","subtype_nmc: ER+HER2+","subtype_ihc: ER+HER2+","tumor_purity_pathology: 0.5","cin_score: 14.26472299","tumor_purity_facets: 0.281057522","tumor_purity_consensus: 0.281057522","tumor_ploidy: 2.951065886","cnv_burden_del: 0.001254703","cnv_burden_hemizygote: 0.026579465","loh_burden_burden: 0","cnv_burden_gain: 0.636990482","cnv_burden_amp: 0.024301536","til_count: 943","tissue_area: 28079600","til_density: 33.5830994743515","time: T2","subtype_consensus: ER+HER2+","mut_load: 17","total RNA","For RNA-Seq, sequencing libraries were prepared using TruSeq RNA Sample Preparation kit v2 (RS-122-2001 and RS-122-2002, Illumina). Sequencing of the RNA libraries was performed on an Illumina HiSeq2500 in 100-bp paired-end mode of the TruSeq Rapid PE Cluster kit and the TruSeq Rapid SBS kit.","9606","RNA-Seq data was analyzed using the RSEM42 pipeline with hg19 as the genome reference","Genome_build: hg19","Supplementary_files_format_and_content: expression matrix with gene expression by samples in TPM units","GPL16791","Zhengyan,,Kan","Computational Biology, Oncology Research & Development","Pfizer","10770 Science Center Drive","San Diego","CA","92121","USA","0","Illumina HiSeq 2500","cDNA","transcriptomic","RNA-Seq","BioSample: https://www.ncbi.nlm.nih.gov/biosample/SAMN10593212","NONE","54.07777778","Yes","0","999","999","Invasive ductal carcinoma","14.26472299","0.024301536","0.001254703","0.636990482","0.026579465","12.19454796","5","5","1","Positive","Female","3","3","1","Positive","1","0.2","1","1","<5%","0","0","Premenopausal","0","17","AC+T+Trastuzumab","2","1","0","5","0","Positive","2.819396353","0","ER+HER2+","ER+HER2+","ER+HER2+","LumA","0","1","943","33.5830994743515","T2","28079600","cT4N2M0","9","2.951065886","0.281057522","0.281057522","0.5","7"
"GSM3513999","OB_15_0243_1","GSM3513999","Public on Oct 12 2020","Dec 14 2018","Oct 12 2020","SRA","1","Primary Tumor","Homo sapiens","gender: Female","age: 44.66388889","menopausal_status: Premenopausal","bc_family_history: No","brca1_status: 999","brca2_status: 999","cell_type_diagnosis: Invasive ductal carcinoma","er_status_diagnosis: 1","er_score_diagnosis: 8","pr_status_diagnosis: 1","pr_score_diagnosis: 8","her2_status_diagnosis: 1","her2_score_diagnosis: 3","ki67_status_diagnosis: 2","ki67_diagnosis: 20-30%","tnm_stage_clinical: cT2N2M0","nac_drug: AC+T+Trastuzumab","er_status_surgery: 999","er_score_surgery: 999","pr_status_surgery: 999","pr_score_surgery: 999","her2_status_surgery: 999","her2_score_surgery: 999","ki67_status_surgery: 999","ki67_surgery: 999","histological_grade: 999","nuclear_grade: 999","lymphovascular_invasion: 999","bilaterality: 0","multiplicity: 0","surgery_type: 1","surgical_site: 1","tumor_size: 0","regional_lymph_nodes: 0","tnm_stage_pathologic: 77","pcr_status: 0","proliferative_index: 15.85459012","cyt_score: 33.58997618","subtype_pam50: LumA","subtype_nmc: ER+HER2+","subtype_ihc: ER+HER2+","tumor_purity_pathology: 0.7","cin_score: 22.26462784","tumor_purity_facets: 0.426421206","tumor_purity_consensus: 0.426421206","tumor_ploidy: 3.314375328","cnv_burden_del: 0.001333486","cnv_burden_hemizygote: 0.024076876","loh_burden_burden: 0","cnv_burden_gain: 0.596214841","cnv_burden_amp: 0.151997098","til_count: 1523","tissue_area: 26287300","til_density: 57.9367222955572","time: T1","subtype_consensus: ER+HER2+","mut_load: 20","total RNA","For RNA-Seq, sequencing libraries were prepared using TruSeq RNA Sample Preparation kit v2 (RS-122-2001 and RS-122-2002, Illumina). Sequencing of the RNA libraries was performed on an Illumina HiSeq2500 in 100-bp paired-end mode of the TruSeq Rapid PE Cluster kit and the TruSeq Rapid SBS kit.","9606","RNA-Seq data was analyzed using the RSEM42 pipeline with hg19 as the genome reference","Genome_build: hg19","Supplementary_files_format_and_content: expression matrix with gene expression by samples in TPM units","GPL16791","Zhengyan,,Kan","Computational Biology, Oncology Research & Development","Pfizer","10770 Science Center Drive","San Diego","CA","92121","USA","0","Illumina HiSeq 2500","cDNA","transcriptomic","RNA-Seq","BioSample: https://www.ncbi.nlm.nih.gov/biosample/SAMN10593211","NONE","44.66388889","No","0","999","999","Invasive ductal carcinoma","22.26462784","0.151997098","0.001333486","0.596214841","0.024076876","33.58997618","8","999","1","999","Female","3","999","1","999","999","20-30%","2","999","999","0","999","Premenopausal","0","20","AC+T+Trastuzumab","999","0","8","999","1","999","15.85459012","0","ER+HER2+","ER+HER2+","ER+HER2+","LumA","1","1","1523","57.9367222955572","T1","26287300","cT2N2M0","77","3.314375328","0.426421206","0.426421206","0.7","0"
"GSM3514000","OB_15_0243_2","GSM3514000","Public on Oct 12 2020","Dec 14 2018","Oct 12 2020","SRA","1","Primary Tumor","Homo sapiens","gender: Female","age: 44.66388889","menopausal_status: Premenopausal","bc_family_history: No","brca1_status: 999","brca2_status: 999","cell_type_diagnosis: Invasive ductal carcinoma","er_status_diagnosis: 1","er_score_diagnosis: 8","pr_status_diagnosis: 1","pr_score_diagnosis: 8","her2_status_diagnosis: 1","her2_score_diagnosis: 3","ki67_status_diagnosis: 2","ki67_diagnosis: 20-30%","tnm_stage_clinical: cT2N2M0","nac_drug: AC+T+Trastuzumab","er_status_surgery: 999","er_score_surgery: 999","pr_status_surgery: 999","pr_score_surgery: 999","her2_status_surgery: 999","her2_score_surgery: 999","ki67_status_surgery: 999","ki67_surgery: 999","histological_grade: 999","nuclear_grade: 999","lymphovascular_invasion: 999","bilaterality: 0","multiplicity: 0","surgery_type: 1","surgical_site: 1","tumor_size: 0","regional_lymph_nodes: 0","tnm_stage_pathologic: 77","pcr_status: 0","proliferative_index: 63.0480273","cyt_score: 6.347440429","subtype_pam50: Basal","subtype_nmc: TN","subtype_ihc: ER+HER2+","tumor_purity_pathology: 0.6","cin_score: 17.47253724","tumor_purity_facets: 0.282102992","tumor_purity_consensus: 0.282102992","tumor_ploidy: 1.550508491","cnv_burden_del: 0.058781785","cnv_burden_hemizygote: 0.171062796","loh_burden_burden: 0","cnv_burden_gain: 0.230280048","cnv_burden_amp: 0","til_count: 1699","tissue_area: 23066300","til_density: 73.6572402162462","time: T2","subtype_consensus: ER+HER2+","mut_load: 1","total RNA","For RNA-Seq, sequencing libraries were prepared using TruSeq RNA Sample Preparation kit v2 (RS-122-2001 and RS-122-2002, Illumina). Sequencing of the RNA libraries was performed on an Illumina HiSeq2500 in 100-bp paired-end mode of the TruSeq Rapid PE Cluster kit and the TruSeq Rapid SBS kit.","9606","RNA-Seq data was analyzed using the RSEM42 pipeline with hg19 as the genome reference","Genome_build: hg19","Supplementary_files_format_and_content: expression matrix with gene expression by samples in TPM units","GPL16791","Zhengyan,,Kan","Computational Biology, Oncology Research & Development","Pfizer","10770 Science Center Drive","San Diego","CA","92121","USA","0","Illumina HiSeq 2500","cDNA","transcriptomic","RNA-Seq","BioSample: https://www.ncbi.nlm.nih.gov/biosample/SAMN10593210","NONE","44.66388889","No","0","999","999","Invasive ductal carcinoma","17.47253724","0","0.058781785","0.230280048","0.171062796","6.347440429","8","999","1","999","Female","3","999","1","999","999","20-30%","2","999","999","0","999","Premenopausal","0","1","AC+T+Trastuzumab","999","0","8","999","1","999","63.0480273","0","ER+HER2+","ER+HER2+","TN","Basal","1","1","1699","73.6572402162462","T2","23066300","cT2N2M0","77","1.550508491","0.282102992","0.282102992","0.6","0"
"GSM3514001","OB_15_0246_1","GSM3514001","Public on Oct 12 2020","Dec 14 2018","Oct 12 2020","SRA","1","Primary Tumor","Homo sapiens","gender: Female","age: 27.90555556","menopausal_status: Premenopausal","bc_family_history: No","brca1_status: Not Detected","brca2_status: Equivocal","cell_type_diagnosis: Invasive ductal carcinoma","er_status_diagnosis: 1","er_score_diagnosis: 7","pr_status_diagnosis: 0","pr_score_diagnosis: 3","her2_status_diagnosis: 1","her2_score_diagnosis: 3","ki67_status_diagnosis: 2","ki67_diagnosis: 40-50%","tnm_stage_clinical: cT2N1M0","nac_drug: AC+T+Trastuzumab","er_status_surgery: Positive","er_score_surgery: 8","pr_status_surgery: Positive","pr_score_surgery: 7","her2_status_surgery: Positive","her2_score_surgery: 3","ki67_status_surgery: 1","ki67_surgery: 0.1","histological_grade: 3","nuclear_grade: 3","lymphovascular_invasion: 0","bilaterality: 0","multiplicity: 1","surgery_type: 0","surgical_site: 1","tumor_size: 1.2","regional_lymph_nodes: 0","tnm_stage_pathologic: 2","pcr_status: 1","proliferative_index: 25.56424898","cyt_score: 3.36","subtype_pam50: Her2","subtype_nmc: ER+HER2+","subtype_ihc: ER+HER2+","tumor_purity_pathology: 0.7","cin_score: 20.9975538","tumor_purity_facets: 0.473716311","tumor_purity_consensus: 0.473716311","tumor_ploidy: 3.726065726","cnv_burden_del: 0","cnv_burden_hemizygote: 0.004554559","loh_burden_burden: 0","cnv_burden_gain: 0.460205385","cnv_burden_amp: 0.39117515","til_count: 17451","tissue_area: 84861200","til_density: 205.641683124915","time: T1","subtype_consensus: ER+HER2+","mut_load: 15","total RNA","For RNA-Seq, sequencing libraries were prepared using TruSeq RNA Sample Preparation kit v2 (RS-122-2001 and RS-122-2002, Illumina). Sequencing of the RNA libraries was performed on an Illumina HiSeq2500 in 100-bp paired-end mode of the TruSeq Rapid PE Cluster kit and the TruSeq Rapid SBS kit.","9606","RNA-Seq data was analyzed using the RSEM42 pipeline with hg19 as the genome reference","Genome_build: hg19","Supplementary_files_format_and_content: expression matrix with gene expression by samples in TPM units","GPL16791","Zhengyan,,Kan","Computational Biology, Oncology Research & Development","Pfizer","10770 Science Center Drive","San Diego","CA","92121","USA","0","Illumina HiSeq 2500","cDNA","transcriptomic","RNA-Seq","BioSample: https://www.ncbi.nlm.nih.gov/biosample/SAMN10593209","NONE","27.90555556","No","0","Not Detected","Equivocal","Invasive ductal carcinoma","20.9975538","0.39117515","0","0.460205385","0.004554559","3.36","7","8","1","Positive","Female","3","3","1","Positive","3","40-50%","2","1","0.1","0","0","Premenopausal","1","15","AC+T+Trastuzumab","3","1","3","7","0","Positive","25.56424898","0","ER+HER2+","ER+HER2+","ER+HER2+","Her2","0","1","17451","205.641683124915","T1","84861200","cT2N1M0","2","3.726065726","0.473716311","0.473716311","0.7","1.2"
"GSM3514002","OB_15_0246_2","GSM3514002","Public on Oct 12 2020","Dec 14 2018","Oct 12 2020","SRA","1","Primary Tumor","Homo sapiens","gender: Female","age: 27.90555556","menopausal_status: Premenopausal","bc_family_history: No","brca1_status: Not Detected","brca2_status: Equivocal","cell_type_diagnosis: Invasive ductal carcinoma","er_status_diagnosis: 1","er_score_diagnosis: 7","pr_status_diagnosis: 0","pr_score_diagnosis: 3","her2_status_diagnosis: 1","her2_score_diagnosis: 3","ki67_status_diagnosis: 2","ki67_diagnosis: 40-50%","tnm_stage_clinical: cT2N1M0","nac_drug: AC+T+Trastuzumab","er_status_surgery: Positive","er_score_surgery: 8","pr_status_surgery: Positive","pr_score_surgery: 7","her2_status_surgery: Positive","her2_score_surgery: 3","ki67_status_surgery: 1","ki67_surgery: 0.1","histological_grade: 3","nuclear_grade: 3","lymphovascular_invasion: 0","bilaterality: 0","multiplicity: 1","surgery_type: 0","surgical_site: 1","tumor_size: 1.2","regional_lymph_nodes: 0","tnm_stage_pathologic: 2","pcr_status: 1","proliferative_index: 47.1502224","cyt_score: 10.1900736","subtype_pam50: Basal","subtype_nmc: ER+","subtype_ihc: ER+HER2+","tumor_purity_pathology: 0.7","cin_score: 25.0282811","tumor_purity_facets: 0.29366179","tumor_purity_consensus: 0.29366179","tumor_ploidy: 1.514016312","cnv_burden_del: 0.117717352","cnv_burden_hemizygote: 0.158425792","loh_burden_burden: 0","cnv_burden_gain: 0.255426613","cnv_burden_amp: 0.008074654","til_count: 6617","tissue_area: 21842900","til_density: 302.935965462461","time: T2","subtype_consensus: ER+HER2+","mut_load: 4","total RNA","For RNA-Seq, sequencing libraries were prepared using TruSeq RNA Sample Preparation kit v2 (RS-122-2001 and RS-122-2002, Illumina). Sequencing of the RNA libraries was performed on an Illumina HiSeq2500 in 100-bp paired-end mode of the TruSeq Rapid PE Cluster kit and the TruSeq Rapid SBS kit.","9606","RNA-Seq data was analyzed using the RSEM42 pipeline with hg19 as the genome reference","Genome_build: hg19","Supplementary_files_format_and_content: expression matrix with gene expression by samples in TPM units","GPL16791","Zhengyan,,Kan","Computational Biology, Oncology Research & Development","Pfizer","10770 Science Center Drive","San Diego","CA","92121","USA","0","Illumina HiSeq 2500","cDNA","transcriptomic","RNA-Seq","BioSample: https://www.ncbi.nlm.nih.gov/biosample/SAMN10593208","NONE","27.90555556","No","0","Not Detected","Equivocal","Invasive ductal carcinoma","25.0282811","0.008074654","0.117717352","0.255426613","0.158425792","10.1900736","7","8","1","Positive","Female","3","3","1","Positive","3","40-50%","2","1","0.1","0","0","Premenopausal","1","4","AC+T+Trastuzumab","3","1","3","7","0","Positive","47.1502224","0","ER+HER2+","ER+HER2+","ER+","Basal","0","1","6617","302.935965462461","T2","21842900","cT2N1M0","2","1.514016312","0.29366179","0.29366179","0.7","1.2"
"GSM3514003","OB_15_0251_1","GSM3514003","Public on Oct 12 2020","Dec 14 2018","Oct 12 2020","SRA","1","Primary Tumor","Homo sapiens","gender: Female","age: 53.37222222","menopausal_status: Postmenopausal","bc_family_history: No","brca1_status: 999","brca2_status: 999","cell_type_diagnosis: Invasive ductal carcinoma","er_status_diagnosis: 1","er_score_diagnosis: 8","pr_status_diagnosis: 1","pr_score_diagnosis: 8","her2_status_diagnosis: 0","her2_score_diagnosis: 0","ki67_status_diagnosis: 1","ki67_diagnosis: <10%","tnm_stage_clinical: cT4N1M0","nac_drug: AC+T","er_status_surgery: Positive","er_score_surgery: 8","pr_status_surgery: Positive","pr_score_surgery: 8","her2_status_surgery: Negative","her2_score_surgery: 0","ki67_status_surgery: 1","ki67_surgery: 0.1","histological_grade: 2","nuclear_grade: 2","lymphovascular_invasion: 0","bilaterality: 0","multiplicity: 0","surgery_type: 0","surgical_site: 1","tumor_size: 6","regional_lymph_nodes: 4","tnm_stage_pathologic: 14","pcr_status: 1","proliferative_index: 6.770837066","cyt_score: 22.90590099","subtype_pam50: LumA","subtype_nmc: ER+","subtype_ihc: ER+","tumor_purity_pathology: 0.6","cin_score: 17.09675697","tumor_purity_facets: 0.293654545","tumor_purity_consensus: 0.293654545","tumor_ploidy: 1.551501045","cnv_burden_del: 0.096755073","cnv_burden_hemizygote: 0.183700784","loh_burden_burden: 0","cnv_burden_gain: 0.04826225","cnv_burden_amp: 0.013733957","til_count: 224","tissue_area: 11776700","til_density: 19.0206084896448","time: T1","subtype_consensus: ER+","mut_load: 17","total RNA","For RNA-Seq, sequencing libraries were prepared using TruSeq RNA Sample Preparation kit v2 (RS-122-2001 and RS-122-2002, Illumina). Sequencing of the RNA libraries was performed on an Illumina HiSeq2500 in 100-bp paired-end mode of the TruSeq Rapid PE Cluster kit and the TruSeq Rapid SBS kit.","9606","RNA-Seq data was analyzed using the RSEM42 pipeline with hg19 as the genome reference","Genome_build: hg19","Supplementary_files_format_and_content: expression matrix with gene expression by samples in TPM units","GPL16791","Zhengyan,,Kan","Computational Biology, Oncology Research & Development","Pfizer","10770 Science Center Drive","San Diego","CA","92121","USA","0","Illumina HiSeq 2500","cDNA","transcriptomic","RNA-Seq","BioSample: https://www.ncbi.nlm.nih.gov/biosample/SAMN10593260","NONE","53.37222222","No","0","999","999","Invasive ductal carcinoma","17.09675697","0.013733957","0.096755073","0.04826225","0.183700784","22.90590099","8","8","1","Positive","Female","0","0","0","Negative","2","<10%","1","1","0.1","0","0","Postmenopausal","0","17","AC+T","2","1","8","8","1","Positive","6.770837066","4","ER+","ER+","ER+","LumA","0","1","224","19.0206084896448","T1","11776700","cT4N1M0","14","1.551501045","0.293654545","0.293654545","0.6","6"
"GSM3514004","OB_15_0261_1","GSM3514004","Public on Oct 12 2020","Dec 14 2018","Oct 12 2020","SRA","1","Primary Tumor","Homo sapiens","gender: Female","age: 56.36388889","menopausal_status: Postmenopausal","bc_family_history: No","brca1_status: 999","brca2_status: 999","cell_type_diagnosis: Invasive ductal carcinoma","er_status_diagnosis: 0","er_score_diagnosis: 0","pr_status_diagnosis: 0","pr_score_diagnosis: 0","her2_status_diagnosis: 0","her2_score_diagnosis: 0","ki67_status_diagnosis: 4","ki67_diagnosis: 70-80%","tnm_stage_clinical: cT2N2M0","nac_drug: AC+T","er_status_surgery: Negative","er_score_surgery: 0","pr_status_surgery: Negative","pr_score_surgery: 0","her2_status_surgery: Negative","her2_score_surgery: 0","ki67_status_surgery: 4","ki67_surgery: 80-90%","histological_grade: 3","nuclear_grade: 3","lymphovascular_invasion: 0","bilaterality: 0","multiplicity: 0","surgery_type: 1","surgical_site: 1","tumor_size: 2.3","regional_lymph_nodes: 3","tnm_stage_pathologic: 8","pcr_status: 1","proliferative_index: 61.12895077","cyt_score: 26.65244079","subtype_pam50: Basal","subtype_nmc: NA","subtype_ihc: TN","tumor_purity_pathology: 0.8","cin_score: NA","tumor_purity_facets: NA","tumor_purity_consensus: 0.8","tumor_ploidy: NA","cnv_burden_del: NA","cnv_burden_hemizygote: NA","loh_burden_burden: NA","cnv_burden_gain: NA","cnv_burden_amp: NA","til_count: 5658","tissue_area: 43358300","til_density: 130.494046122657","time: T1","subtype_consensus: TN","mut_load: NA","total RNA","For RNA-Seq, sequencing libraries were prepared using TruSeq RNA Sample Preparation kit v2 (RS-122-2001 and RS-122-2002, Illumina). Sequencing of the RNA libraries was performed on an Illumina HiSeq2500 in 100-bp paired-end mode of the TruSeq Rapid PE Cluster kit and the TruSeq Rapid SBS kit.","9606","RNA-Seq data was analyzed using the RSEM42 pipeline with hg19 as the genome reference","Genome_build: hg19","Supplementary_files_format_and_content: expression matrix with gene expression by samples in TPM units","GPL16791","Zhengyan,,Kan","Computational Biology, Oncology Research & Development","Pfizer","10770 Science Center Drive","San Diego","CA","92121","USA","0","Illumina HiSeq 2500","cDNA","transcriptomic","RNA-Seq","BioSample: https://www.ncbi.nlm.nih.gov/biosample/SAMN10593259","NONE","56.36388889","No","0","999","999","Invasive ductal carcinoma","NA","NA","NA","NA","NA","26.65244079","0","0","0","Negative","Female","0","0","0","Negative","3","70-80%","4","4","80-90%","NA","0","Postmenopausal","0","NA","AC+T","3","1","0","0","0","Negative","61.12895077","3","TN","TN","NA","Basal","1","1","5658","130.494046122657","T1","43358300","cT2N2M0","8","NA","0.8","NA","0.8","2.3"
"GSM3514005","OB_15_0261_2","GSM3514005","Public on Oct 12 2020","Dec 14 2018","Oct 12 2020","SRA","1","Primary Tumor","Homo sapiens","gender: Female","age: 56.36388889","menopausal_status: Postmenopausal","bc_family_history: No","brca1_status: 999","brca2_status: 999","cell_type_diagnosis: Invasive ductal carcinoma","er_status_diagnosis: 0","er_score_diagnosis: 0","pr_status_diagnosis: 0","pr_score_diagnosis: 0","her2_status_diagnosis: 0","her2_score_diagnosis: 0","ki67_status_diagnosis: 4","ki67_diagnosis: 70-80%","tnm_stage_clinical: cT2N2M0","nac_drug: AC+T","er_status_surgery: Negative","er_score_surgery: 0","pr_status_surgery: Negative","pr_score_surgery: 0","her2_status_surgery: Negative","her2_score_surgery: 0","ki67_status_surgery: 4","ki67_surgery: 80-90%","histological_grade: 3","nuclear_grade: 3","lymphovascular_invasion: 0","bilaterality: 0","multiplicity: 0","surgery_type: 1","surgical_site: 1","tumor_size: 2.3","regional_lymph_nodes: 3","tnm_stage_pathologic: 8","pcr_status: 1","proliferative_index: 63.09473868","cyt_score: 43.9282301","subtype_pam50: Basal","subtype_nmc: NA","subtype_ihc: TN","tumor_purity_pathology: 0.8","cin_score: NA","tumor_purity_facets: NA","tumor_purity_consensus: 0.8","tumor_ploidy: NA","cnv_burden_del: NA","cnv_burden_hemizygote: NA","loh_burden_burden: NA","cnv_burden_gain: NA","cnv_burden_amp: NA","til_count: 892","tissue_area: 22292000","til_density: 40.0143549255338","time: T2","subtype_consensus: TN","mut_load: NA","total RNA","For RNA-Seq, sequencing libraries were prepared using TruSeq RNA Sample Preparation kit v2 (RS-122-2001 and RS-122-2002, Illumina). Sequencing of the RNA libraries was performed on an Illumina HiSeq2500 in 100-bp paired-end mode of the TruSeq Rapid PE Cluster kit and the TruSeq Rapid SBS kit.","9606","RNA-Seq data was analyzed using the RSEM42 pipeline with hg19 as the genome reference","Genome_build: hg19","Supplementary_files_format_and_content: expression matrix with gene expression by samples in TPM units","GPL16791","Zhengyan,,Kan","Computational Biology, Oncology Research & Development","Pfizer","10770 Science Center Drive","San Diego","CA","92121","USA","0","Illumina HiSeq 2500","cDNA","transcriptomic","RNA-Seq","BioSample: https://www.ncbi.nlm.nih.gov/biosample/SAMN10593258","NONE","56.36388889","No","0","999","999","Invasive ductal carcinoma","NA","NA","NA","NA","NA","43.9282301","0","0","0","Negative","Female","0","0","0","Negative","3","70-80%","4","4","80-90%","NA","0","Postmenopausal","0","NA","AC+T","3","1","0","0","0","Negative","63.09473868","3","TN","TN","NA","Basal","1","1","892","40.0143549255338","T2","22292000","cT2N2M0","8","NA","0.8","NA","0.8","2.3"
"GSM3514006","OB_15_0261_3","GSM3514006","Public on Oct 12 2020","Dec 14 2018","Oct 12 2020","SRA","1","Primary Tumor","Homo sapiens","gender: Female","age: 56.36388889","menopausal_status: Postmenopausal","bc_family_history: No","brca1_status: 999","brca2_status: 999","cell_type_diagnosis: Invasive ductal carcinoma","er_status_diagnosis: 0","er_score_diagnosis: 0","pr_status_diagnosis: 0","pr_score_diagnosis: 0","her2_status_diagnosis: 0","her2_score_diagnosis: 0","ki67_status_diagnosis: 4","ki67_diagnosis: 70-80%","tnm_stage_clinical: cT2N2M0","nac_drug: AC+T","er_status_surgery: Negative","er_score_surgery: 0","pr_status_surgery: Negative","pr_score_surgery: 0","her2_status_surgery: Negative","her2_score_surgery: 0","ki67_status_surgery: 4","ki67_surgery: 80-90%","histological_grade: 3","nuclear_grade: 3","lymphovascular_invasion: 0","bilaterality: 0","multiplicity: 0","surgery_type: 1","surgical_site: 1","tumor_size: 2.3","regional_lymph_nodes: 3","tnm_stage_pathologic: 8","pcr_status: 1","proliferative_index: 86.18892572","cyt_score: 4.425584707","subtype_pam50: Basal","subtype_nmc: NA","subtype_ihc: TN","tumor_purity_pathology: 0.7","cin_score: NA","tumor_purity_facets: NA","tumor_purity_consensus: 0.7","tumor_ploidy: NA","cnv_burden_del: NA","cnv_burden_hemizygote: NA","loh_burden_burden: NA","cnv_burden_gain: NA","cnv_burden_amp: NA","til_count: 18399","tissue_area: 289620000","til_density: 63.5280712657966","time: T3","subtype_consensus: TN","mut_load: NA","total RNA","For RNA-Seq, sequencing libraries were prepared using TruSeq RNA Sample Preparation kit v2 (RS-122-2001 and RS-122-2002, Illumina). Sequencing of the RNA libraries was performed on an Illumina HiSeq2500 in 100-bp paired-end mode of the TruSeq Rapid PE Cluster kit and the TruSeq Rapid SBS kit.","9606","RNA-Seq data was analyzed using the RSEM42 pipeline with hg19 as the genome reference","Genome_build: hg19","Supplementary_files_format_and_content: expression matrix with gene expression by samples in TPM units","GPL16791","Zhengyan,,Kan","Computational Biology, Oncology Research & Development","Pfizer","10770 Science Center Drive","San Diego","CA","92121","USA","0","Illumina HiSeq 2500","cDNA","transcriptomic","RNA-Seq","BioSample: https://www.ncbi.nlm.nih.gov/biosample/SAMN10593257","NONE","56.36388889","No","0","999","999","Invasive ductal carcinoma","NA","NA","NA","NA","NA","4.425584707","0","0","0","Negative","Female","0","0","0","Negative","3","70-80%","4","4","80-90%","NA","0","Postmenopausal","0","NA","AC+T","3","1","0","0","0","Negative","86.18892572","3","TN","TN","NA","Basal","1","1","18399","63.5280712657966","T3","289620000","cT2N2M0","8","NA","0.7","NA","0.7","2.3"
"GSM3514007","OB_15_0273_1","GSM3514007","Public on Oct 12 2020","Dec 14 2018","Oct 12 2020","SRA","1","Primary Tumor","Homo sapiens","gender: Female","age: 46.76111111","menopausal_status: Premenopausal","bc_family_history: No","brca1_status: 999","brca2_status: 999","cell_type_diagnosis: Invasive ductal carcinoma","er_status_diagnosis: 1","er_score_diagnosis: 8","pr_status_diagnosis: 1","pr_score_diagnosis: 8","her2_status_diagnosis: 0","her2_score_diagnosis: 0","ki67_status_diagnosis: 2","ki67_diagnosis: 30-40%","tnm_stage_clinical: cT4N3M1(m/contralateral axillary LNs)","nac_drug: AC+T","er_status_surgery: Positive","er_score_surgery: 8","pr_status_surgery: Positive","pr_score_surgery: 7","her2_status_surgery: Negative","her2_score_surgery: 2","ki67_status_surgery: 2","ki67_surgery: 30-40%","histological_grade: 3","nuclear_grade: 3","lymphovascular_invasion: 1","bilaterality: 0","multiplicity: 0","surgery_type: 0","surgical_site: 2","tumor_size: 14","regional_lymph_nodes: 23","tnm_stage_pathologic: 19","pcr_status: 1","proliferative_index: 61.18796869","cyt_score: 24.72735328","subtype_pam50: Basal","subtype_nmc: TN","subtype_ihc: ER+","tumor_purity_pathology: 0.7","cin_score: 16.66344351","tumor_purity_facets: 0.340957224","tumor_purity_consensus: 0.340957224","tumor_ploidy: 3.821346713","cnv_burden_del: 0","cnv_burden_hemizygote: 0.009312648","loh_burden_burden: 0.041467642","cnv_burden_gain: 0.578839974","cnv_burden_amp: 0.265574083","til_count: 5337","tissue_area: 182735008","til_density: 29.2062263187139","time: T1","subtype_consensus: ER+","mut_load: 24","total RNA","For RNA-Seq, sequencing libraries were prepared using TruSeq RNA Sample Preparation kit v2 (RS-122-2001 and RS-122-2002, Illumina). Sequencing of the RNA libraries was performed on an Illumina HiSeq2500 in 100-bp paired-end mode of the TruSeq Rapid PE Cluster kit and the TruSeq Rapid SBS kit.","9606","RNA-Seq data was analyzed using the RSEM42 pipeline with hg19 as the genome reference","Genome_build: hg19","Supplementary_files_format_and_content: expression matrix with gene expression by samples in TPM units","GPL16791","Zhengyan,,Kan","Computational Biology, Oncology Research & Development","Pfizer","10770 Science Center Drive","San Diego","CA","92121","USA","0","Illumina HiSeq 2500","cDNA","transcriptomic","RNA-Seq","BioSample: https://www.ncbi.nlm.nih.gov/biosample/SAMN10593256","NONE","46.76111111","No","0","999","999","Invasive ductal carcinoma","16.66344351","0.265574083","0","0.578839974","0.009312648","24.72735328","8","8","1","Positive","Female","0","2","0","Negative","3","30-40%","2","2","30-40%","0.041467642","1","Premenopausal","0","24","AC+T","3","1","8","7","1","Positive","61.18796869","23","ER+","ER+","TN","Basal","0","2","5337","29.2062263187139","T1","182735008","cT4N3M1(m/contralateral axillary LNs)","19","3.821346713","0.340957224","0.340957224","0.7","14"
"GSM3514008","OB_15_0273_2","GSM3514008","Public on Oct 12 2020","Dec 14 2018","Oct 12 2020","SRA","1","Primary Tumor","Homo sapiens","gender: Female","age: 46.76111111","menopausal_status: Premenopausal","bc_family_history: No","brca1_status: 999","brca2_status: 999","cell_type_diagnosis: Invasive ductal carcinoma","er_status_diagnosis: 1","er_score_diagnosis: 8","pr_status_diagnosis: 1","pr_score_diagnosis: 8","her2_status_diagnosis: 0","her2_score_diagnosis: 0","ki67_status_diagnosis: 2","ki67_diagnosis: 30-40%","tnm_stage_clinical: cT4N3M1(m/contralateral axillary LNs)","nac_drug: AC+T","er_status_surgery: Positive","er_score_surgery: 8","pr_status_surgery: Positive","pr_score_surgery: 7","her2_status_surgery: Negative","her2_score_surgery: 2","ki67_status_surgery: 2","ki67_surgery: 30-40%","histological_grade: 3","nuclear_grade: 3","lymphovascular_invasion: 1","bilaterality: 0","multiplicity: 0","surgery_type: 0","surgical_site: 2","tumor_size: 14","regional_lymph_nodes: 23","tnm_stage_pathologic: 19","pcr_status: 1","proliferative_index: 33.40027611","cyt_score: 0.825832913","subtype_pam50: LumB","subtype_nmc: ER+","subtype_ihc: ER+","tumor_purity_pathology: 0.6","cin_score: 13.7807882","tumor_purity_facets: 0.558727221","tumor_purity_consensus: 0.558727221","tumor_ploidy: 3.668247303","cnv_burden_del: 0","cnv_burden_hemizygote: 0","loh_burden_burden: 0","cnv_burden_gain: 0.633160715","cnv_burden_amp: 0.289190714","til_count: 94","tissue_area: 24577200","til_density: 3.82468303956513","time: T2","subtype_consensus: ER+","mut_load: 18","total RNA","For RNA-Seq, sequencing libraries were prepared using TruSeq RNA Sample Preparation kit v2 (RS-122-2001 and RS-122-2002, Illumina). Sequencing of the RNA libraries was performed on an Illumina HiSeq2500 in 100-bp paired-end mode of the TruSeq Rapid PE Cluster kit and the TruSeq Rapid SBS kit.","9606","RNA-Seq data was analyzed using the RSEM42 pipeline with hg19 as the genome reference","Genome_build: hg19","Supplementary_files_format_and_content: expression matrix with gene expression by samples in TPM units","GPL16791","Zhengyan,,Kan","Computational Biology, Oncology Research & Development","Pfizer","10770 Science Center Drive","San Diego","CA","92121","USA","0","Illumina HiSeq 2500","cDNA","transcriptomic","RNA-Seq","BioSample: https://www.ncbi.nlm.nih.gov/biosample/SAMN10593255","NONE","46.76111111","No","0","999","999","Invasive ductal carcinoma","13.7807882","0.289190714","0","0.633160715","0","0.825832913","8","8","1","Positive","Female","0","2","0","Negative","3","30-40%","2","2","30-40%","0","1","Premenopausal","0","18","AC+T","3","1","8","7","1","Positive","33.40027611","23","ER+","ER+","ER+","LumB","0","2","94","3.82468303956513","T2","24577200","cT4N3M1(m/contralateral axillary LNs)","19","3.668247303","0.558727221","0.558727221","0.6","14"
"GSM3514009","OB_15_0273_3","GSM3514009","Public on Oct 12 2020","Dec 14 2018","Oct 12 2020","SRA","1","Primary Tumor","Homo sapiens","gender: Female","age: 46.76111111","menopausal_status: Premenopausal","bc_family_history: No","brca1_status: 999","brca2_status: 999","cell_type_diagnosis: Invasive ductal carcinoma","er_status_diagnosis: 1","er_score_diagnosis: 8","pr_status_diagnosis: 1","pr_score_diagnosis: 8","her2_status_diagnosis: 0","her2_score_diagnosis: 0","ki67_status_diagnosis: 2","ki67_diagnosis: 30-40%","tnm_stage_clinical: cT4N3M1(m/contralateral axillary LNs)","nac_drug: AC+T","er_status_surgery: Positive","er_score_surgery: 8","pr_status_surgery: Positive","pr_score_surgery: 7","her2_status_surgery: Negative","her2_score_surgery: 2","ki67_status_surgery: 2","ki67_surgery: 30-40%","histological_grade: 3","nuclear_grade: 3","lymphovascular_invasion: 1","bilaterality: 0","multiplicity: 0","surgery_type: 0","surgical_site: 2","tumor_size: 14","regional_lymph_nodes: 23","tnm_stage_pathologic: 19","pcr_status: 1","proliferative_index: 42.89785795","cyt_score: 1.979115964","subtype_pam50: LumB","subtype_nmc: ER+","subtype_ihc: ER+","tumor_purity_pathology: 0.5","cin_score: 26.43372273","tumor_purity_facets: 0.410538316","tumor_purity_consensus: 0.410538316","tumor_ploidy: 2.42102934","cnv_burden_del: 0.023709532","cnv_burden_hemizygote: 0.100906117","loh_burden_burden: 0.039023985","cnv_burden_gain: 0.319172746","cnv_burden_amp: 0.083346011","til_count: 28747","tissue_area: 379603008","til_density: 75.729115402584","time: T3","subtype_consensus: ER+","mut_load: 31","total RNA","For RNA-Seq, sequencing libraries were prepared using TruSeq RNA Sample Preparation kit v2 (RS-122-2001 and RS-122-2002, Illumina). Sequencing of the RNA libraries was performed on an Illumina HiSeq2500 in 100-bp paired-end mode of the TruSeq Rapid PE Cluster kit and the TruSeq Rapid SBS kit.","9606","RNA-Seq data was analyzed using the RSEM42 pipeline with hg19 as the genome reference","Genome_build: hg19","Supplementary_files_format_and_content: expression matrix with gene expression by samples in TPM units","GPL16791","Zhengyan,,Kan","Computational Biology, Oncology Research & Development","Pfizer","10770 Science Center Drive","San Diego","CA","92121","USA","0","Illumina HiSeq 2500","cDNA","transcriptomic","RNA-Seq","BioSample: https://www.ncbi.nlm.nih.gov/biosample/SAMN10593254","NONE","46.76111111","No","0","999","999","Invasive ductal carcinoma","26.43372273","0.083346011","0.023709532","0.319172746","0.100906117","1.979115964","8","8","1","Positive","Female","0","2","0","Negative","3","30-40%","2","2","30-40%","0.039023985","1","Premenopausal","0","31","AC+T","3","1","8","7","1","Positive","42.89785795","23","ER+","ER+","ER+","LumB","0","2","28747","75.729115402584","T3","379603008","cT4N3M1(m/contralateral axillary LNs)","19","2.42102934","0.410538316","0.410538316","0.5","14"
"GSM3514010","OB_15_0281_1","GSM3514010","Public on Oct 12 2020","Dec 14 2018","Oct 12 2020","SRA","1","Primary Tumor","Homo sapiens","gender: Female","age: 49.63055556","menopausal_status: Postmenopausal","bc_family_history: No","brca1_status: Not Detected","brca2_status: Not Detected","cell_type_diagnosis: Invasive ductal carcinoma","er_status_diagnosis: 0","er_score_diagnosis: 0","pr_status_diagnosis: 0","pr_score_diagnosis: 0","her2_status_diagnosis: 0","her2_score_diagnosis: 0","ki67_status_diagnosis: 2","ki67_diagnosis: 0.4","tnm_stage_clinical: cT2N1-2M0","nac_drug: Others","er_status_surgery: Negative","er_score_surgery: 0","pr_status_surgery: Negative","pr_score_surgery: 0","her2_status_surgery: Negative","her2_score_surgery: 0","ki67_status_surgery: 3","ki67_surgery: 60-70%","histological_grade: 3","nuclear_grade: 3","lymphovascular_invasion: 1","bilaterality: 0","multiplicity: 0","surgery_type: 0","surgical_site: 2","tumor_size: 5.5","regional_lymph_nodes: 0","tnm_stage_pathologic: 9","pcr_status: 1","proliferative_index: 28.48852325","cyt_score: 2.403122968","subtype_pam50: Basal","subtype_nmc: TN","subtype_ihc: TN","tumor_purity_pathology: 0.7","cin_score: 25.381365","tumor_purity_facets: 0.352420408","tumor_purity_consensus: 0.352420408","tumor_ploidy: 3.571367296","cnv_burden_del: 0.000301656","cnv_burden_hemizygote: 0.047055048","loh_burden_burden: 0.161117414","cnv_burden_gain: 0.45803631","cnv_burden_amp: 0.139739457","til_count: 585","tissue_area: 13203200","til_density: 44.3074406204556","time: T1","subtype_consensus: TN","mut_load: 26","total RNA","For RNA-Seq, sequencing libraries were prepared using TruSeq RNA Sample Preparation kit v2 (RS-122-2001 and RS-122-2002, Illumina). Sequencing of the RNA libraries was performed on an Illumina HiSeq2500 in 100-bp paired-end mode of the TruSeq Rapid PE Cluster kit and the TruSeq Rapid SBS kit.","9606","RNA-Seq data was analyzed using the RSEM42 pipeline with hg19 as the genome reference","Genome_build: hg19","Supplementary_files_format_and_content: expression matrix with gene expression by samples in TPM units","GPL16791","Zhengyan,,Kan","Computational Biology, Oncology Research & Development","Pfizer","10770 Science Center Drive","San Diego","CA","92121","USA","0","Illumina HiSeq 2500","cDNA","transcriptomic","RNA-Seq","BioSample: https://www.ncbi.nlm.nih.gov/biosample/SAMN10593253","NONE","49.63055556","No","0","Not Detected","Not Detected","Invasive ductal carcinoma","25.381365","0.139739457","0.000301656","0.45803631","0.047055048","2.403122968","0","0","0","Negative","Female","0","0","0","Negative","3","0.4","2","3","60-70%","0.161117414","1","Postmenopausal","0","26","Others","3","1","0","0","0","Negative","28.48852325","0","TN","TN","TN","Basal","0","2","585","44.3074406204556","T1","13203200","cT2N1-2M0","9","3.571367296","0.352420408","0.352420408","0.7","5.5"
"GSM3514011","OB_15_0281_2","GSM3514011","Public on Oct 12 2020","Dec 14 2018","Oct 12 2020","SRA","1","Primary Tumor","Homo sapiens","gender: Female","age: 49.63055556","menopausal_status: Postmenopausal","bc_family_history: No","brca1_status: Not Detected","brca2_status: Not Detected","cell_type_diagnosis: Invasive ductal carcinoma","er_status_diagnosis: 0","er_score_diagnosis: 0","pr_status_diagnosis: 0","pr_score_diagnosis: 0","her2_status_diagnosis: 0","her2_score_diagnosis: 0","ki67_status_diagnosis: 2","ki67_diagnosis: 0.4","tnm_stage_clinical: cT2N1-2M0","nac_drug: Others","er_status_surgery: Negative","er_score_surgery: 0","pr_status_surgery: Negative","pr_score_surgery: 0","her2_status_surgery: Negative","her2_score_surgery: 0","ki67_status_surgery: 3","ki67_surgery: 60-70%","histological_grade: 3","nuclear_grade: 3","lymphovascular_invasion: 1","bilaterality: 0","multiplicity: 0","surgery_type: 0","surgical_site: 2","tumor_size: 5.5","regional_lymph_nodes: 0","tnm_stage_pathologic: 9","pcr_status: 1","proliferative_index: 7.253962774","cyt_score: 3.958977141","subtype_pam50: Normal","subtype_nmc: TN","subtype_ihc: TN","tumor_purity_pathology: 0.75","cin_score: 20.72456282","tumor_purity_facets: 0.316398408","tumor_purity_consensus: 0.316398408","tumor_ploidy: 3.142580831","cnv_burden_del: 0","cnv_burden_hemizygote: 0.034426228","loh_burden_burden: 0","cnv_burden_gain: 0.63868566","cnv_burden_amp: 0.048990031","til_count: NA","tissue_area: NA","til_density: NA","time: T2","subtype_consensus: TN","mut_load: 8","total RNA","For RNA-Seq, sequencing libraries were prepared using TruSeq RNA Sample Preparation kit v2 (RS-122-2001 and RS-122-2002, Illumina). Sequencing of the RNA libraries was performed on an Illumina HiSeq2500 in 100-bp paired-end mode of the TruSeq Rapid PE Cluster kit and the TruSeq Rapid SBS kit.","9606","RNA-Seq data was analyzed using the RSEM42 pipeline with hg19 as the genome reference","Genome_build: hg19","Supplementary_files_format_and_content: expression matrix with gene expression by samples in TPM units","GPL16791","Zhengyan,,Kan","Computational Biology, Oncology Research & Development","Pfizer","10770 Science Center Drive","San Diego","CA","92121","USA","0","Illumina HiSeq 2500","cDNA","transcriptomic","RNA-Seq","BioSample: https://www.ncbi.nlm.nih.gov/biosample/SAMN10593252","NONE","49.63055556","No","0","Not Detected","Not Detected","Invasive ductal carcinoma","20.72456282","0.048990031","0","0.63868566","0.034426228","3.958977141","0","0","0","Negative","Female","0","0","0","Negative","3","0.4","2","3","60-70%","0","1","Postmenopausal","0","8","Others","3","1","0","0","0","Negative","7.253962774","0","TN","TN","TN","Normal","0","2","NA","NA","T2","NA","cT2N1-2M0","9","3.142580831","0.316398408","0.316398408","0.75","5.5"
"GSM3514012","OB_15_0286_2","GSM3514012","Public on Oct 12 2020","Dec 14 2018","Oct 12 2020","SRA","1","Primary Tumor","Homo sapiens","gender: Female","age: 59.63055556","menopausal_status: Postmenopausal","bc_family_history: No","brca1_status: 999","brca2_status: 999","cell_type_diagnosis: Invasive ductal carcinoma","er_status_diagnosis: 0","er_score_diagnosis: 0","pr_status_diagnosis: 0","pr_score_diagnosis: 3","her2_status_diagnosis: 1","her2_score_diagnosis: 3","ki67_status_diagnosis: 2","ki67_diagnosis: 40-50%","tnm_stage_clinical: cT2N2M0","nac_drug: AC+T+Trastuzumab","er_status_surgery: Negative","er_score_surgery: 0","pr_status_surgery: Negative","pr_score_surgery: 0","her2_status_surgery: Positive","her2_score_surgery: 3","ki67_status_surgery: 0","ki67_surgery: 1.51E-02","histological_grade: 2","nuclear_grade: 3","lymphovascular_invasion: 0","bilaterality: 0","multiplicity: 0","surgery_type: 1","surgical_site: 2","tumor_size: 0.5","regional_lymph_nodes: 1(mi)","tnm_stage_pathologic: 4","pcr_status: 1","proliferative_index: 5.571432328","cyt_score: 37.33106347","subtype_pam50: LumA","subtype_nmc: ER+HER2+","subtype_ihc: HER2+","tumor_purity_pathology: 0.3","cin_score: 37.29274447","tumor_purity_facets: 0.500843408","tumor_purity_consensus: 0.500843408","tumor_ploidy: 3.159051245","cnv_burden_del: 0.014799298","cnv_burden_hemizygote: 0.025652216","loh_burden_burden: 0","cnv_burden_gain: 0.466755482","cnv_burden_amp: 0.177073047","til_count: 494","tissue_area: 21570000","til_density: 22.9021789522485","time: T2","subtype_consensus: HER2+","mut_load: 4","total RNA","For RNA-Seq, sequencing libraries were prepared using TruSeq RNA Sample Preparation kit v2 (RS-122-2001 and RS-122-2002, Illumina). Sequencing of the RNA libraries was performed on an Illumina HiSeq2500 in 100-bp paired-end mode of the TruSeq Rapid PE Cluster kit and the TruSeq Rapid SBS kit.","9606","RNA-Seq data was analyzed using the RSEM42 pipeline with hg19 as the genome reference","Genome_build: hg19","Supplementary_files_format_and_content: expression matrix with gene expression by samples in TPM units","GPL16791","Zhengyan,,Kan","Computational Biology, Oncology Research & Development","Pfizer","10770 Science Center Drive","San Diego","CA","92121","USA","0","Illumina HiSeq 2500","cDNA","transcriptomic","RNA-Seq","BioSample: https://www.ncbi.nlm.nih.gov/biosample/SAMN10593251","NONE","59.63055556","No","0","999","999","Invasive ductal carcinoma","37.29274447","0.177073047","0.014799298","0.466755482","0.025652216","37.33106347","0","0","0","Negative","Female","3","3","1","Positive","2","40-50%","2","0","1.51E-02","0","0","Postmenopausal","0","4","AC+T+Trastuzumab","3","1","3","0","0","Negative","5.571432328","1(mi)","HER2+","HER2+","ER+HER2+","LumA","1","2","494","22.9021789522485","T2","21570000","cT2N2M0","4","3.159051245","0.500843408","0.500843408","0.3","0.5"
"GSM3514013","OB_15_0295_1","GSM3514013","Public on Oct 12 2020","Dec 14 2018","Oct 12 2020","SRA","1","Primary Tumor","Homo sapiens","gender: Female","age: 46.57777778","menopausal_status: Premenopausal","bc_family_history: No","brca1_status: 999","brca2_status: 999","cell_type_diagnosis: Invasive ductal carcinoma","er_status_diagnosis: 0","er_score_diagnosis: 3","pr_status_diagnosis: 0","pr_score_diagnosis: 0","her2_status_diagnosis: 0","her2_score_diagnosis: 0","ki67_status_diagnosis: 4","ki67_diagnosis: 70-80%","tnm_stage_clinical: cT2N1M0","nac_drug: AC+T","er_status_surgery: 999","er_score_surgery: 999","pr_status_surgery: 999","pr_score_surgery: 999","her2_status_surgery: 999","her2_score_surgery: 999","ki67_status_surgery: 999","ki67_surgery: 999","histological_grade: 999","nuclear_grade: 999","lymphovascular_invasion: 999","bilaterality: 0","multiplicity: 0","surgery_type: 1","surgical_site: 2","tumor_size: 0","regional_lymph_nodes: 0","tnm_stage_pathologic: 77","pcr_status: 0","proliferative_index: 46.87506457","cyt_score: 58.08104424","subtype_pam50: Basal","subtype_nmc: TN","subtype_ihc: TN","tumor_purity_pathology: 0.6","cin_score: 16.82280916","tumor_purity_facets: 0.230128773","tumor_purity_consensus: 0.230128773","tumor_ploidy: 1.552376354","cnv_burden_del: 0.009757416","cnv_burden_hemizygote: 0.224903748","loh_burden_burden: 0","cnv_burden_gain: 0.03767025","cnv_burden_amp: 0","til_count: 1014","tissue_area: 16893900","til_density: 60.0216646245094","time: T1","subtype_consensus: TN","mut_load: 4","total RNA","For RNA-Seq, sequencing libraries were prepared using TruSeq RNA Sample Preparation kit v2 (RS-122-2001 and RS-122-2002, Illumina). Sequencing of the RNA libraries was performed on an Illumina HiSeq2500 in 100-bp paired-end mode of the TruSeq Rapid PE Cluster kit and the TruSeq Rapid SBS kit.","9606","RNA-Seq data was analyzed using the RSEM42 pipeline with hg19 as the genome reference","Genome_build: hg19","Supplementary_files_format_and_content: expression matrix with gene expression by samples in TPM units","GPL16791","Zhengyan,,Kan","Computational Biology, Oncology Research & Development","Pfizer","10770 Science Center Drive","San Diego","CA","92121","USA","0","Illumina HiSeq 2500","cDNA","transcriptomic","RNA-Seq","BioSample: https://www.ncbi.nlm.nih.gov/biosample/SAMN10593250","NONE","46.57777778","No","0","999","999","Invasive ductal carcinoma","16.82280916","0","0.009757416","0.03767025","0.224903748","58.08104424","3","999","0","999","Female","0","999","0","999","999","70-80%","4","999","999","0","999","Premenopausal","0","4","AC+T","999","0","0","999","0","999","46.87506457","0","TN","TN","TN","Basal","1","2","1014","60.0216646245094","T1","16893900","cT2N1M0","77","1.552376354","0.230128773","0.230128773","0.6","0"
"GSM3514014","OB_15_0298_1","GSM3514014","Public on Oct 12 2020","Dec 14 2018","Oct 12 2020","SRA","1","Primary Tumor","Homo sapiens","gender: Female","age: 31.74444444","menopausal_status: Premenopausal","bc_family_history: No","brca1_status: Not Detected","brca2_status: Equivocal","cell_type_diagnosis: Invasive ductal carcinoma","er_status_diagnosis: 0","er_score_diagnosis: 2","pr_status_diagnosis: 0","pr_score_diagnosis: 0","her2_status_diagnosis: 0","her2_score_diagnosis: 0","ki67_status_diagnosis: 4","ki67_diagnosis: 70-80%","tnm_stage_clinical: cT2N1M0","nac_drug: AC+T","er_status_surgery: Negative","er_score_surgery: 0","pr_status_surgery: Negative","pr_score_surgery: 0","her2_status_surgery: Negative","her2_score_surgery: 1","ki67_status_surgery: 3","ki67_surgery: 60-70%","histological_grade: 3","nuclear_grade: 3","lymphovascular_invasion: 0","bilaterality: 0","multiplicity: 0","surgery_type: 1","surgical_site: 1","tumor_size: 0.4","regional_lymph_nodes: 0","tnm_stage_pathologic: 2","pcr_status: 1","proliferative_index: 57.37363685","cyt_score: 8.224962006","subtype_pam50: Basal","subtype_nmc: TN","subtype_ihc: TN","tumor_purity_pathology: 0.8","cin_score: 36.77407382","tumor_purity_facets: 0.628116445","tumor_purity_consensus: 0.628116445","tumor_ploidy: 2.655253877","cnv_burden_del: 0.010278271","cnv_burden_hemizygote: 0.125113292","loh_burden_burden: 0.157737451","cnv_burden_gain: 0.238979119","cnv_burden_amp: 0.075122682","til_count: 4521","tissue_area: 203446000","til_density: 22.2221129931284","time: T1","subtype_consensus: TN","mut_load: 77","total RNA","For RNA-Seq, sequencing libraries were prepared using TruSeq RNA Sample Preparation kit v2 (RS-122-2001 and RS-122-2002, Illumina). Sequencing of the RNA libraries was performed on an Illumina HiSeq2500 in 100-bp paired-end mode of the TruSeq Rapid PE Cluster kit and the TruSeq Rapid SBS kit.","9606","RNA-Seq data was analyzed using the RSEM42 pipeline with hg19 as the genome reference","Genome_build: hg19","Supplementary_files_format_and_content: expression matrix with gene expression by samples in TPM units","GPL16791","Zhengyan,,Kan","Computational Biology, Oncology Research & Development","Pfizer","10770 Science Center Drive","San Diego","CA","92121","USA","0","Illumina HiSeq 2500","cDNA","transcriptomic","RNA-Seq","BioSample: https://www.ncbi.nlm.nih.gov/biosample/SAMN10593315","NONE","31.74444444","No","0","Not Detected","Equivocal","Invasive ductal carcinoma","36.77407382","0.075122682","0.010278271","0.238979119","0.125113292","8.224962006","2","0","0","Negative","Female","0","1","0","Negative","3","70-80%","4","3","60-70%","0.157737451","0","Premenopausal","0","77","AC+T","3","1","0","0","0","Negative","57.37363685","0","TN","TN","TN","Basal","1","1","4521","22.2221129931284","T1","203446000","cT2N1M0","2","2.655253877","0.628116445","0.628116445","0.8","0.4"
"GSM3514015","OB_15_0298_2","GSM3514015","Public on Oct 12 2020","Dec 14 2018","Oct 12 2020","SRA","1","Primary Tumor","Homo sapiens","gender: Female","age: 31.74444444","menopausal_status: Premenopausal","bc_family_history: No","brca1_status: Not Detected","brca2_status: Equivocal","cell_type_diagnosis: Invasive ductal carcinoma","er_status_diagnosis: 0","er_score_diagnosis: 2","pr_status_diagnosis: 0","pr_score_diagnosis: 0","her2_status_diagnosis: 0","her2_score_diagnosis: 0","ki67_status_diagnosis: 4","ki67_diagnosis: 70-80%","tnm_stage_clinical: cT2N1M0","nac_drug: AC+T","er_status_surgery: Negative","er_score_surgery: 0","pr_status_surgery: Negative","pr_score_surgery: 0","her2_status_surgery: Negative","her2_score_surgery: 1","ki67_status_surgery: 3","ki67_surgery: 60-70%","histological_grade: 3","nuclear_grade: 3","lymphovascular_invasion: 0","bilaterality: 0","multiplicity: 0","surgery_type: 1","surgical_site: 1","tumor_size: 0.4","regional_lymph_nodes: 0","tnm_stage_pathologic: 2","pcr_status: 1","proliferative_index: 34.98931403","cyt_score: 30.3630038","subtype_pam50: Basal","subtype_nmc: TN","subtype_ihc: TN","tumor_purity_pathology: 0.75","cin_score: 18.39483085","tumor_purity_facets: 0.297237034","tumor_purity_consensus: 0.297237034","tumor_ploidy: 2.476112427","cnv_burden_del: 0.008661128","cnv_burden_hemizygote: 0.076035287","loh_burden_burden: 0.001952341","cnv_burden_gain: 0.517925435","cnv_burden_amp: 0.040555217","til_count: 6769","tissue_area: 41359400","til_density: 163.662915806322","time: T2","subtype_consensus: TN","mut_load: 22","total RNA","For RNA-Seq, sequencing libraries were prepared using TruSeq RNA Sample Preparation kit v2 (RS-122-2001 and RS-122-2002, Illumina). Sequencing of the RNA libraries was performed on an Illumina HiSeq2500 in 100-bp paired-end mode of the TruSeq Rapid PE Cluster kit and the TruSeq Rapid SBS kit.","9606","RNA-Seq data was analyzed using the RSEM42 pipeline with hg19 as the genome reference","Genome_build: hg19","Supplementary_files_format_and_content: expression matrix with gene expression by samples in TPM units","GPL16791","Zhengyan,,Kan","Computational Biology, Oncology Research & Development","Pfizer","10770 Science Center Drive","San Diego","CA","92121","USA","0","Illumina HiSeq 2500","cDNA","transcriptomic","RNA-Seq","BioSample: https://www.ncbi.nlm.nih.gov/biosample/SAMN10593314","NONE","31.74444444","No","0","Not Detected","Equivocal","Invasive ductal carcinoma","18.39483085","0.040555217","0.008661128","0.517925435","0.076035287","30.3630038","2","0","0","Negative","Female","0","1","0","Negative","3","70-80%","4","3","60-70%","0.001952341","0","Premenopausal","0","22","AC+T","3","1","0","0","0","Negative","34.98931403","0","TN","TN","TN","Basal","1","1","6769","163.662915806322","T2","41359400","cT2N1M0","2","2.476112427","0.297237034","0.297237034","0.75","0.4"
"GSM3514016","OB_15_0299_1","GSM3514016","Public on Oct 12 2020","Dec 14 2018","Oct 12 2020","SRA","1","Primary Tumor","Homo sapiens","gender: Female","age: 40.32222222","menopausal_status: Premenopausal","bc_family_history: Yes","brca1_status: Not Detected","brca2_status: Not Detected","cell_type_diagnosis: Invasive ductal carcinoma","er_status_diagnosis: 0","er_score_diagnosis: 0","pr_status_diagnosis: 0","pr_score_diagnosis: 0","her2_status_diagnosis: 1","her2_score_diagnosis: 3","ki67_status_diagnosis: 4","ki67_diagnosis: 70-80%","tnm_stage_clinical: cT2N1-2M0","nac_drug: AC+T+Trastuzumab","er_status_surgery: Negative","er_score_surgery: 0","pr_status_surgery: Negative","pr_score_surgery: 0","her2_status_surgery: Positive","her2_score_surgery: 3","ki67_status_surgery: 4","ki67_surgery: 0.8","histological_grade: 3","nuclear_grade: 3","lymphovascular_invasion: 0","bilaterality: 0","multiplicity: 0","surgery_type: 0","surgical_site: 2","tumor_size: 1.5","regional_lymph_nodes: 0","tnm_stage_pathologic: 2","pcr_status: 1","proliferative_index: 53.49385608","cyt_score: 10.45465447","subtype_pam50: Her2","subtype_nmc: HER2+","subtype_ihc: HER2+","tumor_purity_pathology: 0.5","cin_score: 13.70576611","tumor_purity_facets: 0.302848312","tumor_purity_consensus: 0.302848312","tumor_ploidy: 3.426461392","cnv_burden_del: 8.40E-05","cnv_burden_hemizygote: 0.022671617","loh_burden_burden: 0.060735705","cnv_burden_gain: 0.631667894","cnv_burden_amp: 0.143235546","til_count: 8866","tissue_area: 128742000","til_density: 68.8664150005437","time: T1","subtype_consensus: HER2+","mut_load: 52","total RNA","For RNA-Seq, sequencing libraries were prepared using TruSeq RNA Sample Preparation kit v2 (RS-122-2001 and RS-122-2002, Illumina). Sequencing of the RNA libraries was performed on an Illumina HiSeq2500 in 100-bp paired-end mode of the TruSeq Rapid PE Cluster kit and the TruSeq Rapid SBS kit.","9606","RNA-Seq data was analyzed using the RSEM42 pipeline with hg19 as the genome reference","Genome_build: hg19","Supplementary_files_format_and_content: expression matrix with gene expression by samples in TPM units","GPL16791","Zhengyan,,Kan","Computational Biology, Oncology Research & Development","Pfizer","10770 Science Center Drive","San Diego","CA","92121","USA","0","Illumina HiSeq 2500","cDNA","transcriptomic","RNA-Seq","BioSample: https://www.ncbi.nlm.nih.gov/biosample/SAMN10593313","NONE","40.32222222","Yes","0","Not Detected","Not Detected","Invasive ductal carcinoma","13.70576611","0.143235546","8.40E-05","0.631667894","0.022671617","10.45465447","0","0","0","Negative","Female","3","3","1","Positive","3","70-80%","4","4","0.8","0.060735705","0","Premenopausal","0","52","AC+T+Trastuzumab","3","1","0","0","0","Negative","53.49385608","0","HER2+","HER2+","HER2+","Her2","0","2","8866","68.8664150005437","T1","128742000","cT2N1-2M0","2","3.426461392","0.302848312","0.302848312","0.5","1.5"
"GSM3514017","OB_15_0299_2","GSM3514017","Public on Oct 12 2020","Dec 14 2018","Oct 12 2020","SRA","1","Primary Tumor","Homo sapiens","gender: Female","age: 40.32222222","menopausal_status: Premenopausal","bc_family_history: Yes","brca1_status: Not Detected","brca2_status: Not Detected","cell_type_diagnosis: Invasive ductal carcinoma","er_status_diagnosis: 0","er_score_diagnosis: 0","pr_status_diagnosis: 0","pr_score_diagnosis: 0","her2_status_diagnosis: 1","her2_score_diagnosis: 3","ki67_status_diagnosis: 4","ki67_diagnosis: 70-80%","tnm_stage_clinical: cT2N1-2M0","nac_drug: AC+T+Trastuzumab","er_status_surgery: Negative","er_score_surgery: 0","pr_status_surgery: Negative","pr_score_surgery: 0","her2_status_surgery: Positive","her2_score_surgery: 3","ki67_status_surgery: 4","ki67_surgery: 0.8","histological_grade: 3","nuclear_grade: 3","lymphovascular_invasion: 0","bilaterality: 0","multiplicity: 0","surgery_type: 0","surgical_site: 2","tumor_size: 1.5","regional_lymph_nodes: 0","tnm_stage_pathologic: 2","pcr_status: 1","proliferative_index: 46.27295567","cyt_score: 4.098780306","subtype_pam50: Her2","subtype_nmc: HER2+","subtype_ihc: HER2+","tumor_purity_pathology: 0.6","cin_score: 23.32478138","tumor_purity_facets: 0.495005771","tumor_purity_consensus: 0.495005771","tumor_ploidy: 3.538378584","cnv_burden_del: 0.000305535","cnv_burden_hemizygote: 0.023062982","loh_burden_burden: 0.01355816","cnv_burden_gain: 0.303000844","cnv_burden_amp: 0.496695067","til_count: NA","tissue_area: NA","til_density: NA","time: T2","subtype_consensus: HER2+","mut_load: 69","total RNA","For RNA-Seq, sequencing libraries were prepared using TruSeq RNA Sample Preparation kit v2 (RS-122-2001 and RS-122-2002, Illumina). Sequencing of the RNA libraries was performed on an Illumina HiSeq2500 in 100-bp paired-end mode of the TruSeq Rapid PE Cluster kit and the TruSeq Rapid SBS kit.","9606","RNA-Seq data was analyzed using the RSEM42 pipeline with hg19 as the genome reference","Genome_build: hg19","Supplementary_files_format_and_content: expression matrix with gene expression by samples in TPM units","GPL16791","Zhengyan,,Kan","Computational Biology, Oncology Research & Development","Pfizer","10770 Science Center Drive","San Diego","CA","92121","USA","0","Illumina HiSeq 2500","cDNA","transcriptomic","RNA-Seq","BioSample: https://www.ncbi.nlm.nih.gov/biosample/SAMN10593312","NONE","40.32222222","Yes","0","Not Detected","Not Detected","Invasive ductal carcinoma","23.32478138","0.496695067","0.000305535","0.303000844","0.023062982","4.098780306","0","0","0","Negative","Female","3","3","1","Positive","3","70-80%","4","4","0.8","0.01355816","0","Premenopausal","0","69","AC+T+Trastuzumab","3","1","0","0","0","Negative","46.27295567","0","HER2+","HER2+","HER2+","Her2","0","2","NA","NA","T2","NA","cT2N1-2M0","2","3.538378584","0.495005771","0.495005771","0.6","1.5"
"GSM3514018","OB_15_0299_3","GSM3514018","Public on Oct 12 2020","Dec 14 2018","Oct 12 2020","SRA","1","Primary Tumor","Homo sapiens","gender: Female","age: 40.32222222","menopausal_status: Premenopausal","bc_family_history: Yes","brca1_status: Not Detected","brca2_status: Not Detected","cell_type_diagnosis: Invasive ductal carcinoma","er_status_diagnosis: 0","er_score_diagnosis: 0","pr_status_diagnosis: 0","pr_score_diagnosis: 0","her2_status_diagnosis: 1","her2_score_diagnosis: 3","ki67_status_diagnosis: 4","ki67_diagnosis: 70-80%","tnm_stage_clinical: cT2N1-2M0","nac_drug: AC+T+Trastuzumab","er_status_surgery: Negative","er_score_surgery: 0","pr_status_surgery: Negative","pr_score_surgery: 0","her2_status_surgery: Positive","her2_score_surgery: 3","ki67_status_surgery: 4","ki67_surgery: 0.8","histological_grade: 3","nuclear_grade: 3","lymphovascular_invasion: 0","bilaterality: 0","multiplicity: 0","surgery_type: 0","surgical_site: 2","tumor_size: 1.5","regional_lymph_nodes: 0","tnm_stage_pathologic: 2","pcr_status: 1","proliferative_index: 42.12428256","cyt_score: 6.148024073","subtype_pam50: Her2","subtype_nmc: HER2+","subtype_ihc: HER2+","tumor_purity_pathology: 0.6","cin_score: 22.80072134","tumor_purity_facets: 0.541978764","tumor_purity_consensus: 0.541978764","tumor_ploidy: 3.341887268","cnv_burden_del: 0.000695257","cnv_burden_hemizygote: 0.00916161","loh_burden_burden: 0.137735457","cnv_burden_gain: 0.408871411","cnv_burden_amp: 0.197383538","til_count: 1068","tissue_area: 33931800","til_density: 31.4748996516542","time: T3","subtype_consensus: HER2+","mut_load: 87","total RNA","For RNA-Seq, sequencing libraries were prepared using TruSeq RNA Sample Preparation kit v2 (RS-122-2001 and RS-122-2002, Illumina). Sequencing of the RNA libraries was performed on an Illumina HiSeq2500 in 100-bp paired-end mode of the TruSeq Rapid PE Cluster kit and the TruSeq Rapid SBS kit.","9606","RNA-Seq data was analyzed using the RSEM42 pipeline with hg19 as the genome reference","Genome_build: hg19","Supplementary_files_format_and_content: expression matrix with gene expression by samples in TPM units","GPL16791","Zhengyan,,Kan","Computational Biology, Oncology Research & Development","Pfizer","10770 Science Center Drive","San Diego","CA","92121","USA","0","Illumina HiSeq 2500","cDNA","transcriptomic","RNA-Seq","BioSample: https://www.ncbi.nlm.nih.gov/biosample/SAMN10593311","NONE","40.32222222","Yes","0","Not Detected","Not Detected","Invasive ductal carcinoma","22.80072134","0.197383538","0.000695257","0.408871411","0.00916161","6.148024073","0","0","0","Negative","Female","3","3","1","Positive","3","70-80%","4","4","0.8","0.137735457","0","Premenopausal","0","87","AC+T+Trastuzumab","3","1","0","0","0","Negative","42.12428256","0","HER2+","HER2+","HER2+","Her2","0","2","1068","31.4748996516542","T3","33931800","cT2N1-2M0","2","3.341887268","0.541978764","0.541978764","0.6","1.5"
"GSM3514019","OB_15_0304_2","GSM3514019","Public on Oct 12 2020","Dec 14 2018","Oct 12 2020","SRA","1","Primary Tumor","Homo sapiens","gender: Female","age: 51.84444444","menopausal_status: Postmenopausal","bc_family_history: No","brca1_status: 999","brca2_status: 999","cell_type_diagnosis: Invasive ductal carcinoma","er_status_diagnosis: 0","er_score_diagnosis: 0","pr_status_diagnosis: 0","pr_score_diagnosis: 0","her2_status_diagnosis: 0","her2_score_diagnosis: 1","ki67_status_diagnosis: 2","ki67_diagnosis: 0.4","tnm_stage_clinical: cT1N1-2M0","nac_drug: AC+T","er_status_surgery: 999","er_score_surgery: 999","pr_status_surgery: 999","pr_score_surgery: 999","her2_status_surgery: 999","her2_score_surgery: 999","ki67_status_surgery: 999","ki67_surgery: 999","histological_grade: 999","nuclear_grade: 999","lymphovascular_invasion: 999","bilaterality: 0","multiplicity: 0","surgery_type: 1","surgical_site: 2","tumor_size: 0","regional_lymph_nodes: 0","tnm_stage_pathologic: 77","pcr_status: 0","proliferative_index: 6.613171965","cyt_score: 47.74149558","subtype_pam50: LumA","subtype_nmc: ER+","subtype_ihc: TN","tumor_purity_pathology: 0.6","cin_score: 22.62429752","tumor_purity_facets: 0.310969624","tumor_purity_consensus: 0.310969624","tumor_ploidy: 2.879888437","cnv_burden_del: 0.002564877","cnv_burden_hemizygote: 0.052468239","loh_burden_burden: 0","cnv_burden_gain: 0.649050734","cnv_burden_amp: 0.049004177","til_count: 4218","tissue_area: 20056900","til_density: 210.30169168715","time: T2","subtype_consensus: TN","mut_load: 5","total RNA","For RNA-Seq, sequencing libraries were prepared using TruSeq RNA Sample Preparation kit v2 (RS-122-2001 and RS-122-2002, Illumina). Sequencing of the RNA libraries was performed on an Illumina HiSeq2500 in 100-bp paired-end mode of the TruSeq Rapid PE Cluster kit and the TruSeq Rapid SBS kit.","9606","RNA-Seq data was analyzed using the RSEM42 pipeline with hg19 as the genome reference","Genome_build: hg19","Supplementary_files_format_and_content: expression matrix with gene expression by samples in TPM units","GPL16791","Zhengyan,,Kan","Computational Biology, Oncology Research & Development","Pfizer","10770 Science Center Drive","San Diego","CA","92121","USA","0","Illumina HiSeq 2500","cDNA","transcriptomic","RNA-Seq","BioSample: https://www.ncbi.nlm.nih.gov/biosample/SAMN10593310","NONE","51.84444444","No","0","999","999","Invasive ductal carcinoma","22.62429752","0.049004177","0.002564877","0.649050734","0.052468239","47.74149558","0","999","0","999","Female","1","999","0","999","999","0.4","2","999","999","0","999","Postmenopausal","0","5","AC+T","999","0","0","999","0","999","6.613171965","0","TN","TN","ER+","LumA","1","2","4218","210.30169168715","T2","20056900","cT1N1-2M0","77","2.879888437","0.310969624","0.310969624","0.6","0"
"GSM3514020","OB_15_0306_2","GSM3514020","Public on Oct 12 2020","Dec 14 2018","Oct 12 2020","SRA","1","Primary Tumor","Homo sapiens","gender: Female","age: 43.98611111","menopausal_status: Premenopausal","bc_family_history: No","brca1_status: 999","brca2_status: 999","cell_type_diagnosis: Invasive ductal carcinoma","er_status_diagnosis: 0","er_score_diagnosis: 0","pr_status_diagnosis: 0","pr_score_diagnosis: 0","her2_status_diagnosis: 1","her2_score_diagnosis: 3","ki67_status_diagnosis: 3","ki67_diagnosis: 50-60%","tnm_stage_clinical: cT2N1-2M0","nac_drug: AC+T+Trastuzumab","er_status_surgery: Positive","er_score_surgery: 8","pr_status_surgery: Positive","pr_score_surgery: 8","her2_status_surgery: 2+","her2_score_surgery: 2","ki67_status_surgery: 1","ki67_surgery: <1%","histological_grade: 1","nuclear_grade: 1","lymphovascular_invasion: 0","bilaterality: 0","multiplicity: 0","surgery_type: 0","surgical_site: 2","tumor_size: 9","regional_lymph_nodes: 0","tnm_stage_pathologic: 9","pcr_status: 1","proliferative_index: 5.480185489","cyt_score: 10.46076001","subtype_pam50: LumA","subtype_nmc: ER+HER2+","subtype_ihc: HER2+","tumor_purity_pathology: 0.7","cin_score: 34.41063676","tumor_purity_facets: 0.517723104","tumor_purity_consensus: 0.517723104","tumor_ploidy: 3.052289759","cnv_burden_del: 0.013133984","cnv_burden_hemizygote: 0.018871547","loh_burden_burden: 0","cnv_burden_gain: 0.435988181","cnv_burden_amp: 0.178652409","til_count: 931","tissue_area: 33364600","til_density: 27.9038262110141","time: T2","subtype_consensus: ER+HER2+","mut_load: 6","total RNA","For RNA-Seq, sequencing libraries were prepared using TruSeq RNA Sample Preparation kit v2 (RS-122-2001 and RS-122-2002, Illumina). Sequencing of the RNA libraries was performed on an Illumina HiSeq2500 in 100-bp paired-end mode of the TruSeq Rapid PE Cluster kit and the TruSeq Rapid SBS kit.","9606","RNA-Seq data was analyzed using the RSEM42 pipeline with hg19 as the genome reference","Genome_build: hg19","Supplementary_files_format_and_content: expression matrix with gene expression by samples in TPM units","GPL16791","Zhengyan,,Kan","Computational Biology, Oncology Research & Development","Pfizer","10770 Science Center Drive","San Diego","CA","92121","USA","0","Illumina HiSeq 2500","cDNA","transcriptomic","RNA-Seq","BioSample: https://www.ncbi.nlm.nih.gov/biosample/SAMN10593309","NONE","43.98611111","No","0","999","999","Invasive ductal carcinoma","34.41063676","0.178652409","0.013133984","0.435988181","0.018871547","10.46076001","0","8","0","Positive","Female","3","2","1","2+","1","50-60%","3","1","<1%","0","0","Premenopausal","0","6","AC+T+Trastuzumab","1","1","0","8","0","Positive","5.480185489","0","ER+HER2+","HER2+","ER+HER2+","LumA","0","2","931","27.9038262110141","T2","33364600","cT2N1-2M0","9","3.052289759","0.517723104","0.517723104","0.7","9"
"GSM3514021","OB_16_0012_1","GSM3514021","Public on Oct 12 2020","Dec 14 2018","Oct 12 2020","SRA","1","Primary Tumor","Homo sapiens","gender: Female","age: 34.01666667","menopausal_status: Premenopausal","bc_family_history: No","brca1_status: Not Detected","brca2_status: Not Detected","cell_type_diagnosis: Invasive ductal carcinoma","er_status_diagnosis: 1","er_score_diagnosis: 7","pr_status_diagnosis: 1","pr_score_diagnosis: 6","her2_status_diagnosis: 1","her2_score_diagnosis: 3","ki67_status_diagnosis: 4","ki67_diagnosis: 80-90%","tnm_stage_clinical: cT3N3M0","nac_drug: AC+T+Trastuzumab","er_status_surgery: Positive","er_score_surgery: 5","pr_status_surgery: Negative","pr_score_surgery: 0","her2_status_surgery: Positive","her2_score_surgery: 3","ki67_status_surgery: 3","ki67_surgery: 60-70%","histological_grade: 2","nuclear_grade: 2","lymphovascular_invasion: 0","bilaterality: 0","multiplicity: 0","surgery_type: 1","surgical_site: 1","tumor_size: 3.6(Tis)","regional_lymph_nodes: 0","tnm_stage_pathologic: 1","pcr_status: 0","proliferative_index: 40.63106446","cyt_score: 18.98710088","subtype_pam50: Her2","subtype_nmc: ER+HER2+","subtype_ihc: ER+HER2+","tumor_purity_pathology: 0.7","cin_score: 15.41011174","tumor_purity_facets: 0.267569871","tumor_purity_consensus: 0.267569871","tumor_ploidy: 1.610935972","cnv_burden_del: 0.032915221","cnv_burden_hemizygote: 0.16266699","loh_burden_burden: 0.000291377","cnv_burden_gain: 0.10346252","cnv_burden_amp: 0.005755512","til_count: 562","tissue_area: 12856200","til_density: 43.7143168276785","time: T1","subtype_consensus: HER2+","mut_load: 19","total RNA","For RNA-Seq, sequencing libraries were prepared using TruSeq RNA Sample Preparation kit v2 (RS-122-2001 and RS-122-2002, Illumina). Sequencing of the RNA libraries was performed on an Illumina HiSeq2500 in 100-bp paired-end mode of the TruSeq Rapid PE Cluster kit and the TruSeq Rapid SBS kit.","9606","RNA-Seq data was analyzed using the RSEM42 pipeline with hg19 as the genome reference","Genome_build: hg19","Supplementary_files_format_and_content: expression matrix with gene expression by samples in TPM units","GPL16791","Zhengyan,,Kan","Computational Biology, Oncology Research & Development","Pfizer","10770 Science Center Drive","San Diego","CA","92121","USA","0","Illumina HiSeq 2500","cDNA","transcriptomic","RNA-Seq","BioSample: https://www.ncbi.nlm.nih.gov/biosample/SAMN10593308","NONE","34.01666667","No","0","Not Detected","Not Detected","Invasive ductal carcinoma","15.41011174","0.005755512","0.032915221","0.10346252","0.16266699","18.98710088","7","5","1","Positive","Female","3","3","1","Positive","2","80-90%","4","3","60-70%","0.000291377","0","Premenopausal","0","19","AC+T+Trastuzumab","2","0","6","0","1","Negative","40.63106446","0","HER2+","ER+HER2+","ER+HER2+","Her2","1","1","562","43.7143168276785","T1","12856200","cT3N3M0","1","1.610935972","0.267569871","0.267569871","0.7","3.6(Tis)"
"GSM3514022","OB_16_0012_2","GSM3514022","Public on Oct 12 2020","Dec 14 2018","Oct 12 2020","SRA","1","Primary Tumor","Homo sapiens","gender: Female","age: 34.01666667","menopausal_status: Premenopausal","bc_family_history: No","brca1_status: Not Detected","brca2_status: Not Detected","cell_type_diagnosis: Invasive ductal carcinoma","er_status_diagnosis: 1","er_score_diagnosis: 7","pr_status_diagnosis: 1","pr_score_diagnosis: 6","her2_status_diagnosis: 1","her2_score_diagnosis: 3","ki67_status_diagnosis: 4","ki67_diagnosis: 80-90%","tnm_stage_clinical: cT3N3M0","nac_drug: AC+T+Trastuzumab","er_status_surgery: Positive","er_score_surgery: 5","pr_status_surgery: Negative","pr_score_surgery: 0","her2_status_surgery: Positive","her2_score_surgery: 3","ki67_status_surgery: 3","ki67_surgery: 60-70%","histological_grade: 2","nuclear_grade: 2","lymphovascular_invasion: 0","bilaterality: 0","multiplicity: 0","surgery_type: 1","surgical_site: 1","tumor_size: 3.6(Tis)","regional_lymph_nodes: 0","tnm_stage_pathologic: 1","pcr_status: 0","proliferative_index: 46.46256823","cyt_score: 13.15299966","subtype_pam50: Her2","subtype_nmc: ER+HER2+","subtype_ihc: ER+HER2+","tumor_purity_pathology: 0.75","cin_score: 20.0527005","tumor_purity_facets: 0.259411213","tumor_purity_consensus: 0.259411213","tumor_ploidy: 3.281824075","cnv_burden_del: 0.01923415","cnv_burden_hemizygote: 0.055283261","loh_burden_burden: 0.017094926","cnv_burden_gain: 0.490048439","cnv_burden_amp: 0.20573748","til_count: 723","tissue_area: 16107800","til_density: 44.885086728169","time: T2","subtype_consensus: HER2+","mut_load: 69","total RNA","For RNA-Seq, sequencing libraries were prepared using TruSeq RNA Sample Preparation kit v2 (RS-122-2001 and RS-122-2002, Illumina). Sequencing of the RNA libraries was performed on an Illumina HiSeq2500 in 100-bp paired-end mode of the TruSeq Rapid PE Cluster kit and the TruSeq Rapid SBS kit.","9606","RNA-Seq data was analyzed using the RSEM42 pipeline with hg19 as the genome reference","Genome_build: hg19","Supplementary_files_format_and_content: expression matrix with gene expression by samples in TPM units","GPL16791","Zhengyan,,Kan","Computational Biology, Oncology Research & Development","Pfizer","10770 Science Center Drive","San Diego","CA","92121","USA","0","Illumina HiSeq 2500","cDNA","transcriptomic","RNA-Seq","BioSample: https://www.ncbi.nlm.nih.gov/biosample/SAMN10593307","NONE","34.01666667","No","0","Not Detected","Not Detected","Invasive ductal carcinoma","20.0527005","0.20573748","0.01923415","0.490048439","0.055283261","13.15299966","7","5","1","Positive","Female","3","3","1","Positive","2","80-90%","4","3","60-70%","0.017094926","0","Premenopausal","0","69","AC+T+Trastuzumab","2","0","6","0","1","Negative","46.46256823","0","HER2+","ER+HER2+","ER+HER2+","Her2","1","1","723","44.885086728169","T2","16107800","cT3N3M0","1","3.281824075","0.259411213","0.259411213","0.75","3.6(Tis)"
"GSM3514023","OB_16_0029_1","GSM3514023","Public on Oct 12 2020","Dec 14 2018","Oct 12 2020","SRA","1","Primary Tumor","Homo sapiens","gender: Female","age: 38.40277778","menopausal_status: Premenopausal","bc_family_history: No","brca1_status: Equivocal","brca2_status: Not Detected","cell_type_diagnosis: Invasive ductal carcinoma","er_status_diagnosis: 1","er_score_diagnosis: 4","pr_status_diagnosis: 0","pr_score_diagnosis: 0","her2_status_diagnosis: 0","her2_score_diagnosis: 1","ki67_status_diagnosis: 4","ki67_diagnosis: 80-90%","tnm_stage_clinical: cT3N3M0","nac_drug: AC+T","er_status_surgery: Negative","er_score_surgery: 0","pr_status_surgery: Negative","pr_score_surgery: 0","her2_status_surgery: Negative","her2_score_surgery: 1","ki67_status_surgery: 1","ki67_surgery: 0.1","histological_grade: 2","nuclear_grade: 2","lymphovascular_invasion: 0","bilaterality: 0","multiplicity: 0","surgery_type: 1","surgical_site: 1","tumor_size: 1","regional_lymph_nodes: 2","tnm_stage_pathologic: 6","pcr_status: 1","proliferative_index: 18.99356678","cyt_score: 63.64301376","subtype_pam50: Basal","subtype_nmc: ER+","subtype_ihc: ER+","tumor_purity_pathology: 0.6","cin_score: 22.54906277","tumor_purity_facets: 0.346014267","tumor_purity_consensus: 0.346014267","tumor_ploidy: 2.087496383","cnv_burden_del: 0.033117921","cnv_burden_hemizygote: 0.128706345","loh_burden_burden: 0.019294732","cnv_burden_gain: 0.255511487","cnv_burden_amp: 0.036465054","til_count: 2642","tissue_area: 21616700","til_density: 122.220320400431","time: T1","subtype_consensus: TN","mut_load: 106","total RNA","For RNA-Seq, sequencing libraries were prepared using TruSeq RNA Sample Preparation kit v2 (RS-122-2001 and RS-122-2002, Illumina). Sequencing of the RNA libraries was performed on an Illumina HiSeq2500 in 100-bp paired-end mode of the TruSeq Rapid PE Cluster kit and the TruSeq Rapid SBS kit.","9606","RNA-Seq data was analyzed using the RSEM42 pipeline with hg19 as the genome reference","Genome_build: hg19","Supplementary_files_format_and_content: expression matrix with gene expression by samples in TPM units","GPL16791","Zhengyan,,Kan","Computational Biology, Oncology Research & Development","Pfizer","10770 Science Center Drive","San Diego","CA","92121","USA","0","Illumina HiSeq 2500","cDNA","transcriptomic","RNA-Seq","BioSample: https://www.ncbi.nlm.nih.gov/biosample/SAMN10593306","NONE","38.40277778","No","0","Equivocal","Not Detected","Invasive ductal carcinoma","22.54906277","0.036465054","0.033117921","0.255511487","0.128706345","63.64301376","4","0","1","Negative","Female","1","1","0","Negative","2","80-90%","4","1","0.1","0.019294732","0","Premenopausal","0","106","AC+T","2","1","0","0","0","Negative","18.99356678","2","TN","ER+","ER+","Basal","1","1","2642","122.220320400431","T1","21616700","cT3N3M0","6","2.087496383","0.346014267","0.346014267","0.6","1"
"GSM3514024","OB_16_0029_2","GSM3514024","Public on Oct 12 2020","Dec 14 2018","Oct 12 2020","SRA","1","Primary Tumor","Homo sapiens","gender: Female","age: 38.40277778","menopausal_status: Premenopausal","bc_family_history: No","brca1_status: Equivocal","brca2_status: Not Detected","cell_type_diagnosis: Invasive ductal carcinoma","er_status_diagnosis: 1","er_score_diagnosis: 4","pr_status_diagnosis: 0","pr_score_diagnosis: 0","her2_status_diagnosis: 0","her2_score_diagnosis: 1","ki67_status_diagnosis: 4","ki67_diagnosis: 80-90%","tnm_stage_clinical: cT3N3M0","nac_drug: AC+T","er_status_surgery: Negative","er_score_surgery: 0","pr_status_surgery: Negative","pr_score_surgery: 0","her2_status_surgery: Negative","her2_score_surgery: 1","ki67_status_surgery: 1","ki67_surgery: 0.1","histological_grade: 2","nuclear_grade: 2","lymphovascular_invasion: 0","bilaterality: 0","multiplicity: 0","surgery_type: 1","surgical_site: 1","tumor_size: 1","regional_lymph_nodes: 2","tnm_stage_pathologic: 6","pcr_status: 1","proliferative_index: 8.805016517","cyt_score: 93.6500977","subtype_pam50: LumB","subtype_nmc: TN","subtype_ihc: ER+","tumor_purity_pathology: 0.8","cin_score: 20.69843781","tumor_purity_facets: 0.390093312","tumor_purity_consensus: 0.390093312","tumor_ploidy: 2.716148854","cnv_burden_del: 0.000676047","cnv_burden_hemizygote: 0.068488315","loh_burden_burden: 0","cnv_burden_gain: 0.627340383","cnv_burden_amp: 0.046746418","til_count: 6609","tissue_area: 34853800","til_density: 189.620643947001","time: T2","subtype_consensus: TN","mut_load: 72","total RNA","For RNA-Seq, sequencing libraries were prepared using TruSeq RNA Sample Preparation kit v2 (RS-122-2001 and RS-122-2002, Illumina). Sequencing of the RNA libraries was performed on an Illumina HiSeq2500 in 100-bp paired-end mode of the TruSeq Rapid PE Cluster kit and the TruSeq Rapid SBS kit.","9606","RNA-Seq data was analyzed using the RSEM42 pipeline with hg19 as the genome reference","Genome_build: hg19","Supplementary_files_format_and_content: expression matrix with gene expression by samples in TPM units","GPL16791","Zhengyan,,Kan","Computational Biology, Oncology Research & Development","Pfizer","10770 Science Center Drive","San Diego","CA","92121","USA","0","Illumina HiSeq 2500","cDNA","transcriptomic","RNA-Seq","BioSample: https://www.ncbi.nlm.nih.gov/biosample/SAMN10593305","NONE","38.40277778","No","0","Equivocal","Not Detected","Invasive ductal carcinoma","20.69843781","0.046746418","0.000676047","0.627340383","0.068488315","93.6500977","4","0","1","Negative","Female","1","1","0","Negative","2","80-90%","4","1","0.1","0","0","Premenopausal","0","72","AC+T","2","1","0","0","0","Negative","8.805016517","2","TN","ER+","TN","LumB","1","1","6609","189.620643947001","T2","34853800","cT3N3M0","6","2.716148854","0.390093312","0.390093312","0.8","1"
"GSM3514025","OB_16_0033_1","GSM3514025","Public on Oct 12 2020","Dec 14 2018","Oct 12 2020","SRA","1","Primary Tumor","Homo sapiens","gender: Female","age: 47.95277778","menopausal_status: Premenopausal","bc_family_history: No","brca1_status: 999","brca2_status: 999","cell_type_diagnosis: Invasive ductal carcinoma","er_status_diagnosis: 0","er_score_diagnosis: 0","pr_status_diagnosis: 0","pr_score_diagnosis: 0","her2_status_diagnosis: 0","her2_score_diagnosis: 0","ki67_status_diagnosis: 2","ki67_diagnosis: 40-50%","tnm_stage_clinical: cT2N1-2M0","nac_drug: AC+T","er_status_surgery: Negative","er_score_surgery: 0","pr_status_surgery: Negative","pr_score_surgery: 0","her2_status_surgery: Negative","her2_score_surgery: 0","ki67_status_surgery: 1","ki67_surgery: <1%","histological_grade: 2","nuclear_grade: 3","lymphovascular_invasion: 0","bilaterality: 0","multiplicity: 0","surgery_type: 1","surgical_site: 2","tumor_size: 1.5","regional_lymph_nodes: 0","tnm_stage_pathologic: 2","pcr_status: 1","proliferative_index: 40.33555321","cyt_score: 18.68899141","subtype_pam50: Basal","subtype_nmc: TN","subtype_ihc: TN","tumor_purity_pathology: 0.7","cin_score: 24.85844786","tumor_purity_facets: 0.2007112","tumor_purity_consensus: 0.2007112","tumor_ploidy: 3.634320934","cnv_burden_del: 0.006407338","cnv_burden_hemizygote: 0.066841129","loh_burden_burden: 0.117810548","cnv_burden_gain: 0.398062118","cnv_burden_amp: 0.188571526","til_count: 1671","tissue_area: 19577600","til_density: 85.3526479241582","time: T1","subtype_consensus: TN","mut_load: 108","total RNA","For RNA-Seq, sequencing libraries were prepared using TruSeq RNA Sample Preparation kit v2 (RS-122-2001 and RS-122-2002, Illumina). Sequencing of the RNA libraries was performed on an Illumina HiSeq2500 in 100-bp paired-end mode of the TruSeq Rapid PE Cluster kit and the TruSeq Rapid SBS kit.","9606","RNA-Seq data was analyzed using the RSEM42 pipeline with hg19 as the genome reference","Genome_build: hg19","Supplementary_files_format_and_content: expression matrix with gene expression by samples in TPM units","GPL16791","Zhengyan,,Kan","Computational Biology, Oncology Research & Development","Pfizer","10770 Science Center Drive","San Diego","CA","92121","USA","0","Illumina HiSeq 2500","cDNA","transcriptomic","RNA-Seq","BioSample: https://www.ncbi.nlm.nih.gov/biosample/SAMN10593304","NONE","47.95277778","No","0","999","999","Invasive ductal carcinoma","24.85844786","0.188571526","0.006407338","0.398062118","0.066841129","18.68899141","0","0","0","Negative","Female","0","0","0","Negative","2","40-50%","2","1","<1%","0.117810548","0","Premenopausal","0","108","AC+T","3","1","0","0","0","Negative","40.33555321","0","TN","TN","TN","Basal","1","2","1671","85.3526479241582","T1","19577600","cT2N1-2M0","2","3.634320934","0.2007112","0.2007112","0.7","1.5"
"GSM3514026","OB_15_0053_1","GSM3514026","Public on Oct 12 2020","Dec 14 2018","Oct 12 2020","SRA","1","Primary Tumor","Homo sapiens","gender: Female","age: 56.13055556","menopausal_status: Postmenopausal","bc_family_history: No","brca1_status: Not Detected","brca2_status: Not Detected","cell_type_diagnosis: Invasive ductal carcinoma","er_status_diagnosis: 0","er_score_diagnosis: 2","pr_status_diagnosis: 0","pr_score_diagnosis: 0","her2_status_diagnosis: 0","her2_score_diagnosis: 0","ki67_status_diagnosis: 4","ki67_diagnosis: 80-90%","tnm_stage_clinical: cT2N1M0","nac_drug: Others","er_status_surgery: 999","er_score_surgery: 999","pr_status_surgery: 999","pr_score_surgery: 999","her2_status_surgery: 999","her2_score_surgery: 999","ki67_status_surgery: 999","ki67_surgery: 999","histological_grade: 999","nuclear_grade: 3","lymphovascular_invasion: 0","bilaterality: 0","multiplicity: 0","surgery_type: 1","surgical_site: 2","tumor_size: 500 <U+339B>","regional_lymph_nodes: 0","tnm_stage_pathologic: 2","pcr_status: 1","proliferative_index: 38.94191654","cyt_score: 15.16543438","subtype_pam50: Basal","subtype_nmc: TN","subtype_ihc: TN","tumor_purity_pathology: 0.75","cin_score: 10.0445637","tumor_purity_facets: 0.289005571","tumor_purity_consensus: 0.289005571","tumor_ploidy: 3.15126149","cnv_burden_del: 0","cnv_burden_hemizygote: 0.000630817","loh_burden_burden: 0.331659057","cnv_burden_gain: 0.348565534","cnv_burden_amp: 0.086563837","til_count: 3223","tissue_area: 56208000","til_density: 57.3405920865357","time: T1","subtype_consensus: TN","mut_load: 76","total RNA","For RNA-Seq, sequencing libraries were prepared using TruSeq RNA Sample Preparation kit v2 (RS-122-2001 and RS-122-2002, Illumina). Sequencing of the RNA libraries was performed on an Illumina HiSeq2500 in 100-bp paired-end mode of the TruSeq Rapid PE Cluster kit and the TruSeq Rapid SBS kit.","9606","RNA-Seq data was analyzed using the RSEM42 pipeline with hg19 as the genome reference","Genome_build: hg19","Supplementary_files_format_and_content: expression matrix with gene expression by samples in TPM units","GPL16791","Zhengyan,,Kan","Computational Biology, Oncology Research & Development","Pfizer","10770 Science Center Drive","San Diego","CA","92121","USA","0","Illumina HiSeq 2500","cDNA","transcriptomic","RNA-Seq","BioSample: https://www.ncbi.nlm.nih.gov/biosample/SAMN10593303","NONE","56.13055556","No","0","Not Detected","Not Detected","Invasive ductal carcinoma","10.0445637","0.086563837","0","0.348565534","0.000630817","15.16543438","2","999","0","999","Female","0","999","0","999","999","80-90%","4","999","999","0.331659057","0","Postmenopausal","0","76","Others","3","1","0","999","0","999","38.94191654","0","TN","TN","TN","Basal","1","2","3223","57.3405920865357","T1","56208000","cT2N1M0","2","3.15126149","0.289005571","0.289005571","0.75","500 <U+339B>"
"GSM3514027","OB_15_0058_3","GSM3514027","Public on Oct 12 2020","Dec 14 2018","Oct 12 2020","SRA","1","Primary Tumor","Homo sapiens","gender: Female","age: 45.97222222","menopausal_status: Premenopausal","bc_family_history: Yes","brca1_status: Detected","brca2_status: Not Detected","cell_type_diagnosis: Invasive ductal carcinoma","er_status_diagnosis: 0","er_score_diagnosis: 0","pr_status_diagnosis: 0","pr_score_diagnosis: 0","her2_status_diagnosis: 0","her2_score_diagnosis: 0","ki67_status_diagnosis: 3","ki67_diagnosis: 60-70%","tnm_stage_clinical: cT3N2M0","nac_drug: AC+T","er_status_surgery: Negative","er_score_surgery: 0","pr_status_surgery: Negative","pr_score_surgery: 0","her2_status_surgery: Negative","her2_score_surgery: 0","ki67_status_surgery: 4","ki67_surgery: 90-95%","histological_grade: 3","nuclear_grade: 3","lymphovascular_invasion: 1","bilaterality: 0","multiplicity: 0","surgery_type: 0","surgical_site: 1","tumor_size: 12","regional_lymph_nodes: 1","tnm_stage_pathologic: 13","pcr_status: 1","proliferative_index: 48.37759404","cyt_score: 0.851351866","subtype_pam50: Basal","subtype_nmc: TN","subtype_ihc: TN","tumor_purity_pathology: 0.5","cin_score: 26.71122876","tumor_purity_facets: 0.811281641","tumor_purity_consensus: 0.811281641","tumor_ploidy: 3.198604724","cnv_burden_del: 0.004271631","cnv_burden_hemizygote: 0.028959617","loh_burden_burden: 0.236174537","cnv_burden_gain: 0.390017243","cnv_burden_amp: 0.180353694","til_count: 2430","tissue_area: 119505000","til_density: 20.33387724363","time: T3","subtype_consensus: TN","mut_load: 77","total RNA","For RNA-Seq, sequencing libraries were prepared using TruSeq RNA Sample Preparation kit v2 (RS-122-2001 and RS-122-2002, Illumina). Sequencing of the RNA libraries was performed on an Illumina HiSeq2500 in 100-bp paired-end mode of the TruSeq Rapid PE Cluster kit and the TruSeq Rapid SBS kit.","9606","RNA-Seq data was analyzed using the RSEM42 pipeline with hg19 as the genome reference","Genome_build: hg19","Supplementary_files_format_and_content: expression matrix with gene expression by samples in TPM units","GPL16791","Zhengyan,,Kan","Computational Biology, Oncology Research & Development","Pfizer","10770 Science Center Drive","San Diego","CA","92121","USA","0","Illumina HiSeq 2500","cDNA","transcriptomic","RNA-Seq","BioSample: https://www.ncbi.nlm.nih.gov/biosample/SAMN10593302","NONE","45.97222222","Yes","0","Detected","Not Detected","Invasive ductal carcinoma","26.71122876","0.180353694","0.004271631","0.390017243","0.028959617","0.851351866","0","0","0","Negative","Female","0","0","0","Negative","3","60-70%","3","4","90-95%","0.236174537","1","Premenopausal","0","77","AC+T","3","1","0","0","0","Negative","48.37759404","1","TN","TN","TN","Basal","0","1","2430","20.33387724363","T3","119505000","cT3N2M0","13","3.198604724","0.811281641","0.811281641","0.5","12"
"GSM3514028","OB_15_0066_3","GSM3514028","Public on Oct 12 2020","Dec 14 2018","Oct 12 2020","SRA","1","Primary Tumor","Homo sapiens","gender: Female","age: 35.41388889","menopausal_status: Premenopausal","bc_family_history: No","brca1_status: Equivocal","brca2_status: Not Detected","cell_type_diagnosis: Invasive ductal carcinoma","er_status_diagnosis: 1","er_score_diagnosis: 4","pr_status_diagnosis: 0","pr_score_diagnosis: 0","her2_status_diagnosis: 1","her2_score_diagnosis: 2","ki67_status_diagnosis: 4","ki67_diagnosis: 70-80%","tnm_stage_clinical: cT4N3M0","nac_drug: AC+T+Trastuzumab","er_status_surgery: Negative","er_score_surgery: 0","pr_status_surgery: Negative","pr_score_surgery: 0","her2_status_surgery: Negative","her2_score_surgery: 0","ki67_status_surgery: 4","ki67_surgery: 70-80%","histological_grade: 3","nuclear_grade: 3","lymphovascular_invasion: 1","bilaterality: 0","multiplicity: 0","surgery_type: 0","surgical_site: 2","tumor_size: 4.5","regional_lymph_nodes: 19","tnm_stage_pathologic: 18","pcr_status: 1","proliferative_index: 56.5795571","cyt_score: 3.833536227","subtype_pam50: Basal","subtype_nmc: NA","subtype_ihc: ER+HER2+","tumor_purity_pathology: 0.85","cin_score: NA","tumor_purity_facets: NA","tumor_purity_consensus: 0.85","tumor_ploidy: NA","cnv_burden_del: NA","cnv_burden_hemizygote: NA","loh_burden_burden: NA","cnv_burden_gain: NA","cnv_burden_amp: NA","til_count: 10912","tissue_area: 547539968","til_density: 19.9291387619762","time: T3","subtype_consensus: ER+HER2+","mut_load: NA","total RNA","For RNA-Seq, sequencing libraries were prepared using TruSeq RNA Sample Preparation kit v2 (RS-122-2001 and RS-122-2002, Illumina). Sequencing of the RNA libraries was performed on an Illumina HiSeq2500 in 100-bp paired-end mode of the TruSeq Rapid PE Cluster kit and the TruSeq Rapid SBS kit.","9606","RNA-Seq data was analyzed using the RSEM42 pipeline with hg19 as the genome reference","Genome_build: hg19","Supplementary_files_format_and_content: expression matrix with gene expression by samples in TPM units","GPL16791","Zhengyan,,Kan","Computational Biology, Oncology Research & Development","Pfizer","10770 Science Center Drive","San Diego","CA","92121","USA","0","Illumina HiSeq 2500","cDNA","transcriptomic","RNA-Seq","BioSample: https://www.ncbi.nlm.nih.gov/biosample/SAMN10593301","NONE","35.41388889","No","0","Equivocal","Not Detected","Invasive ductal carcinoma","NA","NA","NA","NA","NA","3.833536227","4","0","1","Negative","Female","2","0","1","Negative","3","70-80%","4","4","70-80%","NA","1","Premenopausal","0","NA","AC+T+Trastuzumab","3","1","0","0","0","Negative","56.5795571","19","ER+HER2+","ER+HER2+","NA","Basal","0","2","10912","19.9291387619762","T3","547539968","cT4N3M0","18","NA","0.85","NA","0.85","4.5"
"GSM3514029","OB_15_0068_2","GSM3514029","Public on Oct 12 2020","Dec 14 2018","Oct 12 2020","SRA","1","Primary Tumor","Homo sapiens","gender: Female","age: 42.81388889","menopausal_status: Premenopausal","bc_family_history: No","brca1_status: 999","brca2_status: 999","cell_type_diagnosis: Invasive ductal carcinoma","er_status_diagnosis: 0","er_score_diagnosis: 0","pr_status_diagnosis: 0","pr_score_diagnosis: 0","her2_status_diagnosis: 0","her2_score_diagnosis: 1","ki67_status_diagnosis: 2","ki67_diagnosis: 40-50%","tnm_stage_clinical: cT2N0-1M0","nac_drug: AC+T","er_status_surgery: Negative","er_score_surgery: 0","pr_status_surgery: Negative","pr_score_surgery: 0","her2_status_surgery: Negative","her2_score_surgery: 1","ki67_status_surgery: 3","ki67_surgery: 60-70%","histological_grade: 3","nuclear_grade: 3","lymphovascular_invasion: 0","bilaterality: 0","multiplicity: 0","surgery_type: 1","surgical_site: 2","tumor_size: 0.6","regional_lymph_nodes: 0","tnm_stage_pathologic: 2","pcr_status: 1","proliferative_index: 52.57467106","cyt_score: 9.482214931","subtype_pam50: Basal","subtype_nmc: NA","subtype_ihc: TN","tumor_purity_pathology: 0.8","cin_score: NA","tumor_purity_facets: NA","tumor_purity_consensus: 0.8","tumor_ploidy: NA","cnv_burden_del: NA","cnv_burden_hemizygote: NA","loh_burden_burden: NA","cnv_burden_gain: NA","cnv_burden_amp: NA","til_count: 1032","tissue_area: 16365900","til_density: 63.0579436511283","time: T2","subtype_consensus: TN","mut_load: NA","total RNA","For RNA-Seq, sequencing libraries were prepared using TruSeq RNA Sample Preparation kit v2 (RS-122-2001 and RS-122-2002, Illumina). Sequencing of the RNA libraries was performed on an Illumina HiSeq2500 in 100-bp paired-end mode of the TruSeq Rapid PE Cluster kit and the TruSeq Rapid SBS kit.","9606","RNA-Seq data was analyzed using the RSEM42 pipeline with hg19 as the genome reference","Genome_build: hg19","Supplementary_files_format_and_content: expression matrix with gene expression by samples in TPM units","GPL16791","Zhengyan,,Kan","Computational Biology, Oncology Research & Development","Pfizer","10770 Science Center Drive","San Diego","CA","92121","USA","0","Illumina HiSeq 2500","cDNA","transcriptomic","RNA-Seq","BioSample: https://www.ncbi.nlm.nih.gov/biosample/SAMN10593300","NONE","42.81388889","No","0","999","999","Invasive ductal carcinoma","NA","NA","NA","NA","NA","9.482214931","0","0","0","Negative","Female","1","1","0","Negative","3","40-50%","2","3","60-70%","NA","0","Premenopausal","0","NA","AC+T","3","1","0","0","0","Negative","52.57467106","0","TN","TN","NA","Basal","1","2","1032","63.0579436511283","T2","16365900","cT2N0-1M0","2","NA","0.8","NA","0.8","0.6"
"GSM3514030","OB_15_0069_3","GSM3514030","Public on Oct 12 2020","Dec 14 2018","Oct 12 2020","SRA","1","Primary Tumor","Homo sapiens","gender: Female","age: 36.025","menopausal_status: Premenopausal","bc_family_history: Yes","brca1_status: Equivocal","brca2_status: Not Detected","cell_type_diagnosis: Invasive ductal carcinoma","er_status_diagnosis: 0","er_score_diagnosis: 0","pr_status_diagnosis: 0","pr_score_diagnosis: 0","her2_status_diagnosis: 0","her2_score_diagnosis: 1","ki67_status_diagnosis: 4","ki67_diagnosis: 90-100%","tnm_stage_clinical: cT2N0-1M0","nac_drug: AC+T","er_status_surgery: Negative","er_score_surgery: 0","pr_status_surgery: Negative","pr_score_surgery: 0","her2_status_surgery: Negative","her2_score_surgery: 2","ki67_status_surgery: 4","ki67_surgery: 0.9","histological_grade: 3","nuclear_grade: 3","lymphovascular_invasion: 0","bilaterality: 0","multiplicity: 0","surgery_type: 1","surgical_site: 1","tumor_size: 1.8","regional_lymph_nodes: 0","tnm_stage_pathologic: 2","pcr_status: 1","proliferative_index: 85.01259679","cyt_score: 2.475277762","subtype_pam50: Basal","subtype_nmc: TN","subtype_ihc: TN","tumor_purity_pathology: 0.8","cin_score: 29.87504886","tumor_purity_facets: 0.820290581","tumor_purity_consensus: 0.820290581","tumor_ploidy: 3.020557909","cnv_burden_del: 0.005372799","cnv_burden_hemizygote: 0.022655226","loh_burden_burden: 0.307576493","cnv_burden_gain: 0.410472204","cnv_burden_amp: 0.093233349","til_count: 1765","tissue_area: 39229300","til_density: 44.9918810684871","time: T3","subtype_consensus: TN","mut_load: 47","total RNA","For RNA-Seq, sequencing libraries were prepared using TruSeq RNA Sample Preparation kit v2 (RS-122-2001 and RS-122-2002, Illumina). Sequencing of the RNA libraries was performed on an Illumina HiSeq2500 in 100-bp paired-end mode of the TruSeq Rapid PE Cluster kit and the TruSeq Rapid SBS kit.","9606","RNA-Seq data was analyzed using the RSEM42 pipeline with hg19 as the genome reference","Genome_build: hg19","Supplementary_files_format_and_content: expression matrix with gene expression by samples in TPM units","GPL16791","Zhengyan,,Kan","Computational Biology, Oncology Research & Development","Pfizer","10770 Science Center Drive","San Diego","CA","92121","USA","0","Illumina HiSeq 2500","cDNA","transcriptomic","RNA-Seq","BioSample: https://www.ncbi.nlm.nih.gov/biosample/SAMN10593207","NONE","36.025","Yes","0","Equivocal","Not Detected","Invasive ductal carcinoma","29.87504886","0.093233349","0.005372799","0.410472204","0.022655226","2.475277762","0","0","0","Negative","Female","1","2","0","Negative","3","90-100%","4","4","0.9","0.307576493","0","Premenopausal","0","47","AC+T","3","1","0","0","0","Negative","85.01259679","0","TN","TN","TN","Basal","1","1","1765","44.9918810684871","T3","39229300","cT2N0-1M0","2","3.020557909","0.820290581","0.820290581","0.8","1.8"
"GSM3514031","OB_15_0131_1","GSM3514031","Public on Oct 12 2020","Dec 14 2018","Oct 12 2020","SRA","1","Primary Tumor","Homo sapiens","gender: Female","age: 33.25555556","menopausal_status: Premenopausal","bc_family_history: No","brca1_status: Equivocal","brca2_status: Not Detected","cell_type_diagnosis: Invasive ductal carcinoma","er_status_diagnosis: 0","er_score_diagnosis: 0","pr_status_diagnosis: 0","pr_score_diagnosis: 0","her2_status_diagnosis: 0","her2_score_diagnosis: 0","ki67_status_diagnosis: 3","ki67_diagnosis: 70-80%","tnm_stage_clinical: cT2N1M0","nac_drug: AC+T","er_status_surgery: Negative","er_score_surgery: 0","pr_status_surgery: Negative","pr_score_surgery: 0","her2_status_surgery: Negative","her2_score_surgery: 1","ki67_status_surgery: 3","ki67_surgery: 70-80%","histological_grade: 3","nuclear_grade: 3","lymphovascular_invasion: 0","bilaterality: 0","multiplicity: 0","surgery_type: 1","surgical_site: 2","tumor_size: 0.8","regional_lymph_nodes: 0","tnm_stage_pathologic: 2","pcr_status: 1","proliferative_index: 45.88948541","cyt_score: 6.741394514","subtype_pam50: Basal","subtype_nmc: NA","subtype_ihc: TN","tumor_purity_pathology: 0.75","cin_score: NA","tumor_purity_facets: NA","tumor_purity_consensus: 0.75","tumor_ploidy: NA","cnv_burden_del: NA","cnv_burden_hemizygote: NA","loh_burden_burden: NA","cnv_burden_gain: NA","cnv_burden_amp: NA","til_count: 1384","tissue_area: 23398400","til_density: 59.1493435448578","time: T1","subtype_consensus: TN","mut_load: NA","total RNA","For RNA-Seq, sequencing libraries were prepared using TruSeq RNA Sample Preparation kit v2 (RS-122-2001 and RS-122-2002, Illumina). Sequencing of the RNA libraries was performed on an Illumina HiSeq2500 in 100-bp paired-end mode of the TruSeq Rapid PE Cluster kit and the TruSeq Rapid SBS kit.","9606","RNA-Seq data was analyzed using the RSEM42 pipeline with hg19 as the genome reference","Genome_build: hg19","Supplementary_files_format_and_content: expression matrix with gene expression by samples in TPM units","GPL16791","Zhengyan,,Kan","Computational Biology, Oncology Research & Development","Pfizer","10770 Science Center Drive","San Diego","CA","92121","USA","0","Illumina HiSeq 2500","cDNA","transcriptomic","RNA-Seq","BioSample: https://www.ncbi.nlm.nih.gov/biosample/SAMN10593206","NONE","33.25555556","No","0","Equivocal","Not Detected","Invasive ductal carcinoma","NA","NA","NA","NA","NA","6.741394514","0","0","0","Negative","Female","0","1","0","Negative","3","70-80%","3","3","70-80%","NA","0","Premenopausal","0","NA","AC+T","3","1","0","0","0","Negative","45.88948541","0","TN","TN","NA","Basal","1","2","1384","59.1493435448578","T1","23398400","cT2N1M0","2","NA","0.75","NA","0.75","0.8"
"GSM3514032","OB_15_0135_2","GSM3514032","Public on Oct 12 2020","Dec 14 2018","Oct 12 2020","SRA","1","Primary Tumor","Homo sapiens","gender: Female","age: 50.74722222","menopausal_status: Postmenopausal","bc_family_history: No","brca1_status: 999","brca2_status: 999","cell_type_diagnosis: Invasive ductal carcinoma","er_status_diagnosis: 0","er_score_diagnosis: 0","pr_status_diagnosis: 0","pr_score_diagnosis: 0","her2_status_diagnosis: 0","her2_score_diagnosis: 1","ki67_status_diagnosis: 1","ki67_diagnosis: 5-10%","tnm_stage_clinical: cT1N1M0","nac_drug: AC+T","er_status_surgery: Negative","er_score_surgery: 0","pr_status_surgery: Negative","pr_score_surgery: 0","her2_status_surgery: Negative","her2_score_surgery: 0","ki67_status_surgery: 1","ki67_surgery: <5%","histological_grade: 3","nuclear_grade: 3","lymphovascular_invasion: 1","bilaterality: 0","multiplicity: 0","surgery_type: 1","surgical_site: 2","tumor_size: 2.2(Tis)","regional_lymph_nodes: 3","tnm_stage_pathologic: 5","pcr_status: 1","proliferative_index: 9.535488663","cyt_score: 10.602113","subtype_pam50: LumA","subtype_nmc: NA","subtype_ihc: TN","tumor_purity_pathology: 0.6","cin_score: NA","tumor_purity_facets: NA","tumor_purity_consensus: 0.6","tumor_ploidy: NA","cnv_burden_del: NA","cnv_burden_hemizygote: NA","loh_burden_burden: NA","cnv_burden_gain: NA","cnv_burden_amp: NA","til_count: 4879","tissue_area: 46076100","til_density: 105.890038436413","time: T2","subtype_consensus: TN","mut_load: NA","total RNA","For RNA-Seq, sequencing libraries were prepared using TruSeq RNA Sample Preparation kit v2 (RS-122-2001 and RS-122-2002, Illumina). Sequencing of the RNA libraries was performed on an Illumina HiSeq2500 in 100-bp paired-end mode of the TruSeq Rapid PE Cluster kit and the TruSeq Rapid SBS kit.","9606","RNA-Seq data was analyzed using the RSEM42 pipeline with hg19 as the genome reference","Genome_build: hg19","Supplementary_files_format_and_content: expression matrix with gene expression by samples in TPM units","GPL16791","Zhengyan,,Kan","Computational Biology, Oncology Research & Development","Pfizer","10770 Science Center Drive","San Diego","CA","92121","USA","0","Illumina HiSeq 2500","cDNA","transcriptomic","RNA-Seq","BioSample: https://www.ncbi.nlm.nih.gov/biosample/SAMN10593205","NONE","50.74722222","No","0","999","999","Invasive ductal carcinoma","NA","NA","NA","NA","NA","10.602113","0","0","0","Negative","Female","1","0","0","Negative","3","5-10%","1","1","<5%","NA","1","Postmenopausal","0","NA","AC+T","3","1","0","0","0","Negative","9.535488663","3","TN","TN","NA","LumA","1","2","4879","105.890038436413","T2","46076100","cT1N1M0","5","NA","0.6","NA","0.6","2.2(Tis)"
"GSM3514033","OB_15_0202_1","GSM3514033","Public on Oct 12 2020","Dec 14 2018","Oct 12 2020","SRA","1","Primary Tumor","Homo sapiens","gender: Female","age: 51.91388889","menopausal_status: Premenopausal","bc_family_history: No","brca1_status: 999","brca2_status: 999","cell_type_diagnosis: Invasive ductal carcinoma","er_status_diagnosis: 0","er_score_diagnosis: 0","pr_status_diagnosis: 0","pr_score_diagnosis: 0","her2_status_diagnosis: 0","her2_score_diagnosis: 0","ki67_status_diagnosis: 3","ki67_diagnosis: 70-80%","tnm_stage_clinical: cT2N1M0","nac_drug: AC+T","er_status_surgery: Negative","er_score_surgery: 0","pr_status_surgery: Negative","pr_score_surgery: 0","her2_status_surgery: Negative","her2_score_surgery: 0","ki67_status_surgery: 1","ki67_surgery: 10-20%","histological_grade: 3","nuclear_grade: 3","lymphovascular_invasion: 0","bilaterality: 0","multiplicity: 0","surgery_type: 0","surgical_site: 1","tumor_size: 2.1","regional_lymph_nodes: 0","tnm_stage_pathologic: 7","pcr_status: 1","proliferative_index: 40.91839573","cyt_score: 11.6543168","subtype_pam50: Basal","subtype_nmc: TN","subtype_ihc: TN","tumor_purity_pathology: 0.75","cin_score: 28.66885641","tumor_purity_facets: 0.393127667","tumor_purity_consensus: 0.393127667","tumor_ploidy: 2.589859492","cnv_burden_del: 0.023055202","cnv_burden_hemizygote: 0.122121745","loh_burden_burden: 0.112175976","cnv_burden_gain: 0.234326306","cnv_burden_amp: 0.135212147","til_count: 5312","tissue_area: 27246600","til_density: 194.960105114033","time: T1","subtype_consensus: TN","mut_load: 38","total RNA","For RNA-Seq, sequencing libraries were prepared using TruSeq RNA Sample Preparation kit v2 (RS-122-2001 and RS-122-2002, Illumina). Sequencing of the RNA libraries was performed on an Illumina HiSeq2500 in 100-bp paired-end mode of the TruSeq Rapid PE Cluster kit and the TruSeq Rapid SBS kit.","9606","RNA-Seq data was analyzed using the RSEM42 pipeline with hg19 as the genome reference","Genome_build: hg19","Supplementary_files_format_and_content: expression matrix with gene expression by samples in TPM units","GPL16791","Zhengyan,,Kan","Computational Biology, Oncology Research & Development","Pfizer","10770 Science Center Drive","San Diego","CA","92121","USA","0","Illumina HiSeq 2500","cDNA","transcriptomic","RNA-Seq","BioSample: https://www.ncbi.nlm.nih.gov/biosample/SAMN10593299","NONE","51.91388889","No","0","999","999","Invasive ductal carcinoma","28.66885641","0.135212147","0.023055202","0.234326306","0.122121745","11.6543168","0","0","0","Negative","Female","0","0","0","Negative","3","70-80%","3","1","10-20%","0.112175976","0","Premenopausal","0","38","AC+T","3","1","0","0","0","Negative","40.91839573","0","TN","TN","TN","Basal","0","1","5312","194.960105114033","T1","27246600","cT2N1M0","7","2.589859492","0.393127667","0.393127667","0.75","2.1"
"GSM3514034","OB_15_0222_2","GSM3514034","Public on Oct 12 2020","Dec 14 2018","Oct 12 2020","SRA","1","Primary Tumor","Homo sapiens","gender: Female","age: 44.68611111","menopausal_status: Premenopausal","bc_family_history: No","brca1_status: Not Detected","brca2_status: Equivocal","cell_type_diagnosis: Invasive ductal carcinoma","er_status_diagnosis: 0","er_score_diagnosis: 0","pr_status_diagnosis: 0","pr_score_diagnosis: 0","her2_status_diagnosis: 0","her2_score_diagnosis: 1","ki67_status_diagnosis: 4","ki67_diagnosis: 80-90%","tnm_stage_clinical: cT1N1M0","nac_drug: AC+T","er_status_surgery: Negative","er_score_surgery: 0","pr_status_surgery: Negative","pr_score_surgery: 0","her2_status_surgery: Negative","her2_score_surgery: 0","ki67_status_surgery: 4","ki67_surgery: 80-90%","histological_grade: 3","nuclear_grade: 3","lymphovascular_invasion: 0","bilaterality: 0","multiplicity: 0","surgery_type: 1","surgical_site: 1","tumor_size: 0.8","regional_lymph_nodes: 0","tnm_stage_pathologic: 2","pcr_status: 1","proliferative_index: 17.35288666","cyt_score: 152.4391918","subtype_pam50: LumB","subtype_nmc: NA","subtype_ihc: TN","tumor_purity_pathology: 0.7","cin_score: NA","tumor_purity_facets: NA","tumor_purity_consensus: 0.7","tumor_ploidy: NA","cnv_burden_del: NA","cnv_burden_hemizygote: NA","loh_burden_burden: NA","cnv_burden_gain: NA","cnv_burden_amp: NA","til_count: 7153","tissue_area: 23547500","til_density: 303.768977598471","time: T2","subtype_consensus: TN","mut_load: NA","total RNA","For RNA-Seq, sequencing libraries were prepared using TruSeq RNA Sample Preparation kit v2 (RS-122-2001 and RS-122-2002, Illumina). Sequencing of the RNA libraries was performed on an Illumina HiSeq2500 in 100-bp paired-end mode of the TruSeq Rapid PE Cluster kit and the TruSeq Rapid SBS kit.","9606","RNA-Seq data was analyzed using the RSEM42 pipeline with hg19 as the genome reference","Genome_build: hg19","Supplementary_files_format_and_content: expression matrix with gene expression by samples in TPM units","GPL16791","Zhengyan,,Kan","Computational Biology, Oncology Research & Development","Pfizer","10770 Science Center Drive","San Diego","CA","92121","USA","0","Illumina HiSeq 2500","cDNA","transcriptomic","RNA-Seq","BioSample: https://www.ncbi.nlm.nih.gov/biosample/SAMN10593298","NONE","44.68611111","No","0","Not Detected","Equivocal","Invasive ductal carcinoma","NA","NA","NA","NA","NA","152.4391918","0","0","0","Negative","Female","1","0","0","Negative","3","80-90%","4","4","80-90%","NA","0","Premenopausal","0","NA","AC+T","3","1","0","0","0","Negative","17.35288666","0","TN","TN","NA","LumB","1","1","7153","303.768977598471","T2","23547500","cT1N1M0","2","NA","0.7","NA","0.7","0.8"
"GSM3514035","OB_15_0237_1","GSM3514035","Public on Oct 12 2020","Dec 14 2018","Oct 12 2020","SRA","1","Primary Tumor","Homo sapiens","gender: Female","age: 53.20833333","menopausal_status: Postmenopausal","bc_family_history: No","brca1_status: 999","brca2_status: 999","cell_type_diagnosis: Invasive ductal carcinoma","er_status_diagnosis: 0","er_score_diagnosis: 0","pr_status_diagnosis: 0","pr_score_diagnosis: 0","her2_status_diagnosis: 0","her2_score_diagnosis: 0","ki67_status_diagnosis: 4","ki67_diagnosis: 70-80%","tnm_stage_clinical: cT2-3N0-1M0","nac_drug: AC+T","er_status_surgery: Negative","er_score_surgery: 0","pr_status_surgery: Negative","pr_score_surgery: 0","her2_status_surgery: Negative","her2_score_surgery: 0","ki67_status_surgery: 3","ki67_surgery: 60-70%","histological_grade: 3","nuclear_grade: 3","lymphovascular_invasion: 0","bilaterality: 0","multiplicity: 0","surgery_type: 1","surgical_site: 2","tumor_size: 3.2","regional_lymph_nodes: 0","tnm_stage_pathologic: 7","pcr_status: 1","proliferative_index: 36.47675394","cyt_score: 8.253471997","subtype_pam50: Basal","subtype_nmc: NA","subtype_ihc: TN","tumor_purity_pathology: 0.6","cin_score: NA","tumor_purity_facets: NA","tumor_purity_consensus: 0.6","tumor_ploidy: NA","cnv_burden_del: NA","cnv_burden_hemizygote: NA","loh_burden_burden: NA","cnv_burden_gain: NA","cnv_burden_amp: NA","til_count: 183","tissue_area: 15006900","til_density: 12.194390580333","time: T1","subtype_consensus: TN","mut_load: NA","total RNA","For RNA-Seq, sequencing libraries were prepared using TruSeq RNA Sample Preparation kit v2 (RS-122-2001 and RS-122-2002, Illumina). Sequencing of the RNA libraries was performed on an Illumina HiSeq2500 in 100-bp paired-end mode of the TruSeq Rapid PE Cluster kit and the TruSeq Rapid SBS kit.","9606","RNA-Seq data was analyzed using the RSEM42 pipeline with hg19 as the genome reference","Genome_build: hg19","Supplementary_files_format_and_content: expression matrix with gene expression by samples in TPM units","GPL16791","Zhengyan,,Kan","Computational Biology, Oncology Research & Development","Pfizer","10770 Science Center Drive","San Diego","CA","92121","USA","0","Illumina HiSeq 2500","cDNA","transcriptomic","RNA-Seq","BioSample: https://www.ncbi.nlm.nih.gov/biosample/SAMN10593297","NONE","53.20833333","No","0","999","999","Invasive ductal carcinoma","NA","NA","NA","NA","NA","8.253471997","0","0","0","Negative","Female","0","0","0","Negative","3","70-80%","4","3","60-70%","NA","0","Postmenopausal","0","NA","AC+T","3","1","0","0","0","Negative","36.47675394","0","TN","TN","NA","Basal","1","2","183","12.194390580333","T1","15006900","cT2-3N0-1M0","7","NA","0.6","NA","0.6","3.2"
"GSM3514036","OB_15_0237_2","GSM3514036","Public on Oct 12 2020","Dec 14 2018","Oct 12 2020","SRA","1","Primary Tumor","Homo sapiens","gender: Female","age: 53.20833333","menopausal_status: Postmenopausal","bc_family_history: No","brca1_status: 999","brca2_status: 999","cell_type_diagnosis: Invasive ductal carcinoma","er_status_diagnosis: 0","er_score_diagnosis: 0","pr_status_diagnosis: 0","pr_score_diagnosis: 0","her2_status_diagnosis: 0","her2_score_diagnosis: 0","ki67_status_diagnosis: 4","ki67_diagnosis: 70-80%","tnm_stage_clinical: cT2-3N0-1M0","nac_drug: AC+T","er_status_surgery: Negative","er_score_surgery: 0","pr_status_surgery: Negative","pr_score_surgery: 0","her2_status_surgery: Negative","her2_score_surgery: 0","ki67_status_surgery: 3","ki67_surgery: 60-70%","histological_grade: 3","nuclear_grade: 3","lymphovascular_invasion: 0","bilaterality: 0","multiplicity: 0","surgery_type: 1","surgical_site: 2","tumor_size: 3.2","regional_lymph_nodes: 0","tnm_stage_pathologic: 7","pcr_status: 1","proliferative_index: 7.785172472","cyt_score: 62.5035959","subtype_pam50: Normal","subtype_nmc: NA","subtype_ihc: TN","tumor_purity_pathology: 0.6","cin_score: NA","tumor_purity_facets: NA","tumor_purity_consensus: 0.6","tumor_ploidy: NA","cnv_burden_del: NA","cnv_burden_hemizygote: NA","loh_burden_burden: NA","cnv_burden_gain: NA","cnv_burden_amp: NA","til_count: 5358","tissue_area: 21148400","til_density: 253.352499479866","time: T2","subtype_consensus: TN","mut_load: NA","total RNA","For RNA-Seq, sequencing libraries were prepared using TruSeq RNA Sample Preparation kit v2 (RS-122-2001 and RS-122-2002, Illumina). Sequencing of the RNA libraries was performed on an Illumina HiSeq2500 in 100-bp paired-end mode of the TruSeq Rapid PE Cluster kit and the TruSeq Rapid SBS kit.","9606","RNA-Seq data was analyzed using the RSEM42 pipeline with hg19 as the genome reference","Genome_build: hg19","Supplementary_files_format_and_content: expression matrix with gene expression by samples in TPM units","GPL16791","Zhengyan,,Kan","Computational Biology, Oncology Research & Development","Pfizer","10770 Science Center Drive","San Diego","CA","92121","USA","0","Illumina HiSeq 2500","cDNA","transcriptomic","RNA-Seq","BioSample: https://www.ncbi.nlm.nih.gov/biosample/SAMN10593204","NONE","53.20833333","No","0","999","999","Invasive ductal carcinoma","NA","NA","NA","NA","NA","62.5035959","0","0","0","Negative","Female","0","0","0","Negative","3","70-80%","4","3","60-70%","NA","0","Postmenopausal","0","NA","AC+T","3","1","0","0","0","Negative","7.785172472","0","TN","TN","NA","Normal","1","2","5358","253.352499479866","T2","21148400","cT2-3N0-1M0","7","NA","0.6","NA","0.6","3.2"
"GSM3514037","OB_15_0237_3","GSM3514037","Public on Oct 12 2020","Dec 14 2018","Oct 12 2020","SRA","1","Primary Tumor","Homo sapiens","gender: Female","age: 53.20833333","menopausal_status: Postmenopausal","bc_family_history: No","brca1_status: 999","brca2_status: 999","cell_type_diagnosis: Invasive ductal carcinoma","er_status_diagnosis: 0","er_score_diagnosis: 0","pr_status_diagnosis: 0","pr_score_diagnosis: 0","her2_status_diagnosis: 0","her2_score_diagnosis: 0","ki67_status_diagnosis: 4","ki67_diagnosis: 70-80%","tnm_stage_clinical: cT2-3N0-1M0","nac_drug: AC+T","er_status_surgery: Negative","er_score_surgery: 0","pr_status_surgery: Negative","pr_score_surgery: 0","her2_status_surgery: Negative","her2_score_surgery: 0","ki67_status_surgery: 3","ki67_surgery: 60-70%","histological_grade: 3","nuclear_grade: 3","lymphovascular_invasion: 0","bilaterality: 0","multiplicity: 0","surgery_type: 1","surgical_site: 2","tumor_size: 3.2","regional_lymph_nodes: 0","tnm_stage_pathologic: 7","pcr_status: 1","proliferative_index: 53.44102725","cyt_score: 3.133544319","subtype_pam50: Basal","subtype_nmc: NA","subtype_ihc: TN","tumor_purity_pathology: 0.8","cin_score: NA","tumor_purity_facets: NA","tumor_purity_consensus: 0.8","tumor_ploidy: NA","cnv_burden_del: NA","cnv_burden_hemizygote: NA","loh_burden_burden: NA","cnv_burden_gain: NA","cnv_burden_amp: NA","til_count: 1293","tissue_area: 37383600","til_density: 34.5873591628415","time: T3","subtype_consensus: TN","mut_load: NA","total RNA","For RNA-Seq, sequencing libraries were prepared using TruSeq RNA Sample Preparation kit v2 (RS-122-2001 and RS-122-2002, Illumina). Sequencing of the RNA libraries was performed on an Illumina HiSeq2500 in 100-bp paired-end mode of the TruSeq Rapid PE Cluster kit and the TruSeq Rapid SBS kit.","9606","RNA-Seq data was analyzed using the RSEM42 pipeline with hg19 as the genome reference","Genome_build: hg19","Supplementary_files_format_and_content: expression matrix with gene expression by samples in TPM units","GPL16791","Zhengyan,,Kan","Computational Biology, Oncology Research & Development","Pfizer","10770 Science Center Drive","San Diego","CA","92121","USA","0","Illumina HiSeq 2500","cDNA","transcriptomic","RNA-Seq","BioSample: https://www.ncbi.nlm.nih.gov/biosample/SAMN10593203","NONE","53.20833333","No","0","999","999","Invasive ductal carcinoma","NA","NA","NA","NA","NA","3.133544319","0","0","0","Negative","Female","0","0","0","Negative","3","70-80%","4","3","60-70%","NA","0","Postmenopausal","0","NA","AC+T","3","1","0","0","0","Negative","53.44102725","0","TN","TN","NA","Basal","1","2","1293","34.5873591628415","T3","37383600","cT2-3N0-1M0","7","NA","0.8","NA","0.8","3.2"
"GSM3514038","OB_15_0253_1","GSM3514038","Public on Oct 12 2020","Dec 14 2018","Oct 12 2020","SRA","1","Primary Tumor","Homo sapiens","gender: Female","age: 33.03333333","menopausal_status: Premenopausal","bc_family_history: No","brca1_status: Equivocal","brca2_status: Not Detected","cell_type_diagnosis: Invasive ductal carcinoma","er_status_diagnosis: 1","er_score_diagnosis: 8","pr_status_diagnosis: 1","pr_score_diagnosis: 8","her2_status_diagnosis: 1","her2_score_diagnosis: 3","ki67_status_diagnosis: 2","ki67_diagnosis: 40-50%","tnm_stage_clinical: cT2N1-2M0","nac_drug: AC+T+Trastuzumab","er_status_surgery: 999","er_score_surgery: 999","pr_status_surgery: 999","pr_score_surgery: 999","her2_status_surgery: 999","her2_score_surgery: 999","ki67_status_surgery: 999","ki67_surgery: 999","histological_grade: 1","nuclear_grade: 2","lymphovascular_invasion: 0","bilaterality: 0","multiplicity: 0","surgery_type: 1","surgical_site: 2","tumor_size: 500 <U+339B>(Tis)","regional_lymph_nodes: 0","tnm_stage_pathologic: 1","pcr_status: 0","proliferative_index: 33.70374236","cyt_score: 3.520937375","subtype_pam50: LumB","subtype_nmc: NA","subtype_ihc: ER+HER2+","tumor_purity_pathology: 0.7","cin_score: NA","tumor_purity_facets: NA","tumor_purity_consensus: 0.7","tumor_ploidy: NA","cnv_burden_del: NA","cnv_burden_hemizygote: NA","loh_burden_burden: NA","cnv_burden_gain: NA","cnv_burden_amp: NA","til_count: 568","tissue_area: 13488600","til_density: 42.1096333199887","time: T1","subtype_consensus: ER+HER2+","mut_load: NA","total RNA","For RNA-Seq, sequencing libraries were prepared using TruSeq RNA Sample Preparation kit v2 (RS-122-2001 and RS-122-2002, Illumina). Sequencing of the RNA libraries was performed on an Illumina HiSeq2500 in 100-bp paired-end mode of the TruSeq Rapid PE Cluster kit and the TruSeq Rapid SBS kit.","9606","RNA-Seq data was analyzed using the RSEM42 pipeline with hg19 as the genome reference","Genome_build: hg19","Supplementary_files_format_and_content: expression matrix with gene expression by samples in TPM units","GPL16791","Zhengyan,,Kan","Computational Biology, Oncology Research & Development","Pfizer","10770 Science Center Drive","San Diego","CA","92121","USA","0","Illumina HiSeq 2500","cDNA","transcriptomic","RNA-Seq","BioSample: https://www.ncbi.nlm.nih.gov/biosample/SAMN10593202","NONE","33.03333333","No","0","Equivocal","Not Detected","Invasive ductal carcinoma","NA","NA","NA","NA","NA","3.520937375","8","999","1","999","Female","3","999","1","999","1","40-50%","2","999","999","NA","0","Premenopausal","0","NA","AC+T+Trastuzumab","2","0","8","999","1","999","33.70374236","0","ER+HER2+","ER+HER2+","NA","LumB","1","2","568","42.1096333199887","T1","13488600","cT2N1-2M0","1","NA","0.7","NA","0.7","500 <U+339B>(Tis)"
"GSM3514039","OB_15_0253_2","GSM3514039","Public on Oct 12 2020","Dec 14 2018","Oct 12 2020","SRA","1","Primary Tumor","Homo sapiens","gender: Female","age: 33.03333333","menopausal_status: Premenopausal","bc_family_history: No","brca1_status: Equivocal","brca2_status: Not Detected","cell_type_diagnosis: Invasive ductal carcinoma","er_status_diagnosis: 1","er_score_diagnosis: 8","pr_status_diagnosis: 1","pr_score_diagnosis: 8","her2_status_diagnosis: 1","her2_score_diagnosis: 3","ki67_status_diagnosis: 2","ki67_diagnosis: 40-50%","tnm_stage_clinical: cT2N1-2M0","nac_drug: AC+T+Trastuzumab","er_status_surgery: 999","er_score_surgery: 999","pr_status_surgery: 999","pr_score_surgery: 999","her2_status_surgery: 999","her2_score_surgery: 999","ki67_status_surgery: 999","ki67_surgery: 999","histological_grade: 1","nuclear_grade: 2","lymphovascular_invasion: 0","bilaterality: 0","multiplicity: 0","surgery_type: 1","surgical_site: 2","tumor_size: 500 <U+339B>(Tis)","regional_lymph_nodes: 0","tnm_stage_pathologic: 1","pcr_status: 0","proliferative_index: 59.25117624","cyt_score: 20.36363671","subtype_pam50: LumB","subtype_nmc: ER+HER2+","subtype_ihc: ER+HER2+","tumor_purity_pathology: 0.7","cin_score: 34.49822038","tumor_purity_facets: 0.327736486","tumor_purity_consensus: 0.327736486","tumor_ploidy: 2.662860928","cnv_burden_del: 0.032168643","cnv_burden_hemizygote: 0.108168627","loh_burden_burden: 0","cnv_burden_gain: 0.519187639","cnv_burden_amp: 0.086922995","til_count: 2599","tissue_area: 20105600","til_density: 129.267467770173","time: T2","subtype_consensus: ER+HER2+","mut_load: 10","total RNA","For RNA-Seq, sequencing libraries were prepared using TruSeq RNA Sample Preparation kit v2 (RS-122-2001 and RS-122-2002, Illumina). Sequencing of the RNA libraries was performed on an Illumina HiSeq2500 in 100-bp paired-end mode of the TruSeq Rapid PE Cluster kit and the TruSeq Rapid SBS kit.","9606","RNA-Seq data was analyzed using the RSEM42 pipeline with hg19 as the genome reference","Genome_build: hg19","Supplementary_files_format_and_content: expression matrix with gene expression by samples in TPM units","GPL16791","Zhengyan,,Kan","Computational Biology, Oncology Research & Development","Pfizer","10770 Science Center Drive","San Diego","CA","92121","USA","0","Illumina HiSeq 2500","cDNA","transcriptomic","RNA-Seq","BioSample: https://www.ncbi.nlm.nih.gov/biosample/SAMN10593201","NONE","33.03333333","No","0","Equivocal","Not Detected","Invasive ductal carcinoma","34.49822038","0.086922995","0.032168643","0.519187639","0.108168627","20.36363671","8","999","1","999","Female","3","999","1","999","1","40-50%","2","999","999","0","0","Premenopausal","0","10","AC+T+Trastuzumab","2","0","8","999","1","999","59.25117624","0","ER+HER2+","ER+HER2+","ER+HER2+","LumB","1","2","2599","129.267467770173","T2","20105600","cT2N1-2M0","1","2.662860928","0.327736486","0.327736486","0.7","500 <U+339B>(Tis)"
"GSM3514040","OB_15_0259_2","GSM3514040","Public on Oct 12 2020","Dec 14 2018","Oct 12 2020","SRA","1","Primary Tumor","Homo sapiens","gender: Female","age: 59.83611111","menopausal_status: Postmenopausal","bc_family_history: No","brca1_status: 999","brca2_status: 999","cell_type_diagnosis: Invasive ductal carcinoma","er_status_diagnosis: 0","er_score_diagnosis: 0","pr_status_diagnosis: 0","pr_score_diagnosis: 0","her2_status_diagnosis: 0","her2_score_diagnosis: 1","ki67_status_diagnosis: 4","ki67_diagnosis: 70-80%","tnm_stage_clinical: cT2N2M0","nac_drug: Others","er_status_surgery: Negative","er_score_surgery: 0","pr_status_surgery: Negative","pr_score_surgery: 0","her2_status_surgery: Negative","her2_score_surgery: 1","ki67_status_surgery: 1","ki67_surgery: <5%","histological_grade: 1","nuclear_grade: 2","lymphovascular_invasion: 0","bilaterality: 0","multiplicity: 0","surgery_type: 1","surgical_site: 2","tumor_size: 2.5(Tis)","regional_lymph_nodes: 0","tnm_stage_pathologic: 1","pcr_status: 0","proliferative_index: 8.15198194","cyt_score: 54.42611506","subtype_pam50: LumA","subtype_nmc: NA","subtype_ihc: TN","tumor_purity_pathology: 0.5","cin_score: NA","tumor_purity_facets: NA","tumor_purity_consensus: 0.5","tumor_ploidy: NA","cnv_burden_del: NA","cnv_burden_hemizygote: NA","loh_burden_burden: NA","cnv_burden_gain: NA","cnv_burden_amp: NA","til_count: 1723","tissue_area: 28952100","til_density: 59.5120906600903","time: T2","subtype_consensus: TN","mut_load: NA","total RNA","For RNA-Seq, sequencing libraries were prepared using TruSeq RNA Sample Preparation kit v2 (RS-122-2001 and RS-122-2002, Illumina). Sequencing of the RNA libraries was performed on an Illumina HiSeq2500 in 100-bp paired-end mode of the TruSeq Rapid PE Cluster kit and the TruSeq Rapid SBS kit.","9606","RNA-Seq data was analyzed using the RSEM42 pipeline with hg19 as the genome reference","Genome_build: hg19","Supplementary_files_format_and_content: expression matrix with gene expression by samples in TPM units","GPL16791","Zhengyan,,Kan","Computational Biology, Oncology Research & Development","Pfizer","10770 Science Center Drive","San Diego","CA","92121","USA","0","Illumina HiSeq 2500","cDNA","transcriptomic","RNA-Seq","BioSample: https://www.ncbi.nlm.nih.gov/biosample/SAMN10593200","NONE","59.83611111","No","0","999","999","Invasive ductal carcinoma","NA","NA","NA","NA","NA","54.42611506","0","0","0","Negative","Female","1","1","0","Negative","1","70-80%","4","1","<5%","NA","0","Postmenopausal","0","NA","Others","2","0","0","0","0","Negative","8.15198194","0","TN","TN","NA","LumA","1","2","1723","59.5120906600903","T2","28952100","cT2N2M0","1","NA","0.5","NA","0.5","2.5(Tis)"
"GSM3514041","OB_15_0294_1","GSM3514041","Public on Oct 12 2020","Dec 14 2018","Oct 12 2020","SRA","1","Primary Tumor","Homo sapiens","gender: Female","age: 36.50277778","menopausal_status: Premenopausal","bc_family_history: No","brca1_status: Not Detected","brca2_status: Equivocal","cell_type_diagnosis: Invasive ductal carcinoma","er_status_diagnosis: 0","er_score_diagnosis: 0","pr_status_diagnosis: 0","pr_score_diagnosis: 0","her2_status_diagnosis: 0","her2_score_diagnosis: 0","ki67_status_diagnosis: 1","ki67_diagnosis: 0.05","tnm_stage_clinical: cT3N0-1M0","nac_drug: AC+T","er_status_surgery: Negative","er_score_surgery: 0","pr_status_surgery: Negative","pr_score_surgery: 0","her2_status_surgery: Negative","her2_score_surgery: 0","ki67_status_surgery: 4","ki67_surgery: 0.8","histological_grade: 3","nuclear_grade: 3","lymphovascular_invasion: 0","bilaterality: 0","multiplicity: 0","surgery_type: 1","surgical_site: 1","tumor_size: 0.4","regional_lymph_nodes: 0","tnm_stage_pathologic: 2","pcr_status: 1","proliferative_index: 48.96873558","cyt_score: 7.518404086","subtype_pam50: Basal","subtype_nmc: NA","subtype_ihc: TN","tumor_purity_pathology: 0.7","cin_score: NA","tumor_purity_facets: NA","tumor_purity_consensus: 0.7","tumor_ploidy: NA","cnv_burden_del: NA","cnv_burden_hemizygote: NA","loh_burden_burden: NA","cnv_burden_gain: NA","cnv_burden_amp: NA","til_count: 1413","tissue_area: 95625104","til_density: 14.7764545176338","time: T1","subtype_consensus: TN","mut_load: NA","total RNA","For RNA-Seq, sequencing libraries were prepared using TruSeq RNA Sample Preparation kit v2 (RS-122-2001 and RS-122-2002, Illumina). Sequencing of the RNA libraries was performed on an Illumina HiSeq2500 in 100-bp paired-end mode of the TruSeq Rapid PE Cluster kit and the TruSeq Rapid SBS kit.","9606","RNA-Seq data was analyzed using the RSEM42 pipeline with hg19 as the genome reference","Genome_build: hg19","Supplementary_files_format_and_content: expression matrix with gene expression by samples in TPM units","GPL16791","Zhengyan,,Kan","Computational Biology, Oncology Research & Development","Pfizer","10770 Science Center Drive","San Diego","CA","92121","USA","0","Illumina HiSeq 2500","cDNA","transcriptomic","RNA-Seq","BioSample: https://www.ncbi.nlm.nih.gov/biosample/SAMN10593199","NONE","36.50277778","No","0","Not Detected","Equivocal","Invasive ductal carcinoma","NA","NA","NA","NA","NA","7.518404086","0","0","0","Negative","Female","0","0","0","Negative","3","0.05","1","4","0.8","NA","0","Premenopausal","0","NA","AC+T","3","1","0","0","0","Negative","48.96873558","0","TN","TN","NA","Basal","1","1","1413","14.7764545176338","T1","95625104","cT3N0-1M0","2","NA","0.7","NA","0.7","0.4"
"GSM3514042","OB_15_0294_2","GSM3514042","Public on Oct 12 2020","Dec 14 2018","Oct 12 2020","SRA","1","Primary Tumor","Homo sapiens","gender: Female","age: 36.50277778","menopausal_status: Premenopausal","bc_family_history: No","brca1_status: Not Detected","brca2_status: Equivocal","cell_type_diagnosis: Invasive ductal carcinoma","er_status_diagnosis: 0","er_score_diagnosis: 0","pr_status_diagnosis: 0","pr_score_diagnosis: 0","her2_status_diagnosis: 0","her2_score_diagnosis: 0","ki67_status_diagnosis: 1","ki67_diagnosis: 0.05","tnm_stage_clinical: cT3N0-1M0","nac_drug: AC+T","er_status_surgery: Negative","er_score_surgery: 0","pr_status_surgery: Negative","pr_score_surgery: 0","her2_status_surgery: Negative","her2_score_surgery: 0","ki67_status_surgery: 4","ki67_surgery: 0.8","histological_grade: 3","nuclear_grade: 3","lymphovascular_invasion: 0","bilaterality: 0","multiplicity: 0","surgery_type: 1","surgical_site: 1","tumor_size: 0.4","regional_lymph_nodes: 0","tnm_stage_pathologic: 2","pcr_status: 1","proliferative_index: 40.21301269","cyt_score: 16.02514899","subtype_pam50: Basal","subtype_nmc: NA","subtype_ihc: TN","tumor_purity_pathology: 0.7","cin_score: NA","tumor_purity_facets: NA","tumor_purity_consensus: 0.7","tumor_ploidy: NA","cnv_burden_del: NA","cnv_burden_hemizygote: NA","loh_burden_burden: NA","cnv_burden_gain: NA","cnv_burden_amp: NA","til_count: 4684","tissue_area: 20239900","til_density: 231.424068300733","time: T2","subtype_consensus: TN","mut_load: NA","total RNA","For RNA-Seq, sequencing libraries were prepared using TruSeq RNA Sample Preparation kit v2 (RS-122-2001 and RS-122-2002, Illumina). Sequencing of the RNA libraries was performed on an Illumina HiSeq2500 in 100-bp paired-end mode of the TruSeq Rapid PE Cluster kit and the TruSeq Rapid SBS kit.","9606","RNA-Seq data was analyzed using the RSEM42 pipeline with hg19 as the genome reference","Genome_build: hg19","Supplementary_files_format_and_content: expression matrix with gene expression by samples in TPM units","GPL16791","Zhengyan,,Kan","Computational Biology, Oncology Research & Development","Pfizer","10770 Science Center Drive","San Diego","CA","92121","USA","0","Illumina HiSeq 2500","cDNA","transcriptomic","RNA-Seq","BioSample: https://www.ncbi.nlm.nih.gov/biosample/SAMN10593198","NONE","36.50277778","No","0","Not Detected","Equivocal","Invasive ductal carcinoma","NA","NA","NA","NA","NA","16.02514899","0","0","0","Negative","Female","0","0","0","Negative","3","0.05","1","4","0.8","NA","0","Premenopausal","0","NA","AC+T","3","1","0","0","0","Negative","40.21301269","0","TN","TN","NA","Basal","1","1","4684","231.424068300733","T2","20239900","cT3N0-1M0","2","NA","0.7","NA","0.7","0.4"
"GSM3514043","OB_16_0005_1","GSM3514043","Public on Oct 12 2020","Dec 14 2018","Oct 12 2020","SRA","1","Primary Tumor","Homo sapiens","gender: Female","age: 36.18888889","menopausal_status: Premenopausal","bc_family_history: No","brca1_status: Not Detected","brca2_status: Not Detected","cell_type_diagnosis: Invasive ductal carcinoma","er_status_diagnosis: 1","er_score_diagnosis: 8","pr_status_diagnosis: 1","pr_score_diagnosis: 5","her2_status_diagnosis: 0","her2_score_diagnosis: 1","ki67_status_diagnosis: 2","ki67_diagnosis: 20-30%","tnm_stage_clinical: cT2N1-2M0","nac_drug: AC+T","er_status_surgery: Positive","er_score_surgery: 7","pr_status_surgery: Positive","pr_score_surgery: 5","her2_status_surgery: Negative","her2_score_surgery: 0","ki67_status_surgery: 1","ki67_surgery: <1%","histological_grade: 2","nuclear_grade: 2","lymphovascular_invasion: 0","bilaterality: 0","multiplicity: 1","surgery_type: 0","surgical_site: 1","tumor_size: 2.3","regional_lymph_nodes: 0","tnm_stage_pathologic: 7","pcr_status: 1","proliferative_index: 23.46930438","cyt_score: 15.88244314","subtype_pam50: LumB","subtype_nmc: ER+","subtype_ihc: ER+","tumor_purity_pathology: 0.7","cin_score: 31.06571683","tumor_purity_facets: 0.407099079","tumor_purity_consensus: 0.407099079","tumor_ploidy: 3.252301856","cnv_burden_del: 0.006074409","cnv_burden_hemizygote: 0.035091926","loh_burden_burden: 0","cnv_burden_gain: 0.384168688","cnv_burden_amp: 0.327316223","til_count: 3159","tissue_area: 22018900","til_density: 143.467657330748","time: T1","subtype_consensus: ER+","mut_load: 44","total RNA","For RNA-Seq, sequencing libraries were prepared using TruSeq RNA Sample Preparation kit v2 (RS-122-2001 and RS-122-2002, Illumina). Sequencing of the RNA libraries was performed on an Illumina HiSeq2500 in 100-bp paired-end mode of the TruSeq Rapid PE Cluster kit and the TruSeq Rapid SBS kit.","9606","RNA-Seq data was analyzed using the RSEM42 pipeline with hg19 as the genome reference","Genome_build: hg19","Supplementary_files_format_and_content: expression matrix with gene expression by samples in TPM units","GPL16791","Zhengyan,,Kan","Computational Biology, Oncology Research & Development","Pfizer","10770 Science Center Drive","San Diego","CA","92121","USA","0","Illumina HiSeq 2500","cDNA","transcriptomic","RNA-Seq","BioSample: https://www.ncbi.nlm.nih.gov/biosample/SAMN10593197","NONE","36.18888889","No","0","Not Detected","Not Detected","Invasive ductal carcinoma","31.06571683","0.327316223","0.006074409","0.384168688","0.035091926","15.88244314","8","7","1","Positive","Female","1","0","0","Negative","2","20-30%","2","1","<1%","0","0","Premenopausal","1","44","AC+T","2","1","5","5","1","Positive","23.46930438","0","ER+","ER+","ER+","LumB","0","1","3159","143.467657330748","T1","22018900","cT2N1-2M0","7","3.252301856","0.407099079","0.407099079","0.7","2.3"
"GSM3514044","OB_16_0005_2","GSM3514044","Public on Oct 12 2020","Dec 14 2018","Oct 12 2020","SRA","1","Primary Tumor","Homo sapiens","gender: Female","age: 36.18888889","menopausal_status: Premenopausal","bc_family_history: No","brca1_status: Not Detected","brca2_status: Not Detected","cell_type_diagnosis: Invasive ductal carcinoma","er_status_diagnosis: 1","er_score_diagnosis: 8","pr_status_diagnosis: 1","pr_score_diagnosis: 5","her2_status_diagnosis: 0","her2_score_diagnosis: 1","ki67_status_diagnosis: 2","ki67_diagnosis: 20-30%","tnm_stage_clinical: cT2N1-2M0","nac_drug: AC+T","er_status_surgery: Positive","er_score_surgery: 7","pr_status_surgery: Positive","pr_score_surgery: 5","her2_status_surgery: Negative","her2_score_surgery: 0","ki67_status_surgery: 1","ki67_surgery: <1%","histological_grade: 2","nuclear_grade: 2","lymphovascular_invasion: 0","bilaterality: 0","multiplicity: 1","surgery_type: 0","surgical_site: 1","tumor_size: 2.3","regional_lymph_nodes: 0","tnm_stage_pathologic: 7","pcr_status: 1","proliferative_index: 4.394182385","cyt_score: 35.23586241","subtype_pam50: LumA","subtype_nmc: ER+","subtype_ihc: ER+","tumor_purity_pathology: 0.5","cin_score: 20.91929907","tumor_purity_facets: 0.288597221","tumor_purity_consensus: 0.288597221","tumor_ploidy: 2.747689781","cnv_burden_del: 0.010173158","cnv_burden_hemizygote: 0.07348614","loh_burden_burden: 0","cnv_burden_gain: 0.58370749","cnv_burden_amp: 0.097834317","til_count: 672","tissue_area: 25152300","til_density: 26.7172385825551","time: T2","subtype_consensus: ER+","mut_load: 18","total RNA","For RNA-Seq, sequencing libraries were prepared using TruSeq RNA Sample Preparation kit v2 (RS-122-2001 and RS-122-2002, Illumina). Sequencing of the RNA libraries was performed on an Illumina HiSeq2500 in 100-bp paired-end mode of the TruSeq Rapid PE Cluster kit and the TruSeq Rapid SBS kit.","9606","RNA-Seq data was analyzed using the RSEM42 pipeline with hg19 as the genome reference","Genome_build: hg19","Supplementary_files_format_and_content: expression matrix with gene expression by samples in TPM units","GPL16791","Zhengyan,,Kan","Computational Biology, Oncology Research & Development","Pfizer","10770 Science Center Drive","San Diego","CA","92121","USA","0","Illumina HiSeq 2500","cDNA","transcriptomic","RNA-Seq","BioSample: https://www.ncbi.nlm.nih.gov/biosample/SAMN10593196","NONE","36.18888889","No","0","Not Detected","Not Detected","Invasive ductal carcinoma","20.91929907","0.097834317","0.010173158","0.58370749","0.07348614","35.23586241","8","7","1","Positive","Female","1","0","0","Negative","2","20-30%","2","1","<1%","0","0","Premenopausal","1","18","AC+T","2","1","5","5","1","Positive","4.394182385","0","ER+","ER+","ER+","LumA","0","1","672","26.7172385825551","T2","25152300","cT2N1-2M0","7","2.747689781","0.288597221","0.288597221","0.5","2.3"
"GSM3514045","OB_16_0006_1","GSM3514045","Public on Oct 12 2020","Dec 14 2018","Oct 12 2020","SRA","1","Primary Tumor","Homo sapiens","gender: Female","age: 33.91111111","menopausal_status: Premenopausal","bc_family_history: No","brca1_status: Not Detected","brca2_status: Not Detected","cell_type_diagnosis: Invasive carcinoma, POORLY DIFFERENTIATED","er_status_diagnosis: 0","er_score_diagnosis: 0","pr_status_diagnosis: 0","pr_score_diagnosis: 0","her2_status_diagnosis: 0","her2_score_diagnosis: 1","ki67_status_diagnosis: 2","ki67_diagnosis: 40-50%","tnm_stage_clinical: cT2-3N0-1M0","nac_drug: Others","er_status_surgery: 999","er_score_surgery: 999","pr_status_surgery: 999","pr_score_surgery: 999","her2_status_surgery: 999","her2_score_surgery: 999","ki67_status_surgery: 999","ki67_surgery: 999","histological_grade: 999","nuclear_grade: 999","lymphovascular_invasion: 999","bilaterality: 0","multiplicity: 0","surgery_type: 0","surgical_site: 2","tumor_size: 0","regional_lymph_nodes: 0","tnm_stage_pathologic: 77","pcr_status: 0","proliferative_index: 49.17815438","cyt_score: 3.147062122","subtype_pam50: Basal","subtype_nmc: TN","subtype_ihc: TN","tumor_purity_pathology: 0.9","cin_score: 47.27757322","tumor_purity_facets: 0.746381506","tumor_purity_consensus: 0.746381506","tumor_ploidy: 4.625825278","cnv_burden_del: 0.001840223","cnv_burden_hemizygote: 0.008302323","loh_burden_burden: 0.060226992","cnv_burden_gain: 0.081054406","cnv_burden_amp: 0.346029651","til_count: 247","tissue_area: 32566400","til_density: 7.58450427434411","time: T1","subtype_consensus: TN","mut_load: 74","total RNA","For RNA-Seq, sequencing libraries were prepared using TruSeq RNA Sample Preparation kit v2 (RS-122-2001 and RS-122-2002, Illumina). Sequencing of the RNA libraries was performed on an Illumina HiSeq2500 in 100-bp paired-end mode of the TruSeq Rapid PE Cluster kit and the TruSeq Rapid SBS kit.","9606","RNA-Seq data was analyzed using the RSEM42 pipeline with hg19 as the genome reference","Genome_build: hg19","Supplementary_files_format_and_content: expression matrix with gene expression by samples in TPM units","GPL16791","Zhengyan,,Kan","Computational Biology, Oncology Research & Development","Pfizer","10770 Science Center Drive","San Diego","CA","92121","USA","0","Illumina HiSeq 2500","cDNA","transcriptomic","RNA-Seq","BioSample: https://www.ncbi.nlm.nih.gov/biosample/SAMN10593195","NONE","33.91111111","No","0","Not Detected","Not Detected","Invasive carcinoma, POORLY DIFFERENTIATED","47.27757322","0.346029651","0.001840223","0.081054406","0.008302323","3.147062122","0","999","0","999","Female","1","999","0","999","999","40-50%","2","999","999","0.060226992","999","Premenopausal","0","74","Others","999","0","0","999","0","999","49.17815438","0","TN","TN","TN","Basal","0","2","247","7.58450427434411","T1","32566400","cT2-3N0-1M0","77","4.625825278","0.746381506","0.746381506","0.9","0"
"GSM3514046","OB_16_0006_2","GSM3514046","Public on Oct 12 2020","Dec 14 2018","Oct 12 2020","SRA","1","Primary Tumor","Homo sapiens","gender: Female","age: 33.91111111","menopausal_status: Premenopausal","bc_family_history: No","brca1_status: Not Detected","brca2_status: Not Detected","cell_type_diagnosis: Invasive carcinoma, POORLY DIFFERENTIATED","er_status_diagnosis: 0","er_score_diagnosis: 0","pr_status_diagnosis: 0","pr_score_diagnosis: 0","her2_status_diagnosis: 0","her2_score_diagnosis: 1","ki67_status_diagnosis: 2","ki67_diagnosis: 40-50%","tnm_stage_clinical: cT2-3N0-1M0","nac_drug: Others","er_status_surgery: 999","er_score_surgery: 999","pr_status_surgery: 999","pr_score_surgery: 999","her2_status_surgery: 999","her2_score_surgery: 999","ki67_status_surgery: 999","ki67_surgery: 999","histological_grade: 999","nuclear_grade: 999","lymphovascular_invasion: 999","bilaterality: 0","multiplicity: 0","surgery_type: 0","surgical_site: 2","tumor_size: 0","regional_lymph_nodes: 0","tnm_stage_pathologic: 77","pcr_status: 0","proliferative_index: 6.492904945","cyt_score: 47.37968869","subtype_pam50: Normal","subtype_nmc: TN","subtype_ihc: TN","tumor_purity_pathology: 0.8","cin_score: 41.85552932","tumor_purity_facets: 0.443254464","tumor_purity_consensus: 0.443254464","tumor_ploidy: 2.604208154","cnv_burden_del: 0.061870909","cnv_burden_hemizygote: 0.083129057","loh_burden_burden: 0.059027427","cnv_burden_gain: 0.342924272","cnv_burden_amp: 0.197909543","til_count: 3877","tissue_area: 43374100","til_density: 89.3851399798497","time: T2","subtype_consensus: TN","mut_load: 68","total RNA","For RNA-Seq, sequencing libraries were prepared using TruSeq RNA Sample Preparation kit v2 (RS-122-2001 and RS-122-2002, Illumina). Sequencing of the RNA libraries was performed on an Illumina HiSeq2500 in 100-bp paired-end mode of the TruSeq Rapid PE Cluster kit and the TruSeq Rapid SBS kit.","9606","RNA-Seq data was analyzed using the RSEM42 pipeline with hg19 as the genome reference","Genome_build: hg19","Supplementary_files_format_and_content: expression matrix with gene expression by samples in TPM units","GPL16791","Zhengyan,,Kan","Computational Biology, Oncology Research & Development","Pfizer","10770 Science Center Drive","San Diego","CA","92121","USA","0","Illumina HiSeq 2500","cDNA","transcriptomic","RNA-Seq","BioSample: https://www.ncbi.nlm.nih.gov/biosample/SAMN10593194","NONE","33.91111111","No","0","Not Detected","Not Detected","Invasive carcinoma, POORLY DIFFERENTIATED","41.85552932","0.197909543","0.061870909","0.342924272","0.083129057","47.37968869","0","999","0","999","Female","1","999","0","999","999","40-50%","2","999","999","0.059027427","999","Premenopausal","0","68","Others","999","0","0","999","0","999","6.492904945","0","TN","TN","TN","Normal","0","2","3877","89.3851399798497","T2","43374100","cT2-3N0-1M0","77","2.604208154","0.443254464","0.443254464","0.8","0"
"GSM3514047","OB_16_0011_1","GSM3514047","Public on Oct 12 2020","Dec 14 2018","Oct 12 2020","SRA","1","Primary Tumor","Homo sapiens","gender: Female","age: 42.53888889","menopausal_status: Premenopausal","bc_family_history: No","brca1_status: Not Detected","brca2_status: Not Detected","cell_type_diagnosis: INVASIVE MICROPAPILLARY CARCINOMA","er_status_diagnosis: 0","er_score_diagnosis: 0","pr_status_diagnosis: 0","pr_score_diagnosis: 0","her2_status_diagnosis: 0","her2_score_diagnosis: 0","ki67_status_diagnosis: 1","ki67_diagnosis: 10-20%","tnm_stage_clinical: cT1N1-2M0","nac_drug: Others","er_status_surgery: Negative","er_score_surgery: 0","pr_status_surgery: Negative","pr_score_surgery: 0","her2_status_surgery: Negative","her2_score_surgery: 0","ki67_status_surgery: 2","ki67_surgery: 0.5","histological_grade: 3","nuclear_grade: 3","lymphovascular_invasion: 0","bilaterality: 0","multiplicity: 1","surgery_type: 1","surgical_site: 2","tumor_size: 1.3","regional_lymph_nodes: 1","tnm_stage_pathologic: 6","pcr_status: 1","proliferative_index: 35.14390224","cyt_score: 8.426209112","subtype_pam50: Basal","subtype_nmc: NA","subtype_ihc: TN","tumor_purity_pathology: 0.7","cin_score: NA","tumor_purity_facets: NA","tumor_purity_consensus: 0.7","tumor_ploidy: NA","cnv_burden_del: NA","cnv_burden_hemizygote: NA","loh_burden_burden: NA","cnv_burden_gain: NA","cnv_burden_amp: NA","til_count: 275","tissue_area: 18670500","til_density: 14.7291181275274","time: T1","subtype_consensus: TN","mut_load: NA","total RNA","For RNA-Seq, sequencing libraries were prepared using TruSeq RNA Sample Preparation kit v2 (RS-122-2001 and RS-122-2002, Illumina). Sequencing of the RNA libraries was performed on an Illumina HiSeq2500 in 100-bp paired-end mode of the TruSeq Rapid PE Cluster kit and the TruSeq Rapid SBS kit.","9606","RNA-Seq data was analyzed using the RSEM42 pipeline with hg19 as the genome reference","Genome_build: hg19","Supplementary_files_format_and_content: expression matrix with gene expression by samples in TPM units","GPL16791","Zhengyan,,Kan","Computational Biology, Oncology Research & Development","Pfizer","10770 Science Center Drive","San Diego","CA","92121","USA","0","Illumina HiSeq 2500","cDNA","transcriptomic","RNA-Seq","BioSample: https://www.ncbi.nlm.nih.gov/biosample/SAMN10593193","NONE","42.53888889","No","0","Not Detected","Not Detected","INVASIVE MICROPAPILLARY CARCINOMA","NA","NA","NA","NA","NA","8.426209112","0","0","0","Negative","Female","0","0","0","Negative","3","10-20%","1","2","0.5","NA","0","Premenopausal","1","NA","Others","3","1","0","0","0","Negative","35.14390224","1","TN","TN","NA","Basal","1","2","275","14.7291181275274","T1","18670500","cT1N1-2M0","6","NA","0.7","NA","0.7","1.3"
"GSM3514048","OB_16_0026_1","GSM3514048","Public on Oct 12 2020","Dec 14 2018","Oct 12 2020","SRA","1","Primary Tumor","Homo sapiens","gender: Female","age: 36.88611111","menopausal_status: Premenopausal","bc_family_history: No","brca1_status: Not Detected","brca2_status: Not Detected","cell_type_diagnosis: Invasive ductal carcinoma","er_status_diagnosis: 0","er_score_diagnosis: 0","pr_status_diagnosis: 0","pr_score_diagnosis: 0","her2_status_diagnosis: 0","her2_score_diagnosis: 2","ki67_status_diagnosis: 4","ki67_diagnosis: 80-90%","tnm_stage_clinical: cT3N3M0","nac_drug: AC+T","er_status_surgery: Negative","er_score_surgery: 0","pr_status_surgery: Negative","pr_score_surgery: 0","her2_status_surgery: Negative","her2_score_surgery: 0","ki67_status_surgery: 4","ki67_surgery: 80-90%","histological_grade: 3","nuclear_grade: 2","lymphovascular_invasion: 1","bilaterality: 0","multiplicity: 0","surgery_type: 0","surgical_site: 2","tumor_size: 2.3","regional_lymph_nodes: 6","tnm_stage_pathologic: 12","pcr_status: 1","proliferative_index: 91.28867664","cyt_score: 7.814454556","subtype_pam50: Basal","subtype_nmc: NA","subtype_ihc: TN","tumor_purity_pathology: 0.7","cin_score: NA","tumor_purity_facets: NA","tumor_purity_consensus: 0.7","tumor_ploidy: NA","cnv_burden_del: NA","cnv_burden_hemizygote: NA","loh_burden_burden: NA","cnv_burden_gain: NA","cnv_burden_amp: NA","til_count: 2789","tissue_area: 34104100","til_density: 81.7790236364543","time: T1","subtype_consensus: TN","mut_load: NA","total RNA","For RNA-Seq, sequencing libraries were prepared using TruSeq RNA Sample Preparation kit v2 (RS-122-2001 and RS-122-2002, Illumina). Sequencing of the RNA libraries was performed on an Illumina HiSeq2500 in 100-bp paired-end mode of the TruSeq Rapid PE Cluster kit and the TruSeq Rapid SBS kit.","9606","RNA-Seq data was analyzed using the RSEM42 pipeline with hg19 as the genome reference","Genome_build: hg19","Supplementary_files_format_and_content: expression matrix with gene expression by samples in TPM units","GPL16791","Zhengyan,,Kan","Computational Biology, Oncology Research & Development","Pfizer","10770 Science Center Drive","San Diego","CA","92121","USA","0","Illumina HiSeq 2500","cDNA","transcriptomic","RNA-Seq","BioSample: https://www.ncbi.nlm.nih.gov/biosample/SAMN10593192","NONE","36.88611111","No","0","Not Detected","Not Detected","Invasive ductal carcinoma","NA","NA","NA","NA","NA","7.814454556","0","0","0","Negative","Female","2","0","0","Negative","3","80-90%","4","4","80-90%","NA","1","Premenopausal","0","NA","AC+T","2","1","0","0","0","Negative","91.28867664","6","TN","TN","NA","Basal","0","2","2789","81.7790236364543","T1","34104100","cT3N3M0","12","NA","0.7","NA","0.7","2.3"
"GSM3514049","OB_16_0030_1","GSM3514049","Public on Oct 12 2020","Dec 14 2018","Oct 12 2020","SRA","1","Primary Tumor","Homo sapiens","gender: Female","age: 57.09444444","menopausal_status: 88","bc_family_history: No","brca1_status: Not Detected","brca2_status: Not Detected","cell_type_diagnosis: Invasive ductal carcinoma","er_status_diagnosis: 0","er_score_diagnosis: 0","pr_status_diagnosis: 0","pr_score_diagnosis: 0","her2_status_diagnosis: 1","her2_score_diagnosis: 3","ki67_status_diagnosis: 2","ki67_diagnosis: 30-40%","tnm_stage_clinical: cT2N1M0","nac_drug: TCHP","er_status_surgery: 999","er_score_surgery: 999","pr_status_surgery: 999","pr_score_surgery: 999","her2_status_surgery: 999","her2_score_surgery: 999","ki67_status_surgery: 999","ki67_surgery: 999","histological_grade: 999","nuclear_grade: 999","lymphovascular_invasion: 999","bilaterality: 0","multiplicity: 0","surgery_type: 1","surgical_site: 2","tumor_size: 0","regional_lymph_nodes: 0","tnm_stage_pathologic: 77","pcr_status: 0","proliferative_index: 19.2177716","cyt_score: 3.908452379","subtype_pam50: Her2","subtype_nmc: HER2+","subtype_ihc: HER2+","tumor_purity_pathology: 0.7","cin_score: 21.73350662","tumor_purity_facets: 0.289818552","tumor_purity_consensus: 0.289818552","tumor_ploidy: 2.71352852","cnv_burden_del: 0.02133327","cnv_burden_hemizygote: 0.098913442","loh_burden_burden: 0","cnv_burden_gain: 0.59786718","cnv_burden_amp: 0.048607424","til_count: 18","tissue_area: 23232800","til_density: 0.77476670913536","time: T1","subtype_consensus: HER2+","mut_load: 16","total RNA","For RNA-Seq, sequencing libraries were prepared using TruSeq RNA Sample Preparation kit v2 (RS-122-2001 and RS-122-2002, Illumina). Sequencing of the RNA libraries was performed on an Illumina HiSeq2500 in 100-bp paired-end mode of the TruSeq Rapid PE Cluster kit and the TruSeq Rapid SBS kit.","9606","RNA-Seq data was analyzed using the RSEM42 pipeline with hg19 as the genome reference","Genome_build: hg19","Supplementary_files_format_and_content: expression matrix with gene expression by samples in TPM units","GPL16791","Zhengyan,,Kan","Computational Biology, Oncology Research & Development","Pfizer","10770 Science Center Drive","San Diego","CA","92121","USA","0","Illumina HiSeq 2500","cDNA","transcriptomic","RNA-Seq","BioSample: https://www.ncbi.nlm.nih.gov/biosample/SAMN10593191","NONE","57.09444444","No","0","Not Detected","Not Detected","Invasive ductal carcinoma","21.73350662","0.048607424","0.02133327","0.59786718","0.098913442","3.908452379","0","999","0","999","Female","3","999","1","999","999","30-40%","2","999","999","0","999","88","0","16","TCHP","999","0","0","999","0","999","19.2177716","0","HER2+","HER2+","HER2+","Her2","1","2","18","0.77476670913536","T1","23232800","cT2N1M0","77","2.71352852","0.289818552","0.289818552","0.7","0"
"GSM3514050","OB_16_0032_1","GSM3514050","Public on Oct 12 2020","Dec 14 2018","Oct 12 2020","SRA","1","Primary Tumor","Homo sapiens","gender: Female","age: 36.25833333","menopausal_status: Premenopausal","bc_family_history: No","brca1_status: Not Detected","brca2_status: Detected","cell_type_diagnosis: Invasive ductal carcinoma","er_status_diagnosis: 1","er_score_diagnosis: 8","pr_status_diagnosis: 1","pr_score_diagnosis: 4","her2_status_diagnosis: 0","her2_score_diagnosis: 0","ki67_status_diagnosis: 2","ki67_diagnosis: 20-30%","tnm_stage_clinical: cT2N1-2M0","nac_drug: AC+T","er_status_surgery: Positive","er_score_surgery: 8","pr_status_surgery: Negative","pr_score_surgery: 0","her2_status_surgery: Negative","her2_score_surgery: 1","ki67_status_surgery: 1","ki67_surgery: <1%","histological_grade: 3","nuclear_grade: 3","lymphovascular_invasion: 1","bilaterality: 0","multiplicity: 0","surgery_type: 1","surgical_site: 2","tumor_size: 1.9","regional_lymph_nodes: 2","tnm_stage_pathologic: 6","pcr_status: 1","proliferative_index: 27.20552721","cyt_score: 1.183469476","subtype_pam50: LumB","subtype_nmc: NA","subtype_ihc: ER+","tumor_purity_pathology: 0.75","cin_score: NA","tumor_purity_facets: NA","tumor_purity_consensus: 0.75","tumor_ploidy: NA","cnv_burden_del: NA","cnv_burden_hemizygote: NA","loh_burden_burden: NA","cnv_burden_gain: NA","cnv_burden_amp: NA","til_count: 323","tissue_area: 21019300","til_density: 15.3668295328579","time: T1","subtype_consensus: ER+","mut_load: NA","total RNA","For RNA-Seq, sequencing libraries were prepared using TruSeq RNA Sample Preparation kit v2 (RS-122-2001 and RS-122-2002, Illumina). Sequencing of the RNA libraries was performed on an Illumina HiSeq2500 in 100-bp paired-end mode of the TruSeq Rapid PE Cluster kit and the TruSeq Rapid SBS kit.","9606","RNA-Seq data was analyzed using the RSEM42 pipeline with hg19 as the genome reference","Genome_build: hg19","Supplementary_files_format_and_content: expression matrix with gene expression by samples in TPM units","GPL16791","Zhengyan,,Kan","Computational Biology, Oncology Research & Development","Pfizer","10770 Science Center Drive","San Diego","CA","92121","USA","0","Illumina HiSeq 2500","cDNA","transcriptomic","RNA-Seq","BioSample: https://www.ncbi.nlm.nih.gov/biosample/SAMN10593190","NONE","36.25833333","No","0","Not Detected","Detected","Invasive ductal carcinoma","NA","NA","NA","NA","NA","1.183469476","8","8","1","Positive","Female","0","1","0","Negative","3","20-30%","2","1","<1%","NA","1","Premenopausal","0","NA","AC+T","3","1","4","0","1","Negative","27.20552721","2","ER+","ER+","NA","LumB","1","2","323","15.3668295328579","T1","21019300","cT2N1-2M0","6","NA","0.75","NA","0.75","1.9"
"GSM3514051","OB_16_0034_1","GSM3514051","Public on Oct 12 2020","Dec 14 2018","Oct 12 2020","SRA","1","Primary Tumor","Homo sapiens","gender: Female","age: 49.02222222","menopausal_status: Premenopausal","bc_family_history: No","brca1_status: Not Detected","brca2_status: Not Detected","cell_type_diagnosis: Invasive ductal carcinoma","er_status_diagnosis: 0","er_score_diagnosis: 0","pr_status_diagnosis: 0","pr_score_diagnosis: 0","her2_status_diagnosis: 0","her2_score_diagnosis: 0","ki67_status_diagnosis: 4","ki67_diagnosis: 0.8","tnm_stage_clinical: cT2N2M0","nac_drug: AC+T","er_status_surgery: Negative","er_score_surgery: 0","pr_status_surgery: Negative","pr_score_surgery: 0","her2_status_surgery: Negative","her2_score_surgery: 0","ki67_status_surgery: 3","ki67_surgery: 70-80%","histological_grade: 3","nuclear_grade: 3","lymphovascular_invasion: 0","bilaterality: 0","multiplicity: 0","surgery_type: 0","surgical_site: 2","tumor_size: 2.1","regional_lymph_nodes: 0","tnm_stage_pathologic: 7","pcr_status: 1","proliferative_index: 42.33075325","cyt_score: 8.000937445","subtype_pam50: Basal","subtype_nmc: NA","subtype_ihc: TN","tumor_purity_pathology: 0.5","cin_score: NA","tumor_purity_facets: NA","tumor_purity_consensus: 0.5","tumor_ploidy: NA","cnv_burden_del: NA","cnv_burden_hemizygote: NA","loh_burden_burden: NA","cnv_burden_gain: NA","cnv_burden_amp: NA","til_count: 370","tissue_area: 30683000","til_density: 12.0587947723495","time: T1","subtype_consensus: TN","mut_load: NA","total RNA","For RNA-Seq, sequencing libraries were prepared using TruSeq RNA Sample Preparation kit v2 (RS-122-2001 and RS-122-2002, Illumina). Sequencing of the RNA libraries was performed on an Illumina HiSeq2500 in 100-bp paired-end mode of the TruSeq Rapid PE Cluster kit and the TruSeq Rapid SBS kit.","9606","RNA-Seq data was analyzed using the RSEM42 pipeline with hg19 as the genome reference","Genome_build: hg19","Supplementary_files_format_and_content: expression matrix with gene expression by samples in TPM units","GPL16791","Zhengyan,,Kan","Computational Biology, Oncology Research & Development","Pfizer","10770 Science Center Drive","San Diego","CA","92121","USA","0","Illumina HiSeq 2500","cDNA","transcriptomic","RNA-Seq","BioSample: https://www.ncbi.nlm.nih.gov/biosample/SAMN10593189","NONE","49.02222222","No","0","Not Detected","Not Detected","Invasive ductal carcinoma","NA","NA","NA","NA","NA","8.000937445","0","0","0","Negative","Female","0","0","0","Negative","3","0.8","4","3","70-80%","NA","0","Premenopausal","0","NA","AC+T","3","1","0","0","0","Negative","42.33075325","0","TN","TN","NA","Basal","0","2","370","12.0587947723495","T1","30683000","cT2N2M0","7","NA","0.5","NA","0.5","2.1"
"GSM3514052","OB_16_0039_2","GSM3514052","Public on Oct 12 2020","Dec 14 2018","Oct 12 2020","SRA","1","Primary Tumor","Homo sapiens","gender: Female","age: 56.81944444","menopausal_status: 88","bc_family_history: No","brca1_status: 999","brca2_status: 999","cell_type_diagnosis: Invasive ductal carcinoma","er_status_diagnosis: 0","er_score_diagnosis: 0","pr_status_diagnosis: 0","pr_score_diagnosis: 0","her2_status_diagnosis: 1","her2_score_diagnosis: 3","ki67_status_diagnosis: 2","ki67_diagnosis: 30-40%","tnm_stage_clinical: cT2N2M0","nac_drug: AC+T+Trastuzumab","er_status_surgery: 999","er_score_surgery: 999","pr_status_surgery: 999","pr_score_surgery: 999","her2_status_surgery: 999","her2_score_surgery: 999","ki67_status_surgery: 999","ki67_surgery: 999","histological_grade: 999","nuclear_grade: 999","lymphovascular_invasion: 999","bilaterality: 0","multiplicity: 0","surgery_type: 1","surgical_site: 1","tumor_size: 0","regional_lymph_nodes: 0","tnm_stage_pathologic: 77","pcr_status: 0","proliferative_index: 12.12490181","cyt_score: 8.242305503","subtype_pam50: LumA","subtype_nmc: NA","subtype_ihc: HER2+","tumor_purity_pathology: 0.4","cin_score: NA","tumor_purity_facets: NA","tumor_purity_consensus: 0.4","tumor_ploidy: NA","cnv_burden_del: NA","cnv_burden_hemizygote: NA","loh_burden_burden: NA","cnv_burden_gain: NA","cnv_burden_amp: NA","til_count: 526","tissue_area: 18840500","til_density: 27.9185796555293","time: T2","subtype_consensus: HER2+","mut_load: NA","total RNA","For RNA-Seq, sequencing libraries were prepared using TruSeq RNA Sample Preparation kit v2 (RS-122-2001 and RS-122-2002, Illumina). Sequencing of the RNA libraries was performed on an Illumina HiSeq2500 in 100-bp paired-end mode of the TruSeq Rapid PE Cluster kit and the TruSeq Rapid SBS kit.","9606","RNA-Seq data was analyzed using the RSEM42 pipeline with hg19 as the genome reference","Genome_build: hg19","Supplementary_files_format_and_content: expression matrix with gene expression by samples in TPM units","GPL16791","Zhengyan,,Kan","Computational Biology, Oncology Research & Development","Pfizer","10770 Science Center Drive","San Diego","CA","92121","USA","0","Illumina HiSeq 2500","cDNA","transcriptomic","RNA-Seq","BioSample: https://www.ncbi.nlm.nih.gov/biosample/SAMN10593188","NONE","56.81944444","No","0","999","999","Invasive ductal carcinoma","NA","NA","NA","NA","NA","8.242305503","0","999","0","999","Female","3","999","1","999","999","30-40%","2","999","999","NA","999","88","0","NA","AC+T+Trastuzumab","999","0","0","999","0","999","12.12490181","0","HER2+","HER2+","NA","LumA","1","1","526","27.9185796555293","T2","18840500","cT2N2M0","77","NA","0.4","NA","0.4","0"
"GSM3514053","OB_16_0047_1","GSM3514053","Public on Oct 12 2020","Dec 14 2018","Oct 12 2020","SRA","1","Primary Tumor","Homo sapiens","gender: Female","age: 45.25","menopausal_status: Premenopausal","bc_family_history: No","brca1_status: 999","brca2_status: 999","cell_type_diagnosis: Invasive ductal carcinoma","er_status_diagnosis: 0","er_score_diagnosis: 0","pr_status_diagnosis: 0","pr_score_diagnosis: 0","her2_status_diagnosis: 0","her2_score_diagnosis: 1","ki67_status_diagnosis: 4","ki67_diagnosis: 80-90%","tnm_stage_clinical: cT4N1M0","nac_drug: AC+T","er_status_surgery: Negative","er_score_surgery: 2","pr_status_surgery: Negative","pr_score_surgery: 0","her2_status_surgery: Negative","her2_score_surgery: 1","ki67_status_surgery: 4","ki67_surgery: 80-90%","histological_grade: 3","nuclear_grade: 3","lymphovascular_invasion: 0","bilaterality: 0","multiplicity: 0","surgery_type: 1","surgical_site: 1","tumor_size: 0.7","regional_lymph_nodes: 0","tnm_stage_pathologic: 2","pcr_status: 1","proliferative_index: 51.50504129","cyt_score: 16.57847399","subtype_pam50: Basal","subtype_nmc: NA","subtype_ihc: TN","tumor_purity_pathology: 0.5","cin_score: NA","tumor_purity_facets: NA","tumor_purity_consensus: 0.5","tumor_ploidy: NA","cnv_burden_del: NA","cnv_burden_hemizygote: NA","loh_burden_burden: NA","cnv_burden_gain: NA","cnv_burden_amp: NA","til_count: 2548","tissue_area: 30668800","til_density: 83.0811769616027","time: T1","subtype_consensus: TN","mut_load: NA","total RNA","For RNA-Seq, sequencing libraries were prepared using TruSeq RNA Sample Preparation kit v2 (RS-122-2001 and RS-122-2002, Illumina). Sequencing of the RNA libraries was performed on an Illumina HiSeq2500 in 100-bp paired-end mode of the TruSeq Rapid PE Cluster kit and the TruSeq Rapid SBS kit.","9606","RNA-Seq data was analyzed using the RSEM42 pipeline with hg19 as the genome reference","Genome_build: hg19","Supplementary_files_format_and_content: expression matrix with gene expression by samples in TPM units","GPL16791","Zhengyan,,Kan","Computational Biology, Oncology Research & Development","Pfizer","10770 Science Center Drive","San Diego","CA","92121","USA","0","Illumina HiSeq 2500","cDNA","transcriptomic","RNA-Seq","BioSample: https://www.ncbi.nlm.nih.gov/biosample/SAMN10593187","NONE","45.25","No","0","999","999","Invasive ductal carcinoma","NA","NA","NA","NA","NA","16.57847399","0","2","0","Negative","Female","1","1","0","Negative","3","80-90%","4","4","80-90%","NA","0","Premenopausal","0","NA","AC+T","3","1","0","0","0","Negative","51.50504129","0","TN","TN","NA","Basal","1","1","2548","83.0811769616027","T1","30668800","cT4N1M0","2","NA","0.5","NA","0.5","0.7"
"GSM3514054","OB_16_0051_1","GSM3514054","Public on Oct 12 2020","Dec 14 2018","Oct 12 2020","SRA","1","Primary Tumor","Homo sapiens","gender: Female","age: 33.66111111","menopausal_status: Premenopausal","bc_family_history: No","brca1_status: Not Detected","brca2_status: Not Detected","cell_type_diagnosis: Invasive ductal carcinoma","er_status_diagnosis: 1","er_score_diagnosis: 6","pr_status_diagnosis: 0","pr_score_diagnosis: 3","her2_status_diagnosis: 0","her2_score_diagnosis: 1","ki67_status_diagnosis: 3","ki67_diagnosis: 70-80%","tnm_stage_clinical: cT2N1-2M0","nac_drug: AC+T","er_status_surgery: Positive","er_score_surgery: 5","pr_status_surgery: Negative","pr_score_surgery: 0","her2_status_surgery: Negative","her2_score_surgery: 0","ki67_status_surgery: 3","ki67_surgery: 60-70%","histological_grade: 3","nuclear_grade: 3","lymphovascular_invasion: 0","bilaterality: 0","multiplicity: 0","surgery_type: 1","surgical_site: 2","tumor_size: 0.1(Tis)","regional_lymph_nodes: 0","tnm_stage_pathologic: 1","pcr_status: 0","proliferative_index: 41.30493259","cyt_score: 2.481491487","subtype_pam50: Basal","subtype_nmc: ER+","subtype_ihc: ER+","tumor_purity_pathology: 0.8","cin_score: 17.73377151","tumor_purity_facets: 0.303586309","tumor_purity_consensus: 0.303586309","tumor_ploidy: 2.562152556","cnv_burden_del: 0.009320355","cnv_burden_hemizygote: 0.092963723","loh_burden_burden: 0.009401799","cnv_burden_gain: 0.51060612","cnv_burden_amp: 0.102679784","til_count: 3271","tissue_area: 26585100","til_density: 123.03884506735","time: T1","subtype_consensus: TN","mut_load: 29","total RNA","For RNA-Seq, sequencing libraries were prepared using TruSeq RNA Sample Preparation kit v2 (RS-122-2001 and RS-122-2002, Illumina). Sequencing of the RNA libraries was performed on an Illumina HiSeq2500 in 100-bp paired-end mode of the TruSeq Rapid PE Cluster kit and the TruSeq Rapid SBS kit.","9606","RNA-Seq data was analyzed using the RSEM42 pipeline with hg19 as the genome reference","Genome_build: hg19","Supplementary_files_format_and_content: expression matrix with gene expression by samples in TPM units","GPL16791","Zhengyan,,Kan","Computational Biology, Oncology Research & Development","Pfizer","10770 Science Center Drive","San Diego","CA","92121","USA","0","Illumina HiSeq 2500","cDNA","transcriptomic","RNA-Seq","BioSample: https://www.ncbi.nlm.nih.gov/biosample/SAMN10593186","NONE","33.66111111","No","0","Not Detected","Not Detected","Invasive ductal carcinoma","17.73377151","0.102679784","0.009320355","0.51060612","0.092963723","2.481491487","6","5","1","Positive","Female","1","0","0","Negative","3","70-80%","3","3","60-70%","0.009401799","0","Premenopausal","0","29","AC+T","3","0","3","0","0","Negative","41.30493259","0","TN","ER+","ER+","Basal","1","2","3271","123.03884506735","T1","26585100","cT2N1-2M0","1","2.562152556","0.303586309","0.303586309","0.8","0.1(Tis)"
"GSM3514055","OB_16_0070_1","GSM3514055","Public on Oct 12 2020","Dec 14 2018","Oct 12 2020","SRA","1","Primary Tumor","Homo sapiens","gender: Female","age: 49.10555556","menopausal_status: Premenopausal","bc_family_history: No","brca1_status: 999","brca2_status: 999","cell_type_diagnosis: Invasive ductal carcinoma","er_status_diagnosis: 1","er_score_diagnosis: 8","pr_status_diagnosis: 1","pr_score_diagnosis: 8","her2_status_diagnosis: 1","her2_score_diagnosis: 3","ki67_status_diagnosis: 2","ki67_diagnosis: 20-30%","tnm_stage_clinical: cT2-3N3M0","nac_drug: TCHP","er_status_surgery: 999","er_score_surgery: 999","pr_status_surgery: 999","pr_score_surgery: 999","her2_status_surgery: 999","her2_score_surgery: 999","ki67_status_surgery: 999","ki67_surgery: 999","histological_grade: 1","nuclear_grade: 1","lymphovascular_invasion: 0","bilaterality: 0","multiplicity: 1","surgery_type: 0","surgical_site: 1","tumor_size: 1300<U+339B>","regional_lymph_nodes: 0","tnm_stage_pathologic: 2","pcr_status: 1","proliferative_index: 18.56228451","cyt_score: 55.12686369","subtype_pam50: LumB","subtype_nmc: ER+HER2+","subtype_ihc: ER+HER2+","tumor_purity_pathology: 0.9","cin_score: 10.83089784","tumor_purity_facets: 0.268733193","tumor_purity_consensus: 0.268733193","tumor_ploidy: 1.797458568","cnv_burden_del: 0.006599054","cnv_burden_hemizygote: 0.220637822","loh_burden_burden: 0","cnv_burden_gain: 0.128525607","cnv_burden_amp: 0.000431908","til_count: 12463","tissue_area: 71985104","til_density: 173.133041524813","time: T1","subtype_consensus: ER+HER2+","mut_load: 53","total RNA","For RNA-Seq, sequencing libraries were prepared using TruSeq RNA Sample Preparation kit v2 (RS-122-2001 and RS-122-2002, Illumina). Sequencing of the RNA libraries was performed on an Illumina HiSeq2500 in 100-bp paired-end mode of the TruSeq Rapid PE Cluster kit and the TruSeq Rapid SBS kit.","9606","RNA-Seq data was analyzed using the RSEM42 pipeline with hg19 as the genome reference","Genome_build: hg19","Supplementary_files_format_and_content: expression matrix with gene expression by samples in TPM units","GPL16791","Zhengyan,,Kan","Computational Biology, Oncology Research & Development","Pfizer","10770 Science Center Drive","San Diego","CA","92121","USA","0","Illumina HiSeq 2500","cDNA","transcriptomic","RNA-Seq","BioSample: https://www.ncbi.nlm.nih.gov/biosample/SAMN10593185","NONE","49.10555556","No","0","999","999","Invasive ductal carcinoma","10.83089784","0.000431908","0.006599054","0.128525607","0.220637822","55.12686369","8","999","1","999","Female","3","999","1","999","1","20-30%","2","999","999","0","0","Premenopausal","1","53","TCHP","1","1","8","999","1","999","18.56228451","0","ER+HER2+","ER+HER2+","ER+HER2+","LumB","0","1","12463","173.133041524813","T1","71985104","cT2-3N3M0","2","1.797458568","0.268733193","0.268733193","0.9","1300<U+339B>"
"GSM3514056","OB_16_0078_1","GSM3514056","Public on Oct 12 2020","Dec 14 2018","Oct 12 2020","SRA","1","Primary Tumor","Homo sapiens","gender: Female","age: 64.09722222","menopausal_status: Postmenopausal","bc_family_history: No","brca1_status: 999","brca2_status: 999","cell_type_diagnosis: Invasive ductal carcinoma","er_status_diagnosis: 0","er_score_diagnosis: 0","pr_status_diagnosis: 0","pr_score_diagnosis: 0","her2_status_diagnosis: 1","her2_score_diagnosis: 3","ki67_status_diagnosis: 2","ki67_diagnosis: 30-40%","tnm_stage_clinical: cT2-3N1M0","nac_drug: AC+T+Trastuzumab","er_status_surgery: 999","er_score_surgery: 999","pr_status_surgery: 999","pr_score_surgery: 999","her2_status_surgery: 999","her2_score_surgery: 999","ki67_status_surgery: 999","ki67_surgery: 999","histological_grade: 999","nuclear_grade: 999","lymphovascular_invasion: 999","bilaterality: 0","multiplicity: 0","surgery_type: 1","surgical_site: 2","tumor_size: 0","regional_lymph_nodes: 0","tnm_stage_pathologic: 77","pcr_status: 0","proliferative_index: 19.28419514","cyt_score: 43.71492423","subtype_pam50: Her2","subtype_nmc: HER2+","subtype_ihc: HER2+","tumor_purity_pathology: 0.7","cin_score: 23.20915935","tumor_purity_facets: 0.295925294","tumor_purity_consensus: 0.295925294","tumor_ploidy: 2.712209789","cnv_burden_del: 0.023947412","cnv_burden_hemizygote: 0.078735393","loh_burden_burden: 0","cnv_burden_gain: 0.621068951","cnv_burden_amp: 0.042715615","til_count: 1335","tissue_area: 28477300","til_density: 46.879444329343","time: T1","subtype_consensus: HER2+","mut_load: 15","total RNA","For RNA-Seq, sequencing libraries were prepared using TruSeq RNA Sample Preparation kit v2 (RS-122-2001 and RS-122-2002, Illumina). Sequencing of the RNA libraries was performed on an Illumina HiSeq2500 in 100-bp paired-end mode of the TruSeq Rapid PE Cluster kit and the TruSeq Rapid SBS kit.","9606","RNA-Seq data was analyzed using the RSEM42 pipeline with hg19 as the genome reference","Genome_build: hg19","Supplementary_files_format_and_content: expression matrix with gene expression by samples in TPM units","GPL16791","Zhengyan,,Kan","Computational Biology, Oncology Research & Development","Pfizer","10770 Science Center Drive","San Diego","CA","92121","USA","0","Illumina HiSeq 2500","cDNA","transcriptomic","RNA-Seq","BioSample: https://www.ncbi.nlm.nih.gov/biosample/SAMN10593249","NONE","64.09722222","No","0","999","999","Invasive ductal carcinoma","23.20915935","0.042715615","0.023947412","0.621068951","0.078735393","43.71492423","0","999","0","999","Female","3","999","1","999","999","30-40%","2","999","999","0","999","Postmenopausal","0","15","AC+T+Trastuzumab","999","0","0","999","0","999","19.28419514","0","HER2+","HER2+","HER2+","Her2","1","2","1335","46.879444329343","T1","28477300","cT2-3N1M0","77","2.712209789","0.295925294","0.295925294","0.7","0"
"GSM3514057","OB_16_0078_2","GSM3514057","Public on Oct 12 2020","Dec 14 2018","Oct 12 2020","SRA","1","Primary Tumor","Homo sapiens","gender: Female","age: 64.09722222","menopausal_status: Postmenopausal","bc_family_history: No","brca1_status: 999","brca2_status: 999","cell_type_diagnosis: Invasive ductal carcinoma","er_status_diagnosis: 0","er_score_diagnosis: 0","pr_status_diagnosis: 0","pr_score_diagnosis: 0","her2_status_diagnosis: 1","her2_score_diagnosis: 3","ki67_status_diagnosis: 2","ki67_diagnosis: 30-40%","tnm_stage_clinical: cT2-3N1M0","nac_drug: AC+T+Trastuzumab","er_status_surgery: 999","er_score_surgery: 999","pr_status_surgery: 999","pr_score_surgery: 999","her2_status_surgery: 999","her2_score_surgery: 999","ki67_status_surgery: 999","ki67_surgery: 999","histological_grade: 999","nuclear_grade: 999","lymphovascular_invasion: 999","bilaterality: 0","multiplicity: 0","surgery_type: 1","surgical_site: 2","tumor_size: 0","regional_lymph_nodes: 0","tnm_stage_pathologic: 77","pcr_status: 0","proliferative_index: 17.85711211","cyt_score: 28.78761192","subtype_pam50: Her2","subtype_nmc: HER2+","subtype_ihc: HER2+","tumor_purity_pathology: 0.6","cin_score: 17.00559536","tumor_purity_facets: 0.291336381","tumor_purity_consensus: 0.291336381","tumor_ploidy: 2.541012599","cnv_burden_del: 0.005257737","cnv_burden_hemizygote: 0.089799198","loh_burden_burden: 0","cnv_burden_gain: 0.593519355","cnv_burden_amp: 0.016799894","til_count: 2798","tissue_area: 25745900","til_density: 108.677498164756","time: T2","subtype_consensus: HER2+","mut_load: 5","total RNA","For RNA-Seq, sequencing libraries were prepared using TruSeq RNA Sample Preparation kit v2 (RS-122-2001 and RS-122-2002, Illumina). Sequencing of the RNA libraries was performed on an Illumina HiSeq2500 in 100-bp paired-end mode of the TruSeq Rapid PE Cluster kit and the TruSeq Rapid SBS kit.","9606","RNA-Seq data was analyzed using the RSEM42 pipeline with hg19 as the genome reference","Genome_build: hg19","Supplementary_files_format_and_content: expression matrix with gene expression by samples in TPM units","GPL16791","Zhengyan,,Kan","Computational Biology, Oncology Research & Development","Pfizer","10770 Science Center Drive","San Diego","CA","92121","USA","0","Illumina HiSeq 2500","cDNA","transcriptomic","RNA-Seq","BioSample: https://www.ncbi.nlm.nih.gov/biosample/SAMN10593248","NONE","64.09722222","No","0","999","999","Invasive ductal carcinoma","17.00559536","0.016799894","0.005257737","0.593519355","0.089799198","28.78761192","0","999","0","999","Female","3","999","1","999","999","30-40%","2","999","999","0","999","Postmenopausal","0","5","AC+T+Trastuzumab","999","0","0","999","0","999","17.85711211","0","HER2+","HER2+","HER2+","Her2","1","2","2798","108.677498164756","T2","25745900","cT2-3N1M0","77","2.541012599","0.291336381","0.291336381","0.6","0"
"GSM3514058","OB_16_0080_1","GSM3514058","Public on Oct 12 2020","Dec 14 2018","Oct 12 2020","SRA","1","Primary Tumor","Homo sapiens","gender: Female","age: 43.86666667","menopausal_status: Premenopausal","bc_family_history: No","brca1_status: 999","brca2_status: 999","cell_type_diagnosis: Invasive ductal carcinoma","er_status_diagnosis: 1","er_score_diagnosis: 8","pr_status_diagnosis: 1","pr_score_diagnosis: 8","her2_status_diagnosis: 0","her2_score_diagnosis: 1","ki67_status_diagnosis: 2","ki67_diagnosis: 30-40%","tnm_stage_clinical: cT4N3M0","nac_drug: AC+T","er_status_surgery: Positive","er_score_surgery: 8","pr_status_surgery: Positive","pr_score_surgery: 6","her2_status_surgery: Negative","her2_score_surgery: 2","ki67_status_surgery: 1","ki67_surgery: <5%","histological_grade: 2","nuclear_grade: 2","lymphovascular_invasion: 1","bilaterality: 0","multiplicity: 0","surgery_type: 0","surgical_site: 1","tumor_size: 7","regional_lymph_nodes: 11","tnm_stage_pathologic: 18","pcr_status: 1","proliferative_index: 30.20450092","cyt_score: 1.866092174","subtype_pam50: LumB","subtype_nmc: ER+","subtype_ihc: ER+","tumor_purity_pathology: 0.2","cin_score: 21.23532713","tumor_purity_facets: 0.453256075","tumor_purity_consensus: 0.453256075","tumor_ploidy: 2.893926561","cnv_burden_del: 0","cnv_burden_hemizygote: 0.046983452","loh_burden_burden: 0.267298256","cnv_burden_gain: 0.35330306","cnv_burden_amp: 0.106508933","til_count: 5462","tissue_area: 77619200","til_density: 70.369187005277","time: T1","subtype_consensus: ER+","mut_load: 26","total RNA","For RNA-Seq, sequencing libraries were prepared using TruSeq RNA Sample Preparation kit v2 (RS-122-2001 and RS-122-2002, Illumina). Sequencing of the RNA libraries was performed on an Illumina HiSeq2500 in 100-bp paired-end mode of the TruSeq Rapid PE Cluster kit and the TruSeq Rapid SBS kit.","9606","RNA-Seq data was analyzed using the RSEM42 pipeline with hg19 as the genome reference","Genome_build: hg19","Supplementary_files_format_and_content: expression matrix with gene expression by samples in TPM units","GPL16791","Zhengyan,,Kan","Computational Biology, Oncology Research & Development","Pfizer","10770 Science Center Drive","San Diego","CA","92121","USA","0","Illumina HiSeq 2500","cDNA","transcriptomic","RNA-Seq","BioSample: https://www.ncbi.nlm.nih.gov/biosample/SAMN10593247","NONE","43.86666667","No","0","999","999","Invasive ductal carcinoma","21.23532713","0.106508933","0","0.35330306","0.046983452","1.866092174","8","8","1","Positive","Female","1","2","0","Negative","2","30-40%","2","1","<5%","0.267298256","1","Premenopausal","0","26","AC+T","2","1","8","6","1","Positive","30.20450092","11","ER+","ER+","ER+","LumB","0","1","5462","70.369187005277","T1","77619200","cT4N3M0","18","2.893926561","0.453256075","0.453256075","0.2","7"
"GSM3514059","OB_16_0080_2","GSM3514059","Public on Oct 12 2020","Dec 14 2018","Oct 12 2020","SRA","1","Primary Tumor","Homo sapiens","gender: Female","age: 43.86666667","menopausal_status: Premenopausal","bc_family_history: No","brca1_status: 999","brca2_status: 999","cell_type_diagnosis: Invasive ductal carcinoma","er_status_diagnosis: 1","er_score_diagnosis: 8","pr_status_diagnosis: 1","pr_score_diagnosis: 8","her2_status_diagnosis: 0","her2_score_diagnosis: 1","ki67_status_diagnosis: 2","ki67_diagnosis: 30-40%","tnm_stage_clinical: cT4N3M0","nac_drug: AC+T","er_status_surgery: Positive","er_score_surgery: 8","pr_status_surgery: Positive","pr_score_surgery: 6","her2_status_surgery: Negative","her2_score_surgery: 2","ki67_status_surgery: 1","ki67_surgery: <5%","histological_grade: 2","nuclear_grade: 2","lymphovascular_invasion: 1","bilaterality: 0","multiplicity: 0","surgery_type: 0","surgical_site: 1","tumor_size: 7","regional_lymph_nodes: 11","tnm_stage_pathologic: 18","pcr_status: 1","proliferative_index: 4.896808617","cyt_score: 1.059245014","subtype_pam50: LumB","subtype_nmc: ER+","subtype_ihc: ER+","tumor_purity_pathology: 0.5","cin_score: 26.82908519","tumor_purity_facets: 0.529929617","tumor_purity_consensus: 0.529929617","tumor_ploidy: 3.031494436","cnv_burden_del: 0.000693757","cnv_burden_hemizygote: 0.045528712","loh_burden_burden: 0.25303249","cnv_burden_gain: 0.379808096","cnv_burden_amp: 0.082448514","til_count: 1204","tissue_area: 25167400","til_density: 47.8396655991481","time: T2","subtype_consensus: ER+","mut_load: 22","total RNA","For RNA-Seq, sequencing libraries were prepared using TruSeq RNA Sample Preparation kit v2 (RS-122-2001 and RS-122-2002, Illumina). Sequencing of the RNA libraries was performed on an Illumina HiSeq2500 in 100-bp paired-end mode of the TruSeq Rapid PE Cluster kit and the TruSeq Rapid SBS kit.","9606","RNA-Seq data was analyzed using the RSEM42 pipeline with hg19 as the genome reference","Genome_build: hg19","Supplementary_files_format_and_content: expression matrix with gene expression by samples in TPM units","GPL16791","Zhengyan,,Kan","Computational Biology, Oncology Research & Development","Pfizer","10770 Science Center Drive","San Diego","CA","92121","USA","0","Illumina HiSeq 2500","cDNA","transcriptomic","RNA-Seq","BioSample: https://www.ncbi.nlm.nih.gov/biosample/SAMN10593246","NONE","43.86666667","No","0","999","999","Invasive ductal carcinoma","26.82908519","0.082448514","0.000693757","0.379808096","0.045528712","1.059245014","8","8","1","Positive","Female","1","2","0","Negative","2","30-40%","2","1","<5%","0.25303249","1","Premenopausal","0","22","AC+T","2","1","8","6","1","Positive","4.896808617","11","ER+","ER+","ER+","LumB","0","1","1204","47.8396655991481","T2","25167400","cT4N3M0","18","3.031494436","0.529929617","0.529929617","0.5","7"
"GSM3514060","OB_16_0080_3","GSM3514060","Public on Oct 12 2020","Dec 14 2018","Oct 12 2020","SRA","1","Primary Tumor","Homo sapiens","gender: Female","age: 43.86666667","menopausal_status: Premenopausal","bc_family_history: No","brca1_status: 999","brca2_status: 999","cell_type_diagnosis: Invasive ductal carcinoma","er_status_diagnosis: 1","er_score_diagnosis: 8","pr_status_diagnosis: 1","pr_score_diagnosis: 8","her2_status_diagnosis: 0","her2_score_diagnosis: 1","ki67_status_diagnosis: 2","ki67_diagnosis: 30-40%","tnm_stage_clinical: cT4N3M0","nac_drug: AC+T","er_status_surgery: Positive","er_score_surgery: 8","pr_status_surgery: Positive","pr_score_surgery: 6","her2_status_surgery: Negative","her2_score_surgery: 2","ki67_status_surgery: 1","ki67_surgery: <5%","histological_grade: 2","nuclear_grade: 2","lymphovascular_invasion: 1","bilaterality: 0","multiplicity: 0","surgery_type: 0","surgical_site: 1","tumor_size: 7","regional_lymph_nodes: 11","tnm_stage_pathologic: 18","pcr_status: 1","proliferative_index: 2.019444308","cyt_score: 0.502991054","subtype_pam50: LumA","subtype_nmc: ER+","subtype_ihc: ER+","tumor_purity_pathology: 0.9","cin_score: 32.94884215","tumor_purity_facets: 0.610998386","tumor_purity_consensus: 0.610998386","tumor_ploidy: 2.47716697","cnv_burden_del: 0.016280424","cnv_burden_hemizygote: 0.124181423","loh_burden_burden: 0.120595029","cnv_burden_gain: 0.284301866","cnv_burden_amp: 0.07440817","til_count: 9205","tissue_area: 275027008","til_density: 33.4694402085776","time: T3","subtype_consensus: ER+","mut_load: 24","total RNA","For RNA-Seq, sequencing libraries were prepared using TruSeq RNA Sample Preparation kit v2 (RS-122-2001 and RS-122-2002, Illumina). Sequencing of the RNA libraries was performed on an Illumina HiSeq2500 in 100-bp paired-end mode of the TruSeq Rapid PE Cluster kit and the TruSeq Rapid SBS kit.","9606","RNA-Seq data was analyzed using the RSEM42 pipeline with hg19 as the genome reference","Genome_build: hg19","Supplementary_files_format_and_content: expression matrix with gene expression by samples in TPM units","GPL16791","Zhengyan,,Kan","Computational Biology, Oncology Research & Development","Pfizer","10770 Science Center Drive","San Diego","CA","92121","USA","0","Illumina HiSeq 2500","cDNA","transcriptomic","RNA-Seq","BioSample: https://www.ncbi.nlm.nih.gov/biosample/SAMN10593245","NONE","43.86666667","No","0","999","999","Invasive ductal carcinoma","32.94884215","0.07440817","0.016280424","0.284301866","0.124181423","0.502991054","8","8","1","Positive","Female","1","2","0","Negative","2","30-40%","2","1","<5%","0.120595029","1","Premenopausal","0","24","AC+T","2","1","8","6","1","Positive","2.019444308","11","ER+","ER+","ER+","LumA","0","1","9205","33.4694402085776","T3","275027008","cT4N3M0","18","2.47716697","0.610998386","0.610998386","0.9","7"
"GSM3514061","OB_16_0089_1","GSM3514061","Public on Oct 12 2020","Dec 14 2018","Oct 12 2020","SRA","1","Primary Tumor","Homo sapiens","gender: Female","age: 39.78611111","menopausal_status: Premenopausal","bc_family_history: No","brca1_status: 999","brca2_status: 999","cell_type_diagnosis: Invasive ductal carcinoma","er_status_diagnosis: 0","er_score_diagnosis: 0","pr_status_diagnosis: 0","pr_score_diagnosis: 0","her2_status_diagnosis: 1","her2_score_diagnosis: 3","ki67_status_diagnosis: 2","ki67_diagnosis: 40-50%","tnm_stage_clinical: cT3N2M0","nac_drug: TCHP","er_status_surgery: 999","er_score_surgery: 999","pr_status_surgery: 999","pr_score_surgery: 999","her2_status_surgery: 999","her2_score_surgery: 999","ki67_status_surgery: 999","ki67_surgery: 999","histological_grade: 999","nuclear_grade: 999","lymphovascular_invasion: 999","bilaterality: 0","multiplicity: 0","surgery_type: 1","surgical_site: 2","tumor_size: 0","regional_lymph_nodes: 0","tnm_stage_pathologic: 77","pcr_status: 0","proliferative_index: 26.94396052","cyt_score: 27.74486259","subtype_pam50: Her2","subtype_nmc: HER2+","subtype_ihc: HER2+","tumor_purity_pathology: 0.6","cin_score: 16.1985618","tumor_purity_facets: 0.295575432","tumor_purity_consensus: 0.295575432","tumor_ploidy: 2.399458232","cnv_burden_del: 0.013452458","cnv_burden_hemizygote: 0.079910305","loh_burden_burden: 0","cnv_burden_gain: 0.517155804","cnv_burden_amp: 0.006089723","til_count: 2365","tissue_area: 16047800","til_density: 147.372225476389","time: T1","subtype_consensus: HER2+","mut_load: 12","total RNA","For RNA-Seq, sequencing libraries were prepared using TruSeq RNA Sample Preparation kit v2 (RS-122-2001 and RS-122-2002, Illumina). Sequencing of the RNA libraries was performed on an Illumina HiSeq2500 in 100-bp paired-end mode of the TruSeq Rapid PE Cluster kit and the TruSeq Rapid SBS kit.","9606","RNA-Seq data was analyzed using the RSEM42 pipeline with hg19 as the genome reference","Genome_build: hg19","Supplementary_files_format_and_content: expression matrix with gene expression by samples in TPM units","GPL16791","Zhengyan,,Kan","Computational Biology, Oncology Research & Development","Pfizer","10770 Science Center Drive","San Diego","CA","92121","USA","0","Illumina HiSeq 2500","cDNA","transcriptomic","RNA-Seq","BioSample: https://www.ncbi.nlm.nih.gov/biosample/SAMN10593244","NONE","39.78611111","No","0","999","999","Invasive ductal carcinoma","16.1985618","0.006089723","0.013452458","0.517155804","0.079910305","27.74486259","0","999","0","999","Female","3","999","1","999","999","40-50%","2","999","999","0","999","Premenopausal","0","12","TCHP","999","0","0","999","0","999","26.94396052","0","HER2+","HER2+","HER2+","Her2","1","2","2365","147.372225476389","T1","16047800","cT3N2M0","77","2.399458232","0.295575432","0.295575432","0.6","0"
"GSM3514062","OB_16_0095_1","GSM3514062","Public on Oct 12 2020","Dec 14 2018","Oct 12 2020","SRA","1","Primary Tumor","Homo sapiens","gender: Female","age: 34.46388889","menopausal_status: Premenopausal","bc_family_history: No","brca1_status: Detected","brca2_status: Equivocal","cell_type_diagnosis: Invasive ductal carcinoma","er_status_diagnosis: 0","er_score_diagnosis: 0","pr_status_diagnosis: 0","pr_score_diagnosis: 0","her2_status_diagnosis: 0","her2_score_diagnosis: 0","ki67_status_diagnosis: 3","ki67_diagnosis: 60-70%","tnm_stage_clinical: cT1N0-1M0","nac_drug: AC+T","er_status_surgery: Negative","er_score_surgery: 0","pr_status_surgery: Negative","pr_score_surgery: 0","her2_status_surgery: Negative","her2_score_surgery: 0","ki67_status_surgery: 2","ki67_surgery: 20-30%","histological_grade: 3","nuclear_grade: 3","lymphovascular_invasion: 0","bilaterality: 0","multiplicity: 0","surgery_type: 1","surgical_site: 1","tumor_size: 1.8","regional_lymph_nodes: 0","tnm_stage_pathologic: 2","pcr_status: 1","proliferative_index: 20.9887202","cyt_score: 16.76343938","subtype_pam50: Normal","subtype_nmc: ER+","subtype_ihc: TN","tumor_purity_pathology: 0.6","cin_score: 10.83244999","tumor_purity_facets: 0.227365795","tumor_purity_consensus: 0.227365795","tumor_ploidy: 2.69410452","cnv_burden_del: 0.002364169","cnv_burden_hemizygote: 0.130246105","loh_burden_burden: 0.277152348","cnv_burden_gain: 0.332390989","cnv_burden_amp: 0.066796316","til_count: 17252","tissue_area: 111891000","til_density: 154.18577007981","time: T1","subtype_consensus: TN","mut_load: 49","total RNA","For RNA-Seq, sequencing libraries were prepared using TruSeq RNA Sample Preparation kit v2 (RS-122-2001 and RS-122-2002, Illumina). Sequencing of the RNA libraries was performed on an Illumina HiSeq2500 in 100-bp paired-end mode of the TruSeq Rapid PE Cluster kit and the TruSeq Rapid SBS kit.","9606","RNA-Seq data was analyzed using the RSEM42 pipeline with hg19 as the genome reference","Genome_build: hg19","Supplementary_files_format_and_content: expression matrix with gene expression by samples in TPM units","GPL16791","Zhengyan,,Kan","Computational Biology, Oncology Research & Development","Pfizer","10770 Science Center Drive","San Diego","CA","92121","USA","0","Illumina HiSeq 2500","cDNA","transcriptomic","RNA-Seq","BioSample: https://www.ncbi.nlm.nih.gov/biosample/SAMN10593243","NONE","34.46388889","No","0","Detected","Equivocal","Invasive ductal carcinoma","10.83244999","0.066796316","0.002364169","0.332390989","0.130246105","16.76343938","0","0","0","Negative","Female","0","0","0","Negative","3","60-70%","3","2","20-30%","0.277152348","0","Premenopausal","0","49","AC+T","3","1","0","0","0","Negative","20.9887202","0","TN","TN","ER+","Normal","1","1","17252","154.18577007981","T1","111891000","cT1N0-1M0","2","2.69410452","0.227365795","0.227365795","0.6","1.8"
"GSM3514063","OB_16_0095_2","GSM3514063","Public on Oct 12 2020","Dec 14 2018","Oct 12 2020","SRA","1","Primary Tumor","Homo sapiens","gender: Female","age: 34.46388889","menopausal_status: Premenopausal","bc_family_history: No","brca1_status: Detected","brca2_status: Equivocal","cell_type_diagnosis: Invasive ductal carcinoma","er_status_diagnosis: 0","er_score_diagnosis: 0","pr_status_diagnosis: 0","pr_score_diagnosis: 0","her2_status_diagnosis: 0","her2_score_diagnosis: 0","ki67_status_diagnosis: 3","ki67_diagnosis: 60-70%","tnm_stage_clinical: cT1N0-1M0","nac_drug: AC+T","er_status_surgery: Negative","er_score_surgery: 0","pr_status_surgery: Negative","pr_score_surgery: 0","her2_status_surgery: Negative","her2_score_surgery: 0","ki67_status_surgery: 2","ki67_surgery: 20-30%","histological_grade: 3","nuclear_grade: 3","lymphovascular_invasion: 0","bilaterality: 0","multiplicity: 0","surgery_type: 1","surgical_site: 1","tumor_size: 1.8","regional_lymph_nodes: 0","tnm_stage_pathologic: 2","pcr_status: 1","proliferative_index: 11.43280336","cyt_score: 72.78279261","subtype_pam50: LumB","subtype_nmc: ER+","subtype_ihc: TN","tumor_purity_pathology: 0.8","cin_score: 11.35549516","tumor_purity_facets: 0.268697497","tumor_purity_consensus: 0.268697497","tumor_ploidy: 3.042882493","cnv_burden_del: 0","cnv_burden_hemizygote: 0.01567607","loh_burden_burden: 0","cnv_burden_gain: 0.73983625","cnv_burden_amp: 0.030583619","til_count: 1936","tissue_area: 27156600","til_density: 71.2902204252373","time: T2","subtype_consensus: TN","mut_load: 5","total RNA","For RNA-Seq, sequencing libraries were prepared using TruSeq RNA Sample Preparation kit v2 (RS-122-2001 and RS-122-2002, Illumina). Sequencing of the RNA libraries was performed on an Illumina HiSeq2500 in 100-bp paired-end mode of the TruSeq Rapid PE Cluster kit and the TruSeq Rapid SBS kit.","9606","RNA-Seq data was analyzed using the RSEM42 pipeline with hg19 as the genome reference","Genome_build: hg19","Supplementary_files_format_and_content: expression matrix with gene expression by samples in TPM units","GPL16791","Zhengyan,,Kan","Computational Biology, Oncology Research & Development","Pfizer","10770 Science Center Drive","San Diego","CA","92121","USA","0","Illumina HiSeq 2500","cDNA","transcriptomic","RNA-Seq","BioSample: https://www.ncbi.nlm.nih.gov/biosample/SAMN10593242","NONE","34.46388889","No","0","Detected","Equivocal","Invasive ductal carcinoma","11.35549516","0.030583619","0","0.73983625","0.01567607","72.78279261","0","0","0","Negative","Female","0","0","0","Negative","3","60-70%","3","2","20-30%","0","0","Premenopausal","0","5","AC+T","3","1","0","0","0","Negative","11.43280336","0","TN","TN","ER+","LumB","1","1","1936","71.2902204252373","T2","27156600","cT1N0-1M0","2","3.042882493","0.268697497","0.268697497","0.8","1.8"
"GSM3514064","OB_16_0095_3","GSM3514064","Public on Oct 12 2020","Dec 14 2018","Oct 12 2020","SRA","1","Primary Tumor","Homo sapiens","gender: Female","age: 34.46388889","menopausal_status: Premenopausal","bc_family_history: No","brca1_status: Detected","brca2_status: Equivocal","cell_type_diagnosis: Invasive ductal carcinoma","er_status_diagnosis: 0","er_score_diagnosis: 0","pr_status_diagnosis: 0","pr_score_diagnosis: 0","her2_status_diagnosis: 0","her2_score_diagnosis: 0","ki67_status_diagnosis: 3","ki67_diagnosis: 60-70%","tnm_stage_clinical: cT1N0-1M0","nac_drug: AC+T","er_status_surgery: Negative","er_score_surgery: 0","pr_status_surgery: Negative","pr_score_surgery: 0","her2_status_surgery: Negative","her2_score_surgery: 0","ki67_status_surgery: 2","ki67_surgery: 20-30%","histological_grade: 3","nuclear_grade: 3","lymphovascular_invasion: 0","bilaterality: 0","multiplicity: 0","surgery_type: 1","surgical_site: 1","tumor_size: 1.8","regional_lymph_nodes: 0","tnm_stage_pathologic: 2","pcr_status: 1","proliferative_index: 33.2377569","cyt_score: 14.68958815","subtype_pam50: Basal","subtype_nmc: TN","subtype_ihc: TN","tumor_purity_pathology: 0.9","cin_score: 30.86908242","tumor_purity_facets: 0.733810095","tumor_purity_consensus: 0.733810095","tumor_ploidy: 3.021528453","cnv_burden_del: 0.005604177","cnv_burden_hemizygote: 0.092345504","loh_burden_burden: 0.303555232","cnv_burden_gain: 0.318915941","cnv_burden_amp: 0.066662365","til_count: 11415","tissue_area: 231205968","til_density: 49.3715629347422","time: T3","subtype_consensus: TN","mut_load: 68","total RNA","For RNA-Seq, sequencing libraries were prepared using TruSeq RNA Sample Preparation kit v2 (RS-122-2001 and RS-122-2002, Illumina). Sequencing of the RNA libraries was performed on an Illumina HiSeq2500 in 100-bp paired-end mode of the TruSeq Rapid PE Cluster kit and the TruSeq Rapid SBS kit.","9606","RNA-Seq data was analyzed using the RSEM42 pipeline with hg19 as the genome reference","Genome_build: hg19","Supplementary_files_format_and_content: expression matrix with gene expression by samples in TPM units","GPL16791","Zhengyan,,Kan","Computational Biology, Oncology Research & Development","Pfizer","10770 Science Center Drive","San Diego","CA","92121","USA","0","Illumina HiSeq 2500","cDNA","transcriptomic","RNA-Seq","BioSample: https://www.ncbi.nlm.nih.gov/biosample/SAMN10593241","NONE","34.46388889","No","0","Detected","Equivocal","Invasive ductal carcinoma","30.86908242","0.066662365","0.005604177","0.318915941","0.092345504","14.68958815","0","0","0","Negative","Female","0","0","0","Negative","3","60-70%","3","2","20-30%","0.303555232","0","Premenopausal","0","68","AC+T","3","1","0","0","0","Negative","33.2377569","0","TN","TN","TN","Basal","1","1","11415","49.3715629347422","T3","231205968","cT1N0-1M0","2","3.021528453","0.733810095","0.733810095","0.9","1.8"
"GSM3514065","OB_16_0096_1","GSM3514065","Public on Oct 12 2020","Dec 14 2018","Oct 12 2020","SRA","1","Primary Tumor","Homo sapiens","gender: Female","age: 33.98055556","menopausal_status: Premenopausal","bc_family_history: No","brca1_status: Detected","brca2_status: Not Detected","cell_type_diagnosis: Invasive ductal carcinoma","er_status_diagnosis: 0","er_score_diagnosis: 0","pr_status_diagnosis: 0","pr_score_diagnosis: 0","her2_status_diagnosis: 0","her2_score_diagnosis: 0","ki67_status_diagnosis: 4","ki67_diagnosis: 0.9","tnm_stage_clinical: cT3N3M0","nac_drug: AC+T","er_status_surgery: 999","er_score_surgery: 999","pr_status_surgery: 999","pr_score_surgery: 999","her2_status_surgery: 999","her2_score_surgery: 999","ki67_status_surgery: 999","ki67_surgery: 999","histological_grade: 999","nuclear_grade: 999","lymphovascular_invasion: 999","bilaterality: 1","multiplicity: 0","surgery_type: 0","surgical_site: 3","tumor_size: 0","regional_lymph_nodes: 0","tnm_stage_pathologic: 77","pcr_status: 0","proliferative_index: 37.05280407","cyt_score: 12.4351357","subtype_pam50: Basal","subtype_nmc: TN","subtype_ihc: TN","tumor_purity_pathology: 0.9","cin_score: 28.20994794","tumor_purity_facets: 0.416377387","tumor_purity_consensus: 0.416377387","tumor_ploidy: 3.074522178","cnv_burden_del: 0.007356909","cnv_burden_hemizygote: 0.041188865","loh_burden_burden: 0.019650061","cnv_burden_gain: 0.365352152","cnv_burden_amp: 0.172485929","til_count: 4707","tissue_area: 30608600","til_density: 153.780310108924","time: T1","subtype_consensus: TN","mut_load: 78","total RNA","For RNA-Seq, sequencing libraries were prepared using TruSeq RNA Sample Preparation kit v2 (RS-122-2001 and RS-122-2002, Illumina). Sequencing of the RNA libraries was performed on an Illumina HiSeq2500 in 100-bp paired-end mode of the TruSeq Rapid PE Cluster kit and the TruSeq Rapid SBS kit.","9606","RNA-Seq data was analyzed using the RSEM42 pipeline with hg19 as the genome reference","Genome_build: hg19","Supplementary_files_format_and_content: expression matrix with gene expression by samples in TPM units","GPL16791","Zhengyan,,Kan","Computational Biology, Oncology Research & Development","Pfizer","10770 Science Center Drive","San Diego","CA","92121","USA","0","Illumina HiSeq 2500","cDNA","transcriptomic","RNA-Seq","BioSample: https://www.ncbi.nlm.nih.gov/biosample/SAMN10593240","NONE","33.98055556","No","1","Detected","Not Detected","Invasive ductal carcinoma","28.20994794","0.172485929","0.007356909","0.365352152","0.041188865","12.4351357","0","999","0","999","Female","0","999","0","999","999","0.9","4","999","999","0.019650061","999","Premenopausal","0","78","AC+T","999","0","0","999","0","999","37.05280407","0","TN","TN","TN","Basal","0","3","4707","153.780310108924","T1","30608600","cT3N3M0","77","3.074522178","0.416377387","0.416377387","0.9","0"
"GSM3514066","OB_16_0096_2","GSM3514066","Public on Oct 12 2020","Dec 14 2018","Oct 12 2020","SRA","1","Primary Tumor","Homo sapiens","gender: Female","age: 33.98055556","menopausal_status: Premenopausal","bc_family_history: No","brca1_status: Detected","brca2_status: Not Detected","cell_type_diagnosis: Invasive ductal carcinoma","er_status_diagnosis: 0","er_score_diagnosis: 0","pr_status_diagnosis: 0","pr_score_diagnosis: 0","her2_status_diagnosis: 0","her2_score_diagnosis: 0","ki67_status_diagnosis: 4","ki67_diagnosis: 0.9","tnm_stage_clinical: cT3N3M0","nac_drug: AC+T","er_status_surgery: 999","er_score_surgery: 999","pr_status_surgery: 999","pr_score_surgery: 999","her2_status_surgery: 999","her2_score_surgery: 999","ki67_status_surgery: 999","ki67_surgery: 999","histological_grade: 999","nuclear_grade: 999","lymphovascular_invasion: 999","bilaterality: 1","multiplicity: 0","surgery_type: 0","surgical_site: 3","tumor_size: 0","regional_lymph_nodes: 0","tnm_stage_pathologic: 77","pcr_status: 0","proliferative_index: 6.602805045","cyt_score: 50.82851168","subtype_pam50: Normal","subtype_nmc: TN","subtype_ihc: TN","tumor_purity_pathology: 0.2","cin_score: 23.88361885","tumor_purity_facets: 0.305446916","tumor_purity_consensus: 0.305446916","tumor_ploidy: 1.238217519","cnv_burden_del: 0.138083343","cnv_burden_hemizygote: 0.212895491","loh_burden_burden: 0","cnv_burden_gain: 0.152848426","cnv_burden_amp: 0","til_count: 12989","tissue_area: 25456700","til_density: 510.238954774185","time: T2","subtype_consensus: TN","mut_load: 2","total RNA","For RNA-Seq, sequencing libraries were prepared using TruSeq RNA Sample Preparation kit v2 (RS-122-2001 and RS-122-2002, Illumina). Sequencing of the RNA libraries was performed on an Illumina HiSeq2500 in 100-bp paired-end mode of the TruSeq Rapid PE Cluster kit and the TruSeq Rapid SBS kit.","9606","RNA-Seq data was analyzed using the RSEM42 pipeline with hg19 as the genome reference","Genome_build: hg19","Supplementary_files_format_and_content: expression matrix with gene expression by samples in TPM units","GPL16791","Zhengyan,,Kan","Computational Biology, Oncology Research & Development","Pfizer","10770 Science Center Drive","San Diego","CA","92121","USA","0","Illumina HiSeq 2500","cDNA","transcriptomic","RNA-Seq","BioSample: https://www.ncbi.nlm.nih.gov/biosample/SAMN10593239","NONE","33.98055556","No","1","Detected","Not Detected","Invasive ductal carcinoma","23.88361885","0","0.138083343","0.152848426","0.212895491","50.82851168","0","999","0","999","Female","0","999","0","999","999","0.9","4","999","999","0","999","Premenopausal","0","2","AC+T","999","0","0","999","0","999","6.602805045","0","TN","TN","TN","Normal","0","3","12989","510.238954774185","T2","25456700","cT3N3M0","77","1.238217519","0.305446916","0.305446916","0.2","0"
"GSM3514067","OB_16_0100_1","GSM3514067","Public on Oct 12 2020","Dec 14 2018","Oct 12 2020","SRA","1","Primary Tumor","Homo sapiens","gender: Female","age: 42.13333333","menopausal_status: Premenopausal","bc_family_history: No","brca1_status: 999","brca2_status: 999","cell_type_diagnosis: Invasive ductal carcinoma","er_status_diagnosis: 1","er_score_diagnosis: 6","pr_status_diagnosis: 0","pr_score_diagnosis: 0","her2_status_diagnosis: 1","her2_score_diagnosis: 3","ki67_status_diagnosis: 2","ki67_diagnosis: 40-50%","tnm_stage_clinical: cT4N2M0","nac_drug: AC+T+Trastuzumab","er_status_surgery: Positive","er_score_surgery: 7","pr_status_surgery: Negative","pr_score_surgery: 0","her2_status_surgery: 2+","her2_score_surgery: 2","ki67_status_surgery: 2","ki67_surgery: 30-40%","histological_grade: 2","nuclear_grade: 2","lymphovascular_invasion: 0","bilaterality: 0","multiplicity: 0","surgery_type: 0","surgical_site: 2","tumor_size: 2","regional_lymph_nodes: 0","tnm_stage_pathologic: 2","pcr_status: 1","proliferative_index: 20.18486517","cyt_score: 10.9011559","subtype_pam50: LumB","subtype_nmc: ER+HER2+","subtype_ihc: ER+HER2+","tumor_purity_pathology: 0.3","cin_score: 12.61855871","tumor_purity_facets: 0.282653105","tumor_purity_consensus: 0.282653105","tumor_ploidy: 1.842342671","cnv_burden_del: 0.028073107","cnv_burden_hemizygote: 0.191043796","loh_burden_burden: 0","cnv_burden_gain: 0.15485329","cnv_burden_amp: 0.00183192","til_count: 1863","tissue_area: 37789900","til_density: 49.2988867395786","time: T1","subtype_consensus: ER+HER2+","mut_load: 15","total RNA","For RNA-Seq, sequencing libraries were prepared using TruSeq RNA Sample Preparation kit v2 (RS-122-2001 and RS-122-2002, Illumina). Sequencing of the RNA libraries was performed on an Illumina HiSeq2500 in 100-bp paired-end mode of the TruSeq Rapid PE Cluster kit and the TruSeq Rapid SBS kit.","9606","RNA-Seq data was analyzed using the RSEM42 pipeline with hg19 as the genome reference","Genome_build: hg19","Supplementary_files_format_and_content: expression matrix with gene expression by samples in TPM units","GPL16791","Zhengyan,,Kan","Computational Biology, Oncology Research & Development","Pfizer","10770 Science Center Drive","San Diego","CA","92121","USA","0","Illumina HiSeq 2500","cDNA","transcriptomic","RNA-Seq","BioSample: https://www.ncbi.nlm.nih.gov/biosample/SAMN10593238","NONE","42.13333333","No","0","999","999","Invasive ductal carcinoma","12.61855871","0.00183192","0.028073107","0.15485329","0.191043796","10.9011559","6","7","1","Positive","Female","3","2","1","2+","2","40-50%","2","2","30-40%","0","0","Premenopausal","0","15","AC+T+Trastuzumab","2","1","0","0","0","Negative","20.18486517","0","ER+HER2+","ER+HER2+","ER+HER2+","LumB","0","2","1863","49.2988867395786","T1","37789900","cT4N2M0","2","1.842342671","0.282653105","0.282653105","0.3","2"
"GSM3514068","OB_16_0100_2","GSM3514068","Public on Oct 12 2020","Dec 14 2018","Oct 12 2020","SRA","1","Primary Tumor","Homo sapiens","gender: Female","age: 42.13333333","menopausal_status: Premenopausal","bc_family_history: No","brca1_status: 999","brca2_status: 999","cell_type_diagnosis: Invasive ductal carcinoma","er_status_diagnosis: 1","er_score_diagnosis: 6","pr_status_diagnosis: 0","pr_score_diagnosis: 0","her2_status_diagnosis: 1","her2_score_diagnosis: 3","ki67_status_diagnosis: 2","ki67_diagnosis: 40-50%","tnm_stage_clinical: cT4N2M0","nac_drug: AC+T+Trastuzumab","er_status_surgery: Positive","er_score_surgery: 7","pr_status_surgery: Negative","pr_score_surgery: 0","her2_status_surgery: 2+","her2_score_surgery: 2","ki67_status_surgery: 2","ki67_surgery: 30-40%","histological_grade: 2","nuclear_grade: 2","lymphovascular_invasion: 0","bilaterality: 0","multiplicity: 0","surgery_type: 0","surgical_site: 2","tumor_size: 2","regional_lymph_nodes: 0","tnm_stage_pathologic: 2","pcr_status: 1","proliferative_index: 14.60447656","cyt_score: 13.81489052","subtype_pam50: LumA","subtype_nmc: ER+HER2+","subtype_ihc: ER+HER2+","tumor_purity_pathology: 0.2","cin_score: 17.18536483","tumor_purity_facets: 0.252467698","tumor_purity_consensus: 0.252467698","tumor_ploidy: 2.962832243","cnv_burden_del: 0.015180978","cnv_burden_hemizygote: 0.048700384","loh_burden_burden: 0","cnv_burden_gain: 0.712688407","cnv_burden_amp: 0.057913342","til_count: 273","tissue_area: 21005800","til_density: 12.996410515191","time: T2","subtype_consensus: ER+HER2+","mut_load: 7","total RNA","For RNA-Seq, sequencing libraries were prepared using TruSeq RNA Sample Preparation kit v2 (RS-122-2001 and RS-122-2002, Illumina). Sequencing of the RNA libraries was performed on an Illumina HiSeq2500 in 100-bp paired-end mode of the TruSeq Rapid PE Cluster kit and the TruSeq Rapid SBS kit.","9606","RNA-Seq data was analyzed using the RSEM42 pipeline with hg19 as the genome reference","Genome_build: hg19","Supplementary_files_format_and_content: expression matrix with gene expression by samples in TPM units","GPL16791","Zhengyan,,Kan","Computational Biology, Oncology Research & Development","Pfizer","10770 Science Center Drive","San Diego","CA","92121","USA","0","Illumina HiSeq 2500","cDNA","transcriptomic","RNA-Seq","BioSample: https://www.ncbi.nlm.nih.gov/biosample/SAMN10593237","NONE","42.13333333","No","0","999","999","Invasive ductal carcinoma","17.18536483","0.057913342","0.015180978","0.712688407","0.048700384","13.81489052","6","7","1","Positive","Female","3","2","1","2+","2","40-50%","2","2","30-40%","0","0","Premenopausal","0","7","AC+T+Trastuzumab","2","1","0","0","0","Negative","14.60447656","0","ER+HER2+","ER+HER2+","ER+HER2+","LumA","0","2","273","12.996410515191","T2","21005800","cT4N2M0","2","2.962832243","0.252467698","0.252467698","0.2","2"
"GSM3514069","OB_16_0101_2","GSM3514069","Public on Oct 12 2020","Dec 14 2018","Oct 12 2020","SRA","1","Primary Tumor","Homo sapiens","gender: Female","age: 39.91944444","menopausal_status: Premenopausal","bc_family_history: No","brca1_status: Not Detected","brca2_status: Not Detected","cell_type_diagnosis: Invasive ductal carcinoma","er_status_diagnosis: 0","er_score_diagnosis: 0","pr_status_diagnosis: 0","pr_score_diagnosis: 0","her2_status_diagnosis: 1","her2_score_diagnosis: 3","ki67_status_diagnosis: 3","ki67_diagnosis: 50-60%","tnm_stage_clinical: cT4N3M0","nac_drug: AC+T+Trastuzumab","er_status_surgery: Negative","er_score_surgery: 0","pr_status_surgery: Negative","pr_score_surgery: 0","her2_status_surgery: Positive","her2_score_surgery: 3","ki67_status_surgery: 4","ki67_surgery: 70-80%","histological_grade: 3","nuclear_grade: 3","lymphovascular_invasion: 1","bilaterality: 0","multiplicity: 0","surgery_type: 0","surgical_site: 2","tumor_size: 13","regional_lymph_nodes: 13","tnm_stage_pathologic: 18","pcr_status: 1","proliferative_index: 15.25174969","cyt_score: 2.825048672","subtype_pam50: Her2","subtype_nmc: HER2+","subtype_ihc: HER2+","tumor_purity_pathology: 0.3","cin_score: 29.98403836","tumor_purity_facets: 0.539512842","tumor_purity_consensus: 0.539512842","tumor_ploidy: 2.5783938","cnv_burden_del: 0.003344598","cnv_burden_hemizygote: 0.105959489","loh_burden_burden: 0.149284862","cnv_burden_gain: 0.344011376","cnv_burden_amp: 0.086845844","til_count: 386","tissue_area: 14533500","til_density: 26.5593284480683","time: T2","subtype_consensus: HER2+","mut_load: 29","total RNA","For RNA-Seq, sequencing libraries were prepared using TruSeq RNA Sample Preparation kit v2 (RS-122-2001 and RS-122-2002, Illumina). Sequencing of the RNA libraries was performed on an Illumina HiSeq2500 in 100-bp paired-end mode of the TruSeq Rapid PE Cluster kit and the TruSeq Rapid SBS kit.","9606","RNA-Seq data was analyzed using the RSEM42 pipeline with hg19 as the genome reference","Genome_build: hg19","Supplementary_files_format_and_content: expression matrix with gene expression by samples in TPM units","GPL16791","Zhengyan,,Kan","Computational Biology, Oncology Research & Development","Pfizer","10770 Science Center Drive","San Diego","CA","92121","USA","0","Illumina HiSeq 2500","cDNA","transcriptomic","RNA-Seq","BioSample: https://www.ncbi.nlm.nih.gov/biosample/SAMN10593236","NONE","39.91944444","No","0","Not Detected","Not Detected","Invasive ductal carcinoma","29.98403836","0.086845844","0.003344598","0.344011376","0.105959489","2.825048672","0","0","0","Negative","Female","3","3","1","Positive","3","50-60%","3","4","70-80%","0.149284862","1","Premenopausal","0","29","AC+T+Trastuzumab","3","1","0","0","0","Negative","15.25174969","13","HER2+","HER2+","HER2+","Her2","0","2","386","26.5593284480683","T2","14533500","cT4N3M0","18","2.5783938","0.539512842","0.539512842","0.3","13"
"GSM3514070","OB_16_0101_3","GSM3514070","Public on Oct 12 2020","Dec 14 2018","Oct 12 2020","SRA","1","Primary Tumor","Homo sapiens","gender: Female","age: 39.91944444","menopausal_status: Premenopausal","bc_family_history: No","brca1_status: Not Detected","brca2_status: Not Detected","cell_type_diagnosis: Invasive ductal carcinoma","er_status_diagnosis: 0","er_score_diagnosis: 0","pr_status_diagnosis: 0","pr_score_diagnosis: 0","her2_status_diagnosis: 1","her2_score_diagnosis: 3","ki67_status_diagnosis: 3","ki67_diagnosis: 50-60%","tnm_stage_clinical: cT4N3M0","nac_drug: AC+T+Trastuzumab","er_status_surgery: Negative","er_score_surgery: 0","pr_status_surgery: Negative","pr_score_surgery: 0","her2_status_surgery: Positive","her2_score_surgery: 3","ki67_status_surgery: 4","ki67_surgery: 70-80%","histological_grade: 3","nuclear_grade: 3","lymphovascular_invasion: 1","bilaterality: 0","multiplicity: 0","surgery_type: 0","surgical_site: 2","tumor_size: 13","regional_lymph_nodes: 13","tnm_stage_pathologic: 18","pcr_status: 1","proliferative_index: 26.0509876","cyt_score: 5.517390688","subtype_pam50: Her2","subtype_nmc: HER2+","subtype_ihc: HER2+","tumor_purity_pathology: 0.9","cin_score: 9.033521636","tumor_purity_facets: 0.242042802","tumor_purity_consensus: 0.242042802","tumor_ploidy: 3.01697388","cnv_burden_del: 0","cnv_burden_hemizygote: 0.022372674","loh_burden_burden: 0.205805801","cnv_burden_gain: 0.550767143","cnv_burden_amp: 0.048608722","til_count: 39476","tissue_area: 291561984","til_density: 135.394880561658","time: T3","subtype_consensus: HER2+","mut_load: 19","total RNA","For RNA-Seq, sequencing libraries were prepared using TruSeq RNA Sample Preparation kit v2 (RS-122-2001 and RS-122-2002, Illumina). Sequencing of the RNA libraries was performed on an Illumina HiSeq2500 in 100-bp paired-end mode of the TruSeq Rapid PE Cluster kit and the TruSeq Rapid SBS kit.","9606","RNA-Seq data was analyzed using the RSEM42 pipeline with hg19 as the genome reference","Genome_build: hg19","Supplementary_files_format_and_content: expression matrix with gene expression by samples in TPM units","GPL16791","Zhengyan,,Kan","Computational Biology, Oncology Research & Development","Pfizer","10770 Science Center Drive","San Diego","CA","92121","USA","0","Illumina HiSeq 2500","cDNA","transcriptomic","RNA-Seq","BioSample: https://www.ncbi.nlm.nih.gov/biosample/SAMN10593235","NONE","39.91944444","No","0","Not Detected","Not Detected","Invasive ductal carcinoma","9.033521636","0.048608722","0","0.550767143","0.022372674","5.517390688","0","0","0","Negative","Female","3","3","1","Positive","3","50-60%","3","4","70-80%","0.205805801","1","Premenopausal","0","19","AC+T+Trastuzumab","3","1","0","0","0","Negative","26.0509876","13","HER2+","HER2+","HER2+","Her2","0","2","39476","135.394880561658","T3","291561984","cT4N3M0","18","3.01697388","0.242042802","0.242042802","0.9","13"
"GSM3514071","OB_16_0118_2","GSM3514071","Public on Oct 12 2020","Dec 14 2018","Oct 12 2020","SRA","1","Primary Tumor","Homo sapiens","gender: Female","age: 55.48611111","menopausal_status: Postmenopausal","bc_family_history: No","brca1_status: 999","brca2_status: 999","cell_type_diagnosis: Invasive ductal carcinoma","er_status_diagnosis: 0","er_score_diagnosis: 0","pr_status_diagnosis: 0","pr_score_diagnosis: 0","her2_status_diagnosis: 1","her2_score_diagnosis: 3","ki67_status_diagnosis: 1","ki67_diagnosis: 10-20%","tnm_stage_clinical: cT2N1M0","nac_drug: AC+T+Trastuzumab","er_status_surgery: Negative","er_score_surgery: 0","pr_status_surgery: Negative","pr_score_surgery: 0","her2_status_surgery: 2+","her2_score_surgery: 2","ki67_status_surgery: 1","ki67_surgery: <5%","histological_grade: 2","nuclear_grade: 2","lymphovascular_invasion: 0","bilaterality: 0","multiplicity: 0","surgery_type: 1","surgical_site: 2","tumor_size: 2.2","regional_lymph_nodes: 1","tnm_stage_pathologic: 8","pcr_status: 1","proliferative_index: 9.603585576","cyt_score: 16.3001227","subtype_pam50: LumA","subtype_nmc: HER2+","subtype_ihc: HER2+","tumor_purity_pathology: 0.3","cin_score: 15.19705851","tumor_purity_facets: 0.259184111","tumor_purity_consensus: 0.259184111","tumor_ploidy: 2.748897902","cnv_burden_del: 0.000454524","cnv_burden_hemizygote: 0.060763993","loh_burden_burden: 0","cnv_burden_gain: 0.725971273","cnv_burden_amp: 0.014863717","til_count: 1098","tissue_area: 24167500","til_density: 45.4329161063412","time: T2","subtype_consensus: HER2+","mut_load: 9","total RNA","For RNA-Seq, sequencing libraries were prepared using TruSeq RNA Sample Preparation kit v2 (RS-122-2001 and RS-122-2002, Illumina). Sequencing of the RNA libraries was performed on an Illumina HiSeq2500 in 100-bp paired-end mode of the TruSeq Rapid PE Cluster kit and the TruSeq Rapid SBS kit.","9606","RNA-Seq data was analyzed using the RSEM42 pipeline with hg19 as the genome reference","Genome_build: hg19","Supplementary_files_format_and_content: expression matrix with gene expression by samples in TPM units","GPL16791","Zhengyan,,Kan","Computational Biology, Oncology Research & Development","Pfizer","10770 Science Center Drive","San Diego","CA","92121","USA","0","Illumina HiSeq 2500","cDNA","transcriptomic","RNA-Seq","BioSample: https://www.ncbi.nlm.nih.gov/biosample/SAMN10593234","NONE","55.48611111","No","0","999","999","Invasive ductal carcinoma","15.19705851","0.014863717","0.000454524","0.725971273","0.060763993","16.3001227","0","0","0","Negative","Female","3","2","1","2+","2","10-20%","1","1","<5%","0","0","Postmenopausal","0","9","AC+T+Trastuzumab","2","1","0","0","0","Negative","9.603585576","1","HER2+","HER2+","HER2+","LumA","1","2","1098","45.4329161063412","T2","24167500","cT2N1M0","8","2.748897902","0.259184111","0.259184111","0.3","2.2"
"GSM3514072","OB_16_0123_1","GSM3514072","Public on Oct 12 2020","Dec 14 2018","Oct 12 2020","SRA","1","Primary Tumor","Homo sapiens","gender: Female","age: 46.73611111","menopausal_status: Premenopausal","bc_family_history: No","brca1_status: 999","brca2_status: 999","cell_type_diagnosis: Invasive ductal carcinoma","er_status_diagnosis: 1","er_score_diagnosis: 8","pr_status_diagnosis: 1","pr_score_diagnosis: 8","her2_status_diagnosis: 1","her2_score_diagnosis: 3","ki67_status_diagnosis: 2","ki67_diagnosis: 40-50%","tnm_stage_clinical: cT2N1M0","nac_drug: TCHP","er_status_surgery: Positive","er_score_surgery: 8","pr_status_surgery: Positive","pr_score_surgery: 4","her2_status_surgery: 2+","her2_score_surgery: 2","ki67_status_surgery: 1","ki67_surgery: <5%","histological_grade: 1","nuclear_grade: 2","lymphovascular_invasion: 0","bilaterality: 0","multiplicity: 0","surgery_type: 1","surgical_site: 2","tumor_size: 0.6(Tis)","regional_lymph_nodes: 0","tnm_stage_pathologic: 1","pcr_status: 0","proliferative_index: 39.15545604","cyt_score: 14.90264406","subtype_pam50: LumB","subtype_nmc: ER+HER2+","subtype_ihc: ER+HER2+","tumor_purity_pathology: 0.3","cin_score: 13.0082567","tumor_purity_facets: 0.302343058","tumor_purity_consensus: 0.302343058","tumor_ploidy: 3.030046983","cnv_burden_del: 0","cnv_burden_hemizygote: 0.054255309","loh_burden_burden: 0.145887434","cnv_burden_gain: 0.55878878","cnv_burden_amp: 0.052829937","til_count: 1835","tissue_area: 20629500","til_density: 88.9502896337769","time: T1","subtype_consensus: ER+HER2+","mut_load: 338","total RNA","For RNA-Seq, sequencing libraries were prepared using TruSeq RNA Sample Preparation kit v2 (RS-122-2001 and RS-122-2002, Illumina). Sequencing of the RNA libraries was performed on an Illumina HiSeq2500 in 100-bp paired-end mode of the TruSeq Rapid PE Cluster kit and the TruSeq Rapid SBS kit.","9606","RNA-Seq data was analyzed using the RSEM42 pipeline with hg19 as the genome reference","Genome_build: hg19","Supplementary_files_format_and_content: expression matrix with gene expression by samples in TPM units","GPL16791","Zhengyan,,Kan","Computational Biology, Oncology Research & Development","Pfizer","10770 Science Center Drive","San Diego","CA","92121","USA","0","Illumina HiSeq 2500","cDNA","transcriptomic","RNA-Seq","BioSample: https://www.ncbi.nlm.nih.gov/biosample/SAMN10593233","NONE","46.73611111","No","0","999","999","Invasive ductal carcinoma","13.0082567","0.052829937","0","0.55878878","0.054255309","14.90264406","8","8","1","Positive","Female","3","2","1","2+","1","40-50%","2","1","<5%","0.145887434","0","Premenopausal","0","338","TCHP","2","0","8","4","1","Positive","39.15545604","0","ER+HER2+","ER+HER2+","ER+HER2+","LumB","1","2","1835","88.9502896337769","T1","20629500","cT2N1M0","1","3.030046983","0.302343058","0.302343058","0.3","0.6(Tis)"
"GSM3514073","OB_16_0123_2","GSM3514073","Public on Oct 12 2020","Dec 14 2018","Oct 12 2020","SRA","1","Primary Tumor","Homo sapiens","gender: Female","age: 46.73611111","menopausal_status: Premenopausal","bc_family_history: No","brca1_status: 999","brca2_status: 999","cell_type_diagnosis: Invasive ductal carcinoma","er_status_diagnosis: 1","er_score_diagnosis: 8","pr_status_diagnosis: 1","pr_score_diagnosis: 8","her2_status_diagnosis: 1","her2_score_diagnosis: 3","ki67_status_diagnosis: 2","ki67_diagnosis: 40-50%","tnm_stage_clinical: cT2N1M0","nac_drug: TCHP","er_status_surgery: Positive","er_score_surgery: 8","pr_status_surgery: Positive","pr_score_surgery: 4","her2_status_surgery: 2+","her2_score_surgery: 2","ki67_status_surgery: 1","ki67_surgery: <5%","histological_grade: 1","nuclear_grade: 2","lymphovascular_invasion: 0","bilaterality: 0","multiplicity: 0","surgery_type: 1","surgical_site: 2","tumor_size: 0.6(Tis)","regional_lymph_nodes: 0","tnm_stage_pathologic: 1","pcr_status: 0","proliferative_index: 20.10204662","cyt_score: 90.99252881","subtype_pam50: LumB","subtype_nmc: ER+HER2+","subtype_ihc: ER+HER2+","tumor_purity_pathology: 0.5","cin_score: 25.48982668","tumor_purity_facets: 0.403333973","tumor_purity_consensus: 0.403333973","tumor_ploidy: 3.073433784","cnv_burden_del: 0.018865323","cnv_burden_hemizygote: 0.045733689","loh_burden_burden: 0","cnv_burden_gain: 0.429633512","cnv_burden_amp: 0.270915458","til_count: 4906","tissue_area: 19974600","til_density: 245.611927147477","time: T2","subtype_consensus: ER+HER2+","mut_load: 11","total RNA","For RNA-Seq, sequencing libraries were prepared using TruSeq RNA Sample Preparation kit v2 (RS-122-2001 and RS-122-2002, Illumina). Sequencing of the RNA libraries was performed on an Illumina HiSeq2500 in 100-bp paired-end mode of the TruSeq Rapid PE Cluster kit and the TruSeq Rapid SBS kit.","9606","RNA-Seq data was analyzed using the RSEM42 pipeline with hg19 as the genome reference","Genome_build: hg19","Supplementary_files_format_and_content: expression matrix with gene expression by samples in TPM units","GPL16791","Zhengyan,,Kan","Computational Biology, Oncology Research & Development","Pfizer","10770 Science Center Drive","San Diego","CA","92121","USA","0","Illumina HiSeq 2500","cDNA","transcriptomic","RNA-Seq","BioSample: https://www.ncbi.nlm.nih.gov/biosample/SAMN10593232","NONE","46.73611111","No","0","999","999","Invasive ductal carcinoma","25.48982668","0.270915458","0.018865323","0.429633512","0.045733689","90.99252881","8","8","1","Positive","Female","3","2","1","2+","1","40-50%","2","1","<5%","0","0","Premenopausal","0","11","TCHP","2","0","8","4","1","Positive","20.10204662","0","ER+HER2+","ER+HER2+","ER+HER2+","LumB","1","2","4906","245.611927147477","T2","19974600","cT2N1M0","1","3.073433784","0.403333973","0.403333973","0.5","0.6(Tis)"
"GSM3514074","OB_16_0081_1","GSM3514074","Public on Oct 12 2020","Dec 14 2018","Oct 12 2020","SRA","1","Primary Tumor","Homo sapiens","gender: Female","age: 32.87222222","menopausal_status: Premenopausal","bc_family_history: No","brca1_status: Not Detected","brca2_status: Not Detected","cell_type_diagnosis: Invasive ductal carcinoma","er_status_diagnosis: 0","er_score_diagnosis: NA","pr_status_diagnosis: 0","pr_score_diagnosis: 0","her2_status_diagnosis: 0","her2_score_diagnosis: 0","ki67_status_diagnosis: 1","ki67_diagnosis: 20-30%","tnm_stage_clinical: cT2N0-1M0","nac_drug: Others","er_status_surgery: 999","er_score_surgery: 999","pr_status_surgery: 999","pr_score_surgery: 999","her2_status_surgery: 999","her2_score_surgery: 999","ki67_status_surgery: 999","ki67_surgery: 999","histological_grade: 999","nuclear_grade: 999","lymphovascular_invasion: 999","bilaterality: 0","multiplicity: 0","surgery_type: 1","surgical_site: 1","tumor_size: 0","regional_lymph_nodes: 0","tnm_stage_pathologic: 77","pcr_status: 0","proliferative_index: 25.11228159","cyt_score: 39.08137664","subtype_pam50: Basal","subtype_nmc: TN","subtype_ihc: TN","tumor_purity_pathology: 0.2","cin_score: 19.76375966","tumor_purity_facets: 0.291988018","tumor_purity_consensus: 0.291988018","tumor_ploidy: 1.234738889","cnv_burden_del: 0.129272037","cnv_burden_hemizygote: 0.235297247","loh_burden_burden: 0","cnv_burden_gain: 0.120748921","cnv_burden_amp: 0","til_count: 2890","tissue_area: 19743800","til_density: 146.375064577234","time: T1","subtype_consensus: TN","mut_load: 5","total RNA","For RNA-Seq, sequencing libraries were prepared using TruSeq RNA Sample Preparation kit v2 (RS-122-2001 and RS-122-2002, Illumina). Sequencing of the RNA libraries was performed on an Illumina HiSeq2500 in 100-bp paired-end mode of the TruSeq Rapid PE Cluster kit and the TruSeq Rapid SBS kit.","9606","RNA-Seq data was analyzed using the RSEM42 pipeline with hg19 as the genome reference","Genome_build: hg19","Supplementary_files_format_and_content: expression matrix with gene expression by samples in TPM units","GPL16791","Zhengyan,,Kan","Computational Biology, Oncology Research & Development","Pfizer","10770 Science Center Drive","San Diego","CA","92121","USA","0","Illumina HiSeq 2500","cDNA","transcriptomic","RNA-Seq","BioSample: https://www.ncbi.nlm.nih.gov/biosample/SAMN10593231","NONE","32.87222222","No","0","Not Detected","Not Detected","Invasive ductal carcinoma","19.76375966","0","0.129272037","0.120748921","0.235297247","39.08137664","NA","999","0","999","Female","0","999","0","999","999","20-30%","1","999","999","0","999","Premenopausal","0","5","Others","999","0","0","999","0","999","25.11228159","0","TN","TN","TN","Basal","1","1","2890","146.375064577234","T1","19743800","cT2N0-1M0","77","1.234738889","0.291988018","0.291988018","0.2","0"
"GSM3514075","OB_16_0102_1","GSM3514075","Public on Oct 12 2020","Dec 14 2018","Oct 12 2020","SRA","1","Primary Tumor","Homo sapiens","gender: Female","age: 52.48055556","menopausal_status: Premenopausal","bc_family_history: No","brca1_status: 999","brca2_status: 999","cell_type_diagnosis: Invasive ductal carcinoma","er_status_diagnosis: 0","er_score_diagnosis: 0","pr_status_diagnosis: 0","pr_score_diagnosis: 0","her2_status_diagnosis: 0","her2_score_diagnosis: 0","ki67_status_diagnosis: 2","ki67_diagnosis: 40-50%","tnm_stage_clinical: cT2N2M0","nac_drug: Others","er_status_surgery: Negative","er_score_surgery: 0","pr_status_surgery: Negative","pr_score_surgery: 0","her2_status_surgery: Negative","her2_score_surgery: 0","ki67_status_surgery: 1","ki67_surgery: 10-20%","histological_grade: 1","nuclear_grade: 2","lymphovascular_invasion: 1","bilaterality: 0","multiplicity: 0","surgery_type: 1","surgical_site: 1","tumor_size: 790 <U+339B>(Tis)","regional_lymph_nodes: 0","tnm_stage_pathologic: 1","pcr_status: 0","proliferative_index: 35.00601355","cyt_score: 20.44239712","subtype_pam50: Basal","subtype_nmc: TN","subtype_ihc: TN","tumor_purity_pathology: 0.9","cin_score: 37.92283066","tumor_purity_facets: 0.517114141","tumor_purity_consensus: 0.517114141","tumor_ploidy: 2.626173829","cnv_burden_del: 0.034077465","cnv_burden_hemizygote: 0.096936196","loh_burden_burden: 0.054479605","cnv_burden_gain: 0.406016425","cnv_burden_amp: 0.155046474","til_count: 3926","tissue_area: 34159200","til_density: 114.932434014848","time: T1","subtype_consensus: TN","mut_load: 115","total RNA","For RNA-Seq, sequencing libraries were prepared using TruSeq RNA Sample Preparation kit v2 (RS-122-2001 and RS-122-2002, Illumina). Sequencing of the RNA libraries was performed on an Illumina HiSeq2500 in 100-bp paired-end mode of the TruSeq Rapid PE Cluster kit and the TruSeq Rapid SBS kit.","9606","RNA-Seq data was analyzed using the RSEM42 pipeline with hg19 as the genome reference","Genome_build: hg19","Supplementary_files_format_and_content: expression matrix with gene expression by samples in TPM units","GPL16791","Zhengyan,,Kan","Computational Biology, Oncology Research & Development","Pfizer","10770 Science Center Drive","San Diego","CA","92121","USA","0","Illumina HiSeq 2500","cDNA","transcriptomic","RNA-Seq","BioSample: https://www.ncbi.nlm.nih.gov/biosample/SAMN10593230","NONE","52.48055556","No","0","999","999","Invasive ductal carcinoma","37.92283066","0.155046474","0.034077465","0.406016425","0.096936196","20.44239712","0","0","0","Negative","Female","0","0","0","Negative","1","40-50%","2","1","10-20%","0.054479605","1","Premenopausal","0","115","Others","2","0","0","0","0","Negative","35.00601355","0","TN","TN","TN","Basal","1","1","3926","114.932434014848","T1","34159200","cT2N2M0","1","2.626173829","0.517114141","0.517114141","0.9","790 <U+339B>(Tis)"
"GSM3514076","OB_16_0102_2","GSM3514076","Public on Oct 12 2020","Dec 14 2018","Oct 12 2020","SRA","1","Primary Tumor","Homo sapiens","gender: Female","age: 52.48055556","menopausal_status: Premenopausal","bc_family_history: No","brca1_status: 999","brca2_status: 999","cell_type_diagnosis: Invasive ductal carcinoma","er_status_diagnosis: 0","er_score_diagnosis: 0","pr_status_diagnosis: 0","pr_score_diagnosis: 0","her2_status_diagnosis: 0","her2_score_diagnosis: 0","ki67_status_diagnosis: 2","ki67_diagnosis: 40-50%","tnm_stage_clinical: cT2N2M0","nac_drug: Others","er_status_surgery: Negative","er_score_surgery: 0","pr_status_surgery: Negative","pr_score_surgery: 0","her2_status_surgery: Negative","her2_score_surgery: 0","ki67_status_surgery: 1","ki67_surgery: 10-20%","histological_grade: 1","nuclear_grade: 2","lymphovascular_invasion: 1","bilaterality: 0","multiplicity: 0","surgery_type: 1","surgical_site: 1","tumor_size: 790 <U+339B>(Tis)","regional_lymph_nodes: 0","tnm_stage_pathologic: 1","pcr_status: 0","proliferative_index: 23.34880253","cyt_score: 63.79782755","subtype_pam50: Basal","subtype_nmc: TN","subtype_ihc: TN","tumor_purity_pathology: 0.7","cin_score: 11.05919449","tumor_purity_facets: 0.404665423","tumor_purity_consensus: 0.404665423","tumor_ploidy: 2.994978459","cnv_burden_del: 0","cnv_burden_hemizygote: 0.003579979","loh_burden_burden: 0.03052068","cnv_burden_gain: 0.579410159","cnv_burden_amp: 0.250605425","til_count: 11314","tissue_area: 30061700","til_density: 376.359287731565","time: T2","subtype_consensus: TN","mut_load: 75","total RNA","For RNA-Seq, sequencing libraries were prepared using TruSeq RNA Sample Preparation kit v2 (RS-122-2001 and RS-122-2002, Illumina). Sequencing of the RNA libraries was performed on an Illumina HiSeq2500 in 100-bp paired-end mode of the TruSeq Rapid PE Cluster kit and the TruSeq Rapid SBS kit.","9606","RNA-Seq data was analyzed using the RSEM42 pipeline with hg19 as the genome reference","Genome_build: hg19","Supplementary_files_format_and_content: expression matrix with gene expression by samples in TPM units","GPL16791","Zhengyan,,Kan","Computational Biology, Oncology Research & Development","Pfizer","10770 Science Center Drive","San Diego","CA","92121","USA","0","Illumina HiSeq 2500","cDNA","transcriptomic","RNA-Seq","BioSample: https://www.ncbi.nlm.nih.gov/biosample/SAMN10593229","NONE","52.48055556","No","0","999","999","Invasive ductal carcinoma","11.05919449","0.250605425","0","0.579410159","0.003579979","63.79782755","0","0","0","Negative","Female","0","0","0","Negative","1","40-50%","2","1","10-20%","0.03052068","1","Premenopausal","0","75","Others","2","0","0","0","0","Negative","23.34880253","0","TN","TN","TN","Basal","1","1","11314","376.359287731565","T2","30061700","cT2N2M0","1","2.994978459","0.404665423","0.404665423","0.7","790 <U+339B>(Tis)"
"GSM3514077","OB_16_0108_1","GSM3514077","Public on Oct 12 2020","Dec 14 2018","Oct 12 2020","SRA","1","Primary Tumor","Homo sapiens","gender: Female","age: 30.425","menopausal_status: Premenopausal","bc_family_history: Yes","brca1_status: Not Detected","brca2_status: Detected","cell_type_diagnosis: Invasive carcinoma with lobular feature","er_status_diagnosis: 1","er_score_diagnosis: 6","pr_status_diagnosis: 1","pr_score_diagnosis: 5","her2_status_diagnosis: 0","her2_score_diagnosis: 0","ki67_status_diagnosis: 1","ki67_diagnosis: 10-20%","tnm_stage_clinical: cT2N3M0","nac_drug: AC+T","er_status_surgery: Positive","er_score_surgery: 7","pr_status_surgery: Negative","pr_score_surgery: 2","her2_status_surgery: Negative","her2_score_surgery: 1","ki67_status_surgery: 1","ki67_surgery: <5%","histological_grade: 3","nuclear_grade: 3","lymphovascular_invasion: 1","bilaterality: 1","multiplicity: 0","surgery_type: 0","surgical_site: 4","tumor_size: 6","regional_lymph_nodes: 8","tnm_stage_pathologic: 14","pcr_status: 1","proliferative_index: 4.877912163","cyt_score: 24.21851771","subtype_pam50: LumA","subtype_nmc: ER+","subtype_ihc: ER+","tumor_purity_pathology: 0.2","cin_score: 25.1652404","tumor_purity_facets: 0.290731039","tumor_purity_consensus: 0.290731039","tumor_ploidy: 1.177508083","cnv_burden_del: 0.118219031","cnv_burden_hemizygote: 0.268499383","loh_burden_burden: 0","cnv_burden_gain: 0.162935005","cnv_burden_amp: 0","til_count: 29573","tissue_area: 95803696","til_density: 308.683289212558","time: T1","subtype_consensus: ER+","mut_load: 6","total RNA","For RNA-Seq, sequencing libraries were prepared using TruSeq RNA Sample Preparation kit v2 (RS-122-2001 and RS-122-2002, Illumina). Sequencing of the RNA libraries was performed on an Illumina HiSeq2500 in 100-bp paired-end mode of the TruSeq Rapid PE Cluster kit and the TruSeq Rapid SBS kit.","9606","RNA-Seq data was analyzed using the RSEM42 pipeline with hg19 as the genome reference","Genome_build: hg19","Supplementary_files_format_and_content: expression matrix with gene expression by samples in TPM units","GPL16791","Zhengyan,,Kan","Computational Biology, Oncology Research & Development","Pfizer","10770 Science Center Drive","San Diego","CA","92121","USA","0","Illumina HiSeq 2500","cDNA","transcriptomic","RNA-Seq","BioSample: https://www.ncbi.nlm.nih.gov/biosample/SAMN10593228","NONE","30.425","Yes","1","Not Detected","Detected","Invasive carcinoma with lobular feature","25.1652404","0","0.118219031","0.162935005","0.268499383","24.21851771","6","7","1","Positive","Female","0","1","0","Negative","3","10-20%","1","1","<5%","0","1","Premenopausal","0","6","AC+T","3","1","5","2","1","Negative","4.877912163","8","ER+","ER+","ER+","LumA","0","4","29573","308.683289212558","T1","95803696","cT2N3M0","14","1.177508083","0.290731039","0.290731039","0.2","6"
"GSM3514078","OB_16_0115_2","GSM3514078","Public on Oct 12 2020","Dec 14 2018","Oct 12 2020","SRA","1","Primary Tumor","Homo sapiens","gender: Female","age: 54.53611111","menopausal_status: Postmenopausal","bc_family_history: No","brca1_status: Not Detected","brca2_status: Not Detected","cell_type_diagnosis: Invasive ductal carcinoma","er_status_diagnosis: 0","er_score_diagnosis: 0","pr_status_diagnosis: 0","pr_score_diagnosis: 0","her2_status_diagnosis: 0","her2_score_diagnosis: 0","ki67_status_diagnosis: 4","ki67_diagnosis: 80-90%","tnm_stage_clinical: cT2N2M0","nac_drug: AC+T","er_status_surgery: Negative","er_score_surgery: 0","pr_status_surgery: Negative","pr_score_surgery: 0","her2_status_surgery: Negative","her2_score_surgery: 0","ki67_status_surgery: 4","ki67_surgery: >90%","histological_grade: 3","nuclear_grade: 3","lymphovascular_invasion: 0","bilaterality: 0","multiplicity: 1","surgery_type: 0","surgical_site: 2","tumor_size: 2.5","regional_lymph_nodes: 13","tnm_stage_pathologic: 18","pcr_status: 1","proliferative_index: 50.27810945","cyt_score: 4.512515928","subtype_pam50: Basal","subtype_nmc: TN","subtype_ihc: TN","tumor_purity_pathology: 0.8","cin_score: 41.70482565","tumor_purity_facets: 0.651973043","tumor_purity_consensus: 0.651973043","tumor_ploidy: 3.902178269","cnv_burden_del: 0.000707697","cnv_burden_hemizygote: 0.005772284","loh_burden_burden: 0","cnv_burden_gain: 0.341661979","cnv_burden_amp: 0.417678771","til_count: 911","tissue_area: 18165400","til_density: 50.1502857079943","time: T2","subtype_consensus: TN","mut_load: 87","total RNA","For RNA-Seq, sequencing libraries were prepared using TruSeq RNA Sample Preparation kit v2 (RS-122-2001 and RS-122-2002, Illumina). Sequencing of the RNA libraries was performed on an Illumina HiSeq2500 in 100-bp paired-end mode of the TruSeq Rapid PE Cluster kit and the TruSeq Rapid SBS kit.","9606","RNA-Seq data was analyzed using the RSEM42 pipeline with hg19 as the genome reference","Genome_build: hg19","Supplementary_files_format_and_content: expression matrix with gene expression by samples in TPM units","GPL16791","Zhengyan,,Kan","Computational Biology, Oncology Research & Development","Pfizer","10770 Science Center Drive","San Diego","CA","92121","USA","0","Illumina HiSeq 2500","cDNA","transcriptomic","RNA-Seq","BioSample: https://www.ncbi.nlm.nih.gov/biosample/SAMN10593227","NONE","54.53611111","No","0","Not Detected","Not Detected","Invasive ductal carcinoma","41.70482565","0.417678771","0.000707697","0.341661979","0.005772284","4.512515928","0","0","0","Negative","Female","0","0","0","Negative","3","80-90%","4","4",">90%","0","0","Postmenopausal","1","87","AC+T","3","1","0","0","0","Negative","50.27810945","13","TN","TN","TN","Basal","0","2","911","50.1502857079943","T2","18165400","cT2N2M0","18","3.902178269","0.651973043","0.651973043","0.8","2.5"
"GSM3514079","OB_16_0115_3","GSM3514079","Public on Oct 12 2020","Dec 14 2018","Oct 12 2020","SRA","1","Primary Tumor","Homo sapiens","gender: Female","age: 54.53611111","menopausal_status: Postmenopausal","bc_family_history: No","brca1_status: Not Detected","brca2_status: Not Detected","cell_type_diagnosis: Invasive ductal carcinoma","er_status_diagnosis: 0","er_score_diagnosis: 0","pr_status_diagnosis: 0","pr_score_diagnosis: 0","her2_status_diagnosis: 0","her2_score_diagnosis: 0","ki67_status_diagnosis: 4","ki67_diagnosis: 80-90%","tnm_stage_clinical: cT2N2M0","nac_drug: AC+T","er_status_surgery: Negative","er_score_surgery: 0","pr_status_surgery: Negative","pr_score_surgery: 0","her2_status_surgery: Negative","her2_score_surgery: 0","ki67_status_surgery: 4","ki67_surgery: >90%","histological_grade: 3","nuclear_grade: 3","lymphovascular_invasion: 0","bilaterality: 0","multiplicity: 1","surgery_type: 0","surgical_site: 2","tumor_size: 2.5","regional_lymph_nodes: 13","tnm_stage_pathologic: 18","pcr_status: 1","proliferative_index: 49.02732154","cyt_score: 1.538960688","subtype_pam50: Basal","subtype_nmc: TN","subtype_ihc: TN","tumor_purity_pathology: 0.9","cin_score: 42.89404382","tumor_purity_facets: 0.673720406","tumor_purity_consensus: 0.673720406","tumor_ploidy: 4.112785677","cnv_burden_del: 0.00354698","cnv_burden_hemizygote: 0.020660855","loh_burden_burden: 0.134996961","cnv_burden_gain: 0.146262117","cnv_burden_amp: 0.306647399","til_count: 18086","tissue_area: 208630304","til_density: 86.6892280423461","time: T3","subtype_consensus: TN","mut_load: 92","total RNA","For RNA-Seq, sequencing libraries were prepared using TruSeq RNA Sample Preparation kit v2 (RS-122-2001 and RS-122-2002, Illumina). Sequencing of the RNA libraries was performed on an Illumina HiSeq2500 in 100-bp paired-end mode of the TruSeq Rapid PE Cluster kit and the TruSeq Rapid SBS kit.","9606","RNA-Seq data was analyzed using the RSEM42 pipeline with hg19 as the genome reference","Genome_build: hg19","Supplementary_files_format_and_content: expression matrix with gene expression by samples in TPM units","GPL16791","Zhengyan,,Kan","Computational Biology, Oncology Research & Development","Pfizer","10770 Science Center Drive","San Diego","CA","92121","USA","0","Illumina HiSeq 2500","cDNA","transcriptomic","RNA-Seq","BioSample: https://www.ncbi.nlm.nih.gov/biosample/SAMN10593226","NONE","54.53611111","No","0","Not Detected","Not Detected","Invasive ductal carcinoma","42.89404382","0.306647399","0.00354698","0.146262117","0.020660855","1.538960688","0","0","0","Negative","Female","0","0","0","Negative","3","80-90%","4","4",">90%","0.134996961","0","Postmenopausal","1","92","AC+T","3","1","0","0","0","Negative","49.02732154","13","TN","TN","TN","Basal","0","2","18086","86.6892280423461","T3","208630304","cT2N2M0","18","4.112785677","0.673720406","0.673720406","0.9","2.5"
"GSM3514080","OB_16_0131_1","GSM3514080","Public on Oct 12 2020","Dec 14 2018","Oct 12 2020","SRA","1","Primary Tumor","Homo sapiens","gender: Female","age: 38.58611111","menopausal_status: Premenopausal","bc_family_history: No","brca1_status: Equivocal","brca2_status: Not Detected","cell_type_diagnosis: Invasive ductal carcinoma","er_status_diagnosis: 1","er_score_diagnosis: 8","pr_status_diagnosis: 1","pr_score_diagnosis: 8","her2_status_diagnosis: 0","her2_score_diagnosis: 2","ki67_status_diagnosis: 2","ki67_diagnosis: 30-40%","tnm_stage_clinical: cT2-3N0-1M0","nac_drug: AC+T","er_status_surgery: 999","er_score_surgery: 999","pr_status_surgery: 999","pr_score_surgery: 999","her2_status_surgery: 999","her2_score_surgery: 999","ki67_status_surgery: 999","ki67_surgery: 999","histological_grade: 999","nuclear_grade: 999","lymphovascular_invasion: 999","bilaterality: 0","multiplicity: 0","surgery_type: 1","surgical_site: 1","tumor_size: 0","regional_lymph_nodes: 0","tnm_stage_pathologic: 77","pcr_status: 0","proliferative_index: 32.57206797","cyt_score: 2.790698837","subtype_pam50: LumB","subtype_nmc: ER+","subtype_ihc: ER+","tumor_purity_pathology: 0.5","cin_score: 17.84589907","tumor_purity_facets: 0.256235699","tumor_purity_consensus: 0.256235699","tumor_ploidy: 2.908092333","cnv_burden_del: 0.001064693","cnv_burden_hemizygote: 0.052334561","loh_burden_burden: 0.004733838","cnv_burden_gain: 0.682134922","cnv_burden_amp: 0.085469866","til_count: 2369","tissue_area: 23175200","til_density: 102.22134005316","time: T1","subtype_consensus: ER+","mut_load: 24","total RNA","For RNA-Seq, sequencing libraries were prepared using TruSeq RNA Sample Preparation kit v2 (RS-122-2001 and RS-122-2002, Illumina). Sequencing of the RNA libraries was performed on an Illumina HiSeq2500 in 100-bp paired-end mode of the TruSeq Rapid PE Cluster kit and the TruSeq Rapid SBS kit.","9606","RNA-Seq data was analyzed using the RSEM42 pipeline with hg19 as the genome reference","Genome_build: hg19","Supplementary_files_format_and_content: expression matrix with gene expression by samples in TPM units","GPL16791","Zhengyan,,Kan","Computational Biology, Oncology Research & Development","Pfizer","10770 Science Center Drive","San Diego","CA","92121","USA","0","Illumina HiSeq 2500","cDNA","transcriptomic","RNA-Seq","BioSample: https://www.ncbi.nlm.nih.gov/biosample/SAMN10593225","NONE","38.58611111","No","0","Equivocal","Not Detected","Invasive ductal carcinoma","17.84589907","0.085469866","0.001064693","0.682134922","0.052334561","2.790698837","8","999","1","999","Female","2","999","0","999","999","30-40%","2","999","999","0.004733838","999","Premenopausal","0","24","AC+T","999","0","8","999","1","999","32.57206797","0","ER+","ER+","ER+","LumB","1","1","2369","102.22134005316","T1","23175200","cT2-3N0-1M0","77","2.908092333","0.256235699","0.256235699","0.5","0"
"GSM3514081","OB_16_0147_1","GSM3514081","Public on Oct 12 2020","Dec 14 2018","Oct 12 2020","SRA","1","Primary Tumor","Homo sapiens","gender: Female","age: 29.25","menopausal_status: Premenopausal","bc_family_history: No","brca1_status: Detected","brca2_status: Equivocal","cell_type_diagnosis: Invasive ductal carcinoma","er_status_diagnosis: 0","er_score_diagnosis: 0","pr_status_diagnosis: 0","pr_score_diagnosis: 0","her2_status_diagnosis: 0","her2_score_diagnosis: 0","ki67_status_diagnosis: 4","ki67_diagnosis: 90-100%","tnm_stage_clinical: cT2N0-1M0","nac_drug: AC+T","er_status_surgery: Negative","er_score_surgery: 0","pr_status_surgery: Negative","pr_score_surgery: 0","her2_status_surgery: Negative","her2_score_surgery: 0","ki67_status_surgery: 1","ki67_surgery: <5%","histological_grade: 1","nuclear_grade: 2","lymphovascular_invasion: 0","bilaterality: 0","multiplicity: 0","surgery_type: 1","surgical_site: 1","tumor_size: 0.3(Tis)","regional_lymph_nodes: 0","tnm_stage_pathologic: 1","pcr_status: 0","proliferative_index: 81.86172876","cyt_score: 3.58290385","subtype_pam50: LumB","subtype_nmc: TN","subtype_ihc: TN","tumor_purity_pathology: 0.5","cin_score: 32.03997929","tumor_purity_facets: 0.641222943","tumor_purity_consensus: 0.641222943","tumor_ploidy: 4.230192649","cnv_burden_del: 0.002169348","cnv_burden_hemizygote: 0.003098411","loh_burden_burden: 0.101690386","cnv_burden_gain: 0.186027087","cnv_burden_amp: 0.343143463","til_count: 2903","tissue_area: 25295200","til_density: 114.764856573579","time: T1","subtype_consensus: TN","mut_load: 83","total RNA","For RNA-Seq, sequencing libraries were prepared using TruSeq RNA Sample Preparation kit v2 (RS-122-2001 and RS-122-2002, Illumina). Sequencing of the RNA libraries was performed on an Illumina HiSeq2500 in 100-bp paired-end mode of the TruSeq Rapid PE Cluster kit and the TruSeq Rapid SBS kit.","9606","RNA-Seq data was analyzed using the RSEM42 pipeline with hg19 as the genome reference","Genome_build: hg19","Supplementary_files_format_and_content: expression matrix with gene expression by samples in TPM units","GPL16791","Zhengyan,,Kan","Computational Biology, Oncology Research & Development","Pfizer","10770 Science Center Drive","San Diego","CA","92121","USA","0","Illumina HiSeq 2500","cDNA","transcriptomic","RNA-Seq","BioSample: https://www.ncbi.nlm.nih.gov/biosample/SAMN10593224","NONE","29.25","No","0","Detected","Equivocal","Invasive ductal carcinoma","32.03997929","0.343143463","0.002169348","0.186027087","0.003098411","3.58290385","0","0","0","Negative","Female","0","0","0","Negative","1","90-100%","4","1","<5%","0.101690386","0","Premenopausal","0","83","AC+T","2","0","0","0","0","Negative","81.86172876","0","TN","TN","TN","LumB","1","1","2903","114.764856573579","T1","25295200","cT2N0-1M0","1","4.230192649","0.641222943","0.641222943","0.5","0.3(Tis)"
"GSM3514082","OB_16_0149_1","GSM3514082","Public on Oct 12 2020","Dec 14 2018","Oct 12 2020","SRA","1","Primary Tumor","Homo sapiens","gender: Female","age: 35.54166667","menopausal_status: Premenopausal","bc_family_history: No","brca1_status: Not Detected","brca2_status: Not Detected","cell_type_diagnosis: Mucinous carcinoma with signet ring cell differentiation","er_status_diagnosis: 0","er_score_diagnosis: 0","pr_status_diagnosis: 1","pr_score_diagnosis: 4","her2_status_diagnosis: 1","her2_score_diagnosis: 3","ki67_status_diagnosis: 2","ki67_diagnosis: 0.3","tnm_stage_clinical: cT3N2M0","nac_drug: TCHP","er_status_surgery: 999","er_score_surgery: 999","pr_status_surgery: 999","pr_score_surgery: 999","her2_status_surgery: 999","her2_score_surgery: 999","ki67_status_surgery: 999","ki67_surgery: 999","histological_grade: 999","nuclear_grade: 999","lymphovascular_invasion: 999","bilaterality: 0","multiplicity: 0","surgery_type: 1","surgical_site: 1","tumor_size: 0","regional_lymph_nodes: 0","tnm_stage_pathologic: 77","pcr_status: 0","proliferative_index: 22.85575414","cyt_score: 18.64802402","subtype_pam50: Her2","subtype_nmc: ER+HER2+","subtype_ihc: ER+HER2+","tumor_purity_pathology: 0.5","cin_score: 12.67115906","tumor_purity_facets: 0.548210322","tumor_purity_consensus: 0.548210322","tumor_ploidy: 3.310787586","cnv_burden_del: 0","cnv_burden_hemizygote: 0.00200824","loh_burden_burden: 0.036680425","cnv_burden_gain: 0.601095885","cnv_burden_amp: 0.199914886","til_count: 512","tissue_area: 8237830","til_density: 62.1522901055254","time: T1","subtype_consensus: ER+HER2+","mut_load: 80","total RNA","For RNA-Seq, sequencing libraries were prepared using TruSeq RNA Sample Preparation kit v2 (RS-122-2001 and RS-122-2002, Illumina). Sequencing of the RNA libraries was performed on an Illumina HiSeq2500 in 100-bp paired-end mode of the TruSeq Rapid PE Cluster kit and the TruSeq Rapid SBS kit.","9606","RNA-Seq data was analyzed using the RSEM42 pipeline with hg19 as the genome reference","Genome_build: hg19","Supplementary_files_format_and_content: expression matrix with gene expression by samples in TPM units","GPL16791","Zhengyan,,Kan","Computational Biology, Oncology Research & Development","Pfizer","10770 Science Center Drive","San Diego","CA","92121","USA","0","Illumina HiSeq 2500","cDNA","transcriptomic","RNA-Seq","BioSample: https://www.ncbi.nlm.nih.gov/biosample/SAMN10593223","NONE","35.54166667","No","0","Not Detected","Not Detected","Mucinous carcinoma with signet ring cell differentiation","12.67115906","0.199914886","0","0.601095885","0.00200824","18.64802402","0","999","0","999","Female","3","999","1","999","999","0.3","2","999","999","0.036680425","999","Premenopausal","0","80","TCHP","999","0","4","999","1","999","22.85575414","0","ER+HER2+","ER+HER2+","ER+HER2+","Her2","1","1","512","62.1522901055254","T1","8237830","cT3N2M0","77","3.310787586","0.548210322","0.548210322","0.5","0"
"GSM3514083","OB_16_0153_2","GSM3514083","Public on Oct 12 2020","Dec 14 2018","Oct 12 2020","SRA","1","Primary Tumor","Homo sapiens","gender: Female","age: 34.47777778","menopausal_status: Premenopausal","bc_family_history: No","brca1_status: Detected","brca2_status: Detected","cell_type_diagnosis: Invasive ductal carcinoma","er_status_diagnosis: 0","er_score_diagnosis: 0","pr_status_diagnosis: 0","pr_score_diagnosis: 0","her2_status_diagnosis: 0","her2_score_diagnosis: 0","ki67_status_diagnosis: 2","ki67_diagnosis: 40-50%","tnm_stage_clinical: cT2N0-1M0","nac_drug: AC+T","er_status_surgery: Negative","er_score_surgery: 0","pr_status_surgery: Negative","pr_score_surgery: 0","her2_status_surgery: Negative","her2_score_surgery: 1","ki67_status_surgery: 1","ki67_surgery: 10-20%","histological_grade: 2","nuclear_grade: 2","lymphovascular_invasion: 0","bilaterality: 0","multiplicity: 0","surgery_type: 0","surgical_site: 2","tumor_size: 0.8","regional_lymph_nodes: 0","tnm_stage_pathologic: 2","pcr_status: 1","proliferative_index: 44.54114895","cyt_score: 14.23441253","subtype_pam50: Basal","subtype_nmc: TN","subtype_ihc: TN","tumor_purity_pathology: 0.3","cin_score: 23.69679967","tumor_purity_facets: 0.325805134","tumor_purity_consensus: 0.325805134","tumor_ploidy: 2.971717245","cnv_burden_del: 0.00305572","cnv_burden_hemizygote: 0.094841807","loh_burden_burden: 0.003734053","cnv_burden_gain: 0.620682785","cnv_burden_amp: 0.097128719","til_count: 2055","tissue_area: 31680000","til_density: 64.8674242424242","time: T2","subtype_consensus: TN","mut_load: 62","total RNA","For RNA-Seq, sequencing libraries were prepared using TruSeq RNA Sample Preparation kit v2 (RS-122-2001 and RS-122-2002, Illumina). Sequencing of the RNA libraries was performed on an Illumina HiSeq2500 in 100-bp paired-end mode of the TruSeq Rapid PE Cluster kit and the TruSeq Rapid SBS kit.","9606","RNA-Seq data was analyzed using the RSEM42 pipeline with hg19 as the genome reference","Genome_build: hg19","Supplementary_files_format_and_content: expression matrix with gene expression by samples in TPM units","GPL16791","Zhengyan,,Kan","Computational Biology, Oncology Research & Development","Pfizer","10770 Science Center Drive","San Diego","CA","92121","USA","0","Illumina HiSeq 2500","cDNA","transcriptomic","RNA-Seq","BioSample: https://www.ncbi.nlm.nih.gov/biosample/SAMN10593222","NONE","34.47777778","No","0","Detected","Detected","Invasive ductal carcinoma","23.69679967","0.097128719","0.00305572","0.620682785","0.094841807","14.23441253","0","0","0","Negative","Female","0","1","0","Negative","2","40-50%","2","1","10-20%","0.003734053","0","Premenopausal","0","62","AC+T","2","1","0","0","0","Negative","44.54114895","0","TN","TN","TN","Basal","0","2","2055","64.8674242424242","T2","31680000","cT2N0-1M0","2","2.971717245","0.325805134","0.325805134","0.3","0.8"
"GSM3514084","OB_16_0156_1","GSM3514084","Public on Oct 12 2020","Dec 14 2018","Oct 12 2020","SRA","1","Primary Tumor","Homo sapiens","gender: Female","age: 35.02777778","menopausal_status: Premenopausal","bc_family_history: No","brca1_status: Not Detected","brca2_status: Not Detected","cell_type_diagnosis: Invasive ductal carcinoma","er_status_diagnosis: 1","er_score_diagnosis: 6","pr_status_diagnosis: 1","pr_score_diagnosis: 8","her2_status_diagnosis: 1","her2_score_diagnosis: 3","ki67_status_diagnosis: 1","ki67_diagnosis: 0.2","tnm_stage_clinical: cT4N2-3M0","nac_drug: AC+T+Trastuzumab","er_status_surgery: Positive","er_score_surgery: 7","pr_status_surgery: Positive","pr_score_surgery: 6","her2_status_surgery: Positive","her2_score_surgery: 3","ki67_status_surgery: 1","ki67_surgery: <5%","histological_grade: 2","nuclear_grade: 2","lymphovascular_invasion: 1","bilaterality: 0","multiplicity: 0","surgery_type: 0","surgical_site: 2","tumor_size: 5.5","regional_lymph_nodes: 2","tnm_stage_pathologic: 13","pcr_status: 1","proliferative_index: 11.85276105","cyt_score: 13.16515856","subtype_pam50: LumA","subtype_nmc: NA","subtype_ihc: ER+HER2+","tumor_purity_pathology: 0.6","cin_score: NA","tumor_purity_facets: NA","tumor_purity_consensus: 0.6","tumor_ploidy: NA","cnv_burden_del: NA","cnv_burden_hemizygote: NA","loh_burden_burden: NA","cnv_burden_gain: NA","cnv_burden_amp: NA","til_count: 904","tissue_area: 5029300","til_density: 179.746684429245","time: T1","subtype_consensus: ER+HER2+","mut_load: NA","total RNA","For RNA-Seq, sequencing libraries were prepared using TruSeq RNA Sample Preparation kit v2 (RS-122-2001 and RS-122-2002, Illumina). Sequencing of the RNA libraries was performed on an Illumina HiSeq2500 in 100-bp paired-end mode of the TruSeq Rapid PE Cluster kit and the TruSeq Rapid SBS kit.","9606","RNA-Seq data was analyzed using the RSEM42 pipeline with hg19 as the genome reference","Genome_build: hg19","Supplementary_files_format_and_content: expression matrix with gene expression by samples in TPM units","GPL16791","Zhengyan,,Kan","Computational Biology, Oncology Research & Development","Pfizer","10770 Science Center Drive","San Diego","CA","92121","USA","0","Illumina HiSeq 2500","cDNA","transcriptomic","RNA-Seq","BioSample: https://www.ncbi.nlm.nih.gov/biosample/SAMN10593221","NONE","35.02777778","No","0","Not Detected","Not Detected","Invasive ductal carcinoma","NA","NA","NA","NA","NA","13.16515856","6","7","1","Positive","Female","3","3","1","Positive","2","0.2","1","1","<5%","NA","1","Premenopausal","0","NA","AC+T+Trastuzumab","2","1","8","6","1","Positive","11.85276105","2","ER+HER2+","ER+HER2+","NA","LumA","0","2","904","179.746684429245","T1","5029300","cT4N2-3M0","13","NA","0.6","NA","0.6","5.5"
"GSM3514085","OB_16_0156_2","GSM3514085","Public on Oct 12 2020","Dec 14 2018","Oct 12 2020","SRA","1","Primary Tumor","Homo sapiens","gender: Female","age: 35.02777778","menopausal_status: Premenopausal","bc_family_history: No","brca1_status: Not Detected","brca2_status: Not Detected","cell_type_diagnosis: Invasive ductal carcinoma","er_status_diagnosis: 1","er_score_diagnosis: 6","pr_status_diagnosis: 1","pr_score_diagnosis: 8","her2_status_diagnosis: 1","her2_score_diagnosis: 3","ki67_status_diagnosis: 1","ki67_diagnosis: 0.2","tnm_stage_clinical: cT4N2-3M0","nac_drug: AC+T+Trastuzumab","er_status_surgery: Positive","er_score_surgery: 7","pr_status_surgery: Positive","pr_score_surgery: 6","her2_status_surgery: Positive","her2_score_surgery: 3","ki67_status_surgery: 1","ki67_surgery: <5%","histological_grade: 2","nuclear_grade: 2","lymphovascular_invasion: 1","bilaterality: 0","multiplicity: 0","surgery_type: 0","surgical_site: 2","tumor_size: 5.5","regional_lymph_nodes: 2","tnm_stage_pathologic: 13","pcr_status: 1","proliferative_index: 20.9270429","cyt_score: 6.197305866","subtype_pam50: LumA","subtype_nmc: ER+HER2+","subtype_ihc: ER+HER2+","tumor_purity_pathology: 0.6","cin_score: 14.64171578","tumor_purity_facets: 0.208064323","tumor_purity_consensus: 0.208064323","tumor_ploidy: 3.005337956","cnv_burden_del: 0.004418596","cnv_burden_hemizygote: 0.080591714","loh_burden_burden: 0","cnv_burden_gain: 0.533260263","cnv_burden_amp: 0.031187777","til_count: 84","tissue_area: 22149500","til_density: 3.7924106638976","time: T2","subtype_consensus: ER+HER2+","mut_load: 28","total RNA","For RNA-Seq, sequencing libraries were prepared using TruSeq RNA Sample Preparation kit v2 (RS-122-2001 and RS-122-2002, Illumina). Sequencing of the RNA libraries was performed on an Illumina HiSeq2500 in 100-bp paired-end mode of the TruSeq Rapid PE Cluster kit and the TruSeq Rapid SBS kit.","9606","RNA-Seq data was analyzed using the RSEM42 pipeline with hg19 as the genome reference","Genome_build: hg19","Supplementary_files_format_and_content: expression matrix with gene expression by samples in TPM units","GPL16791","Zhengyan,,Kan","Computational Biology, Oncology Research & Development","Pfizer","10770 Science Center Drive","San Diego","CA","92121","USA","0","Illumina HiSeq 2500","cDNA","transcriptomic","RNA-Seq","BioSample: https://www.ncbi.nlm.nih.gov/biosample/SAMN10593220","NONE","35.02777778","No","0","Not Detected","Not Detected","Invasive ductal carcinoma","14.64171578","0.031187777","0.004418596","0.533260263","0.080591714","6.197305866","6","7","1","Positive","Female","3","3","1","Positive","2","0.2","1","1","<5%","0","1","Premenopausal","0","28","AC+T+Trastuzumab","2","1","8","6","1","Positive","20.9270429","2","ER+HER2+","ER+HER2+","ER+HER2+","LumA","0","2","84","3.7924106638976","T2","22149500","cT4N2-3M0","13","3.005337956","0.208064323","0.208064323","0.6","5.5"
"GSM3514086","OB_16_0163_1","GSM3514086","Public on Oct 12 2020","Dec 14 2018","Oct 12 2020","SRA","1","Primary Tumor","Homo sapiens","gender: Female","age: 37.29444444","menopausal_status: Premenopausal","bc_family_history: Yes","brca1_status: Not Detected","brca2_status: Not Detected","cell_type_diagnosis: Invasive ductal carcinoma","er_status_diagnosis: 1","er_score_diagnosis: 8","pr_status_diagnosis: 1","pr_score_diagnosis: 6","her2_status_diagnosis: 0","her2_score_diagnosis: 0","ki67_status_diagnosis: 2","ki67_diagnosis: 20-30%","tnm_stage_clinical: cT3N1-2M0","nac_drug: AC+T","er_status_surgery: Positive","er_score_surgery: 8","pr_status_surgery: Positive","pr_score_surgery: 4","her2_status_surgery: Negative","her2_score_surgery: 0","ki67_status_surgery: 1","ki67_surgery: <5%","histological_grade: 2","nuclear_grade: 2","lymphovascular_invasion: 1","bilaterality: 0","multiplicity: 0","surgery_type: 1","surgical_site: 1","tumor_size: 3.4","regional_lymph_nodes: 1","tnm_stage_pathologic: 8","pcr_status: 1","proliferative_index: 38.83910563","cyt_score: 0.884985876","subtype_pam50: LumB","subtype_nmc: NA","subtype_ihc: ER+","tumor_purity_pathology: 0.6","cin_score: NA","tumor_purity_facets: NA","tumor_purity_consensus: 0.6","tumor_ploidy: NA","cnv_burden_del: NA","cnv_burden_hemizygote: NA","loh_burden_burden: NA","cnv_burden_gain: NA","cnv_burden_amp: NA","til_count: 617","tissue_area: 6935910","til_density: 88.9573249941248","time: T1","subtype_consensus: ER+","mut_load: NA","total RNA","For RNA-Seq, sequencing libraries were prepared using TruSeq RNA Sample Preparation kit v2 (RS-122-2001 and RS-122-2002, Illumina). Sequencing of the RNA libraries was performed on an Illumina HiSeq2500 in 100-bp paired-end mode of the TruSeq Rapid PE Cluster kit and the TruSeq Rapid SBS kit.","9606","RNA-Seq data was analyzed using the RSEM42 pipeline with hg19 as the genome reference","Genome_build: hg19","Supplementary_files_format_and_content: expression matrix with gene expression by samples in TPM units","GPL16791","Zhengyan,,Kan","Computational Biology, Oncology Research & Development","Pfizer","10770 Science Center Drive","San Diego","CA","92121","USA","0","Illumina HiSeq 2500","cDNA","transcriptomic","RNA-Seq","BioSample: https://www.ncbi.nlm.nih.gov/biosample/SAMN10593219","NONE","37.29444444","Yes","0","Not Detected","Not Detected","Invasive ductal carcinoma","NA","NA","NA","NA","NA","0.884985876","8","8","1","Positive","Female","0","0","0","Negative","2","20-30%","2","1","<5%","NA","1","Premenopausal","0","NA","AC+T","2","1","6","4","1","Positive","38.83910563","1","ER+","ER+","NA","LumB","1","1","617","88.9573249941248","T1","6935910","cT3N1-2M0","8","NA","0.6","NA","0.6","3.4"
"GSM3514087","OB_16_0163_2","GSM3514087","Public on Oct 12 2020","Dec 14 2018","Oct 12 2020","SRA","1","Primary Tumor","Homo sapiens","gender: Female","age: 37.29444444","menopausal_status: Premenopausal","bc_family_history: Yes","brca1_status: Not Detected","brca2_status: Not Detected","cell_type_diagnosis: Invasive ductal carcinoma","er_status_diagnosis: 1","er_score_diagnosis: 8","pr_status_diagnosis: 1","pr_score_diagnosis: 6","her2_status_diagnosis: 0","her2_score_diagnosis: 0","ki67_status_diagnosis: 2","ki67_diagnosis: 20-30%","tnm_stage_clinical: cT3N1-2M0","nac_drug: AC+T","er_status_surgery: Positive","er_score_surgery: 8","pr_status_surgery: Positive","pr_score_surgery: 4","her2_status_surgery: Negative","her2_score_surgery: 0","ki67_status_surgery: 1","ki67_surgery: <5%","histological_grade: 2","nuclear_grade: 2","lymphovascular_invasion: 1","bilaterality: 0","multiplicity: 0","surgery_type: 1","surgical_site: 1","tumor_size: 3.4","regional_lymph_nodes: 1","tnm_stage_pathologic: 8","pcr_status: 1","proliferative_index: 14.25991826","cyt_score: 4.198987973","subtype_pam50: LumA","subtype_nmc: NA","subtype_ihc: ER+","tumor_purity_pathology: 0.2","cin_score: NA","tumor_purity_facets: NA","tumor_purity_consensus: 0.2","tumor_ploidy: NA","cnv_burden_del: NA","cnv_burden_hemizygote: NA","loh_burden_burden: NA","cnv_burden_gain: NA","cnv_burden_amp: NA","til_count: 366","tissue_area: 18284900","til_density: 20.0165163604942","time: T2","subtype_consensus: ER+","mut_load: NA","total RNA","For RNA-Seq, sequencing libraries were prepared using TruSeq RNA Sample Preparation kit v2 (RS-122-2001 and RS-122-2002, Illumina). Sequencing of the RNA libraries was performed on an Illumina HiSeq2500 in 100-bp paired-end mode of the TruSeq Rapid PE Cluster kit and the TruSeq Rapid SBS kit.","9606","RNA-Seq data was analyzed using the RSEM42 pipeline with hg19 as the genome reference","Genome_build: hg19","Supplementary_files_format_and_content: expression matrix with gene expression by samples in TPM units","GPL16791","Zhengyan,,Kan","Computational Biology, Oncology Research & Development","Pfizer","10770 Science Center Drive","San Diego","CA","92121","USA","0","Illumina HiSeq 2500","cDNA","transcriptomic","RNA-Seq","BioSample: https://www.ncbi.nlm.nih.gov/biosample/SAMN10593218","NONE","37.29444444","Yes","0","Not Detected","Not Detected","Invasive ductal carcinoma","NA","NA","NA","NA","NA","4.198987973","8","8","1","Positive","Female","0","0","0","Negative","2","20-30%","2","1","<5%","NA","1","Premenopausal","0","NA","AC+T","2","1","6","4","1","Positive","14.25991826","1","ER+","ER+","NA","LumA","1","1","366","20.0165163604942","T2","18284900","cT3N1-2M0","8","NA","0.2","NA","0.2","3.4"
"GSM3514088","OB_16_0163_3","GSM3514088","Public on Oct 12 2020","Dec 14 2018","Oct 12 2020","SRA","1","Primary Tumor","Homo sapiens","gender: Female","age: 37.29444444","menopausal_status: Premenopausal","bc_family_history: Yes","brca1_status: Not Detected","brca2_status: Not Detected","cell_type_diagnosis: Invasive ductal carcinoma","er_status_diagnosis: 1","er_score_diagnosis: 8","pr_status_diagnosis: 1","pr_score_diagnosis: 6","her2_status_diagnosis: 0","her2_score_diagnosis: 0","ki67_status_diagnosis: 2","ki67_diagnosis: 20-30%","tnm_stage_clinical: cT3N1-2M0","nac_drug: AC+T","er_status_surgery: Positive","er_score_surgery: 8","pr_status_surgery: Positive","pr_score_surgery: 4","her2_status_surgery: Negative","her2_score_surgery: 0","ki67_status_surgery: 1","ki67_surgery: <5%","histological_grade: 2","nuclear_grade: 2","lymphovascular_invasion: 1","bilaterality: 0","multiplicity: 0","surgery_type: 1","surgical_site: 1","tumor_size: 3.4","regional_lymph_nodes: 1","tnm_stage_pathologic: 8","pcr_status: 1","proliferative_index: 3.485315426","cyt_score: 37.79987963","subtype_pam50: LumA","subtype_nmc: NA","subtype_ihc: ER+","tumor_purity_pathology: 0.2","cin_score: NA","tumor_purity_facets: NA","tumor_purity_consensus: 0.2","tumor_ploidy: NA","cnv_burden_del: NA","cnv_burden_hemizygote: NA","loh_burden_burden: NA","cnv_burden_gain: NA","cnv_burden_amp: NA","til_count: 40","tissue_area: 4579930","til_density: 8.73375793953183","time: T3","subtype_consensus: ER+","mut_load: NA","total RNA","For RNA-Seq, sequencing libraries were prepared using TruSeq RNA Sample Preparation kit v2 (RS-122-2001 and RS-122-2002, Illumina). Sequencing of the RNA libraries was performed on an Illumina HiSeq2500 in 100-bp paired-end mode of the TruSeq Rapid PE Cluster kit and the TruSeq Rapid SBS kit.","9606","RNA-Seq data was analyzed using the RSEM42 pipeline with hg19 as the genome reference","Genome_build: hg19","Supplementary_files_format_and_content: expression matrix with gene expression by samples in TPM units","GPL16791","Zhengyan,,Kan","Computational Biology, Oncology Research & Development","Pfizer","10770 Science Center Drive","San Diego","CA","92121","USA","0","Illumina HiSeq 2500","cDNA","transcriptomic","RNA-Seq","BioSample: https://www.ncbi.nlm.nih.gov/biosample/SAMN10593217","NONE","37.29444444","Yes","0","Not Detected","Not Detected","Invasive ductal carcinoma","NA","NA","NA","NA","NA","37.79987963","8","8","1","Positive","Female","0","0","0","Negative","2","20-30%","2","1","<5%","NA","1","Premenopausal","0","NA","AC+T","2","1","6","4","1","Positive","3.485315426","1","ER+","ER+","NA","LumA","1","1","40","8.73375793953183","T3","4579930","cT3N1-2M0","8","NA","0.2","NA","0.2","3.4"
"GSM3514089","OB_16_0168_1","GSM3514089","Public on Oct 12 2020","Dec 14 2018","Oct 12 2020","SRA","1","Primary Tumor","Homo sapiens","gender: Female","age: 41.93888889","menopausal_status: Premenopausal","bc_family_history: No","brca1_status: Not Detected","brca2_status: Not Detected","cell_type_diagnosis: Invasive ductal carcinoma","er_status_diagnosis: 1","er_score_diagnosis: 8","pr_status_diagnosis: 1","pr_score_diagnosis: 8","her2_status_diagnosis: 0","her2_score_diagnosis: 0","ki67_status_diagnosis: 1","ki67_diagnosis: <5%","tnm_stage_clinical: cT2N2-3M0","nac_drug: AC+T","er_status_surgery: Positive","er_score_surgery: 8","pr_status_surgery: Positive","pr_score_surgery: 8","her2_status_surgery: Negative","her2_score_surgery: 0","ki67_status_surgery: 1","ki67_surgery: 0.1","histological_grade: 1","nuclear_grade: 2","lymphovascular_invasion: 1","bilaterality: 0","multiplicity: 0","surgery_type: 1","surgical_site: 1","tumor_size: 5.5","regional_lymph_nodes: 7","tnm_stage_pathologic: 14","pcr_status: 1","proliferative_index: 12.61597884","cyt_score: 0.894986033","subtype_pam50: LumA","subtype_nmc: NA","subtype_ihc: ER+","tumor_purity_pathology: 0.3","cin_score: NA","tumor_purity_facets: NA","tumor_purity_consensus: 0.3","tumor_ploidy: NA","cnv_burden_del: NA","cnv_burden_hemizygote: NA","loh_burden_burden: NA","cnv_burden_gain: NA","cnv_burden_amp: NA","til_count: 828","tissue_area: 11102400","til_density: 74.5784695201038","time: T1","subtype_consensus: ER+","mut_load: NA","total RNA","For RNA-Seq, sequencing libraries were prepared using TruSeq RNA Sample Preparation kit v2 (RS-122-2001 and RS-122-2002, Illumina). Sequencing of the RNA libraries was performed on an Illumina HiSeq2500 in 100-bp paired-end mode of the TruSeq Rapid PE Cluster kit and the TruSeq Rapid SBS kit.","9606","RNA-Seq data was analyzed using the RSEM42 pipeline with hg19 as the genome reference","Genome_build: hg19","Supplementary_files_format_and_content: expression matrix with gene expression by samples in TPM units","GPL16791","Zhengyan,,Kan","Computational Biology, Oncology Research & Development","Pfizer","10770 Science Center Drive","San Diego","CA","92121","USA","0","Illumina HiSeq 2500","cDNA","transcriptomic","RNA-Seq","BioSample: https://www.ncbi.nlm.nih.gov/biosample/SAMN10593216","NONE","41.93888889","No","0","Not Detected","Not Detected","Invasive ductal carcinoma","NA","NA","NA","NA","NA","0.894986033","8","8","1","Positive","Female","0","0","0","Negative","1","<5%","1","1","0.1","NA","1","Premenopausal","0","NA","AC+T","2","1","8","8","1","Positive","12.61597884","7","ER+","ER+","NA","LumA","1","1","828","74.5784695201038","T1","11102400","cT2N2-3M0","14","NA","0.3","NA","0.3","5.5"
"GSM3514090","OB_16_0168_2","GSM3514090","Public on Oct 12 2020","Dec 14 2018","Oct 12 2020","SRA","1","Primary Tumor","Homo sapiens","gender: Female","age: 41.93888889","menopausal_status: Premenopausal","bc_family_history: No","brca1_status: Not Detected","brca2_status: Not Detected","cell_type_diagnosis: Invasive ductal carcinoma","er_status_diagnosis: 1","er_score_diagnosis: 8","pr_status_diagnosis: 1","pr_score_diagnosis: 8","her2_status_diagnosis: 0","her2_score_diagnosis: 0","ki67_status_diagnosis: 1","ki67_diagnosis: <5%","tnm_stage_clinical: cT2N2-3M0","nac_drug: AC+T","er_status_surgery: Positive","er_score_surgery: 8","pr_status_surgery: Positive","pr_score_surgery: 8","her2_status_surgery: Negative","her2_score_surgery: 0","ki67_status_surgery: 1","ki67_surgery: 0.1","histological_grade: 1","nuclear_grade: 2","lymphovascular_invasion: 1","bilaterality: 0","multiplicity: 0","surgery_type: 1","surgical_site: 1","tumor_size: 5.5","regional_lymph_nodes: 7","tnm_stage_pathologic: 14","pcr_status: 1","proliferative_index: 11.87874251","cyt_score: 2.596228033","subtype_pam50: LumA","subtype_nmc: ER+","subtype_ihc: ER+","tumor_purity_pathology: 0.5","cin_score: 16.46296275","tumor_purity_facets: 0.3","tumor_purity_consensus: 0.3","tumor_ploidy: 1.941477078","cnv_burden_del: 0.041330184","cnv_burden_hemizygote: 0.089779709","loh_burden_burden: 0","cnv_burden_gain: 0.062713827","cnv_burden_amp: 0.033741486","til_count: 1199","tissue_area: 29039100","til_density: 41.2891584105568","time: T2","subtype_consensus: ER+","mut_load: 27","total RNA","For RNA-Seq, sequencing libraries were prepared using TruSeq RNA Sample Preparation kit v2 (RS-122-2001 and RS-122-2002, Illumina). Sequencing of the RNA libraries was performed on an Illumina HiSeq2500 in 100-bp paired-end mode of the TruSeq Rapid PE Cluster kit and the TruSeq Rapid SBS kit.","9606","RNA-Seq data was analyzed using the RSEM42 pipeline with hg19 as the genome reference","Genome_build: hg19","Supplementary_files_format_and_content: expression matrix with gene expression by samples in TPM units","GPL16791","Zhengyan,,Kan","Computational Biology, Oncology Research & Development","Pfizer","10770 Science Center Drive","San Diego","CA","92121","USA","0","Illumina HiSeq 2500","cDNA","transcriptomic","RNA-Seq","BioSample: https://www.ncbi.nlm.nih.gov/biosample/SAMN10593215","NONE","41.93888889","No","0","Not Detected","Not Detected","Invasive ductal carcinoma","16.46296275","0.033741486","0.041330184","0.062713827","0.089779709","2.596228033","8","8","1","Positive","Female","0","0","0","Negative","1","<5%","1","1","0.1","0","1","Premenopausal","0","27","AC+T","2","1","8","8","1","Positive","11.87874251","7","ER+","ER+","ER+","LumA","1","1","1199","41.2891584105568","T2","29039100","cT2N2-3M0","14","1.941477078","0.3","0.3","0.5","5.5"
"GSM3514091","OB_16_0168_3","GSM3514091","Public on Oct 12 2020","Dec 14 2018","Oct 12 2020","SRA","1","Primary Tumor","Homo sapiens","gender: Female","age: 41.93888889","menopausal_status: Premenopausal","bc_family_history: No","brca1_status: Not Detected","brca2_status: Not Detected","cell_type_diagnosis: Invasive ductal carcinoma","er_status_diagnosis: 1","er_score_diagnosis: 8","pr_status_diagnosis: 1","pr_score_diagnosis: 8","her2_status_diagnosis: 0","her2_score_diagnosis: 0","ki67_status_diagnosis: 1","ki67_diagnosis: <5%","tnm_stage_clinical: cT2N2-3M0","nac_drug: AC+T","er_status_surgery: Positive","er_score_surgery: 8","pr_status_surgery: Positive","pr_score_surgery: 8","her2_status_surgery: Negative","her2_score_surgery: 0","ki67_status_surgery: 1","ki67_surgery: 0.1","histological_grade: 1","nuclear_grade: 2","lymphovascular_invasion: 1","bilaterality: 0","multiplicity: 0","surgery_type: 1","surgical_site: 1","tumor_size: 5.5","regional_lymph_nodes: 7","tnm_stage_pathologic: 14","pcr_status: 1","proliferative_index: 5.906958028","cyt_score: 2.159907405","subtype_pam50: LumA","subtype_nmc: NA","subtype_ihc: ER+","tumor_purity_pathology: 0.6","cin_score: NA","tumor_purity_facets: NA","tumor_purity_consensus: 0.6","tumor_ploidy: NA","cnv_burden_del: NA","cnv_burden_hemizygote: NA","loh_burden_burden: NA","cnv_burden_gain: NA","cnv_burden_amp: NA","til_count: 792","tissue_area: 8836560","til_density: 89.6276379043429","time: T3","subtype_consensus: ER+","mut_load: NA","total RNA","For RNA-Seq, sequencing libraries were prepared using TruSeq RNA Sample Preparation kit v2 (RS-122-2001 and RS-122-2002, Illumina). Sequencing of the RNA libraries was performed on an Illumina HiSeq2500 in 100-bp paired-end mode of the TruSeq Rapid PE Cluster kit and the TruSeq Rapid SBS kit.","9606","RNA-Seq data was analyzed using the RSEM42 pipeline with hg19 as the genome reference","Genome_build: hg19","Supplementary_files_format_and_content: expression matrix with gene expression by samples in TPM units","GPL16791","Zhengyan,,Kan","Computational Biology, Oncology Research & Development","Pfizer","10770 Science Center Drive","San Diego","CA","92121","USA","0","Illumina HiSeq 2500","cDNA","transcriptomic","RNA-Seq","BioSample: https://www.ncbi.nlm.nih.gov/biosample/SAMN10593279","NONE","41.93888889","No","0","Not Detected","Not Detected","Invasive ductal carcinoma","NA","NA","NA","NA","NA","2.159907405","8","8","1","Positive","Female","0","0","0","Negative","1","<5%","1","1","0.1","NA","1","Premenopausal","0","NA","AC+T","2","1","8","8","1","Positive","5.906958028","7","ER+","ER+","NA","LumA","1","1","792","89.6276379043429","T3","8836560","cT2N2-3M0","14","NA","0.6","NA","0.6","5.5"
"GSM3514092","OB_16_0173_1","GSM3514092","Public on Oct 12 2020","Dec 14 2018","Oct 12 2020","SRA","1","Primary Tumor","Homo sapiens","gender: Female","age: 47.76944444","menopausal_status: Premenopausal","bc_family_history: No","brca1_status: 999","brca2_status: 999","cell_type_diagnosis: Invasive ductal carcinoma","er_status_diagnosis: 1","er_score_diagnosis: 4","pr_status_diagnosis: 0","pr_score_diagnosis: 0","her2_status_diagnosis: 1","her2_score_diagnosis: 3","ki67_status_diagnosis: 1","ki67_diagnosis: 10-20%","tnm_stage_clinical: cT2N1-2M0","nac_drug: TCHP","er_status_surgery: 999","er_score_surgery: 999","pr_status_surgery: 999","pr_score_surgery: 999","her2_status_surgery: 999","her2_score_surgery: 999","ki67_status_surgery: 999","ki67_surgery: 999","histological_grade: 999","nuclear_grade: 999","lymphovascular_invasion: 999","bilaterality: 0","multiplicity: 0","surgery_type: 1","surgical_site: 2","tumor_size: 0","regional_lymph_nodes: 0","tnm_stage_pathologic: 77","pcr_status: 0","proliferative_index: 16.77573834","cyt_score: 30.68659805","subtype_pam50: Her2","subtype_nmc: HER2+","subtype_ihc: ER+HER2+","tumor_purity_pathology: 0.6","cin_score: 20.73650285","tumor_purity_facets: 0.424303243","tumor_purity_consensus: 0.424303243","tumor_ploidy: 3.125115597","cnv_burden_del: 0.010457285","cnv_burden_hemizygote: 0.024573666","loh_burden_burden: 0","cnv_burden_gain: 0.377035227","cnv_burden_amp: 0.364808216","til_count: 3244","tissue_area: 12411200","til_density: 261.376820935929","time: T1","subtype_consensus: ER+HER2+","mut_load: 88","total RNA","For RNA-Seq, sequencing libraries were prepared using TruSeq RNA Sample Preparation kit v2 (RS-122-2001 and RS-122-2002, Illumina). Sequencing of the RNA libraries was performed on an Illumina HiSeq2500 in 100-bp paired-end mode of the TruSeq Rapid PE Cluster kit and the TruSeq Rapid SBS kit.","9606","RNA-Seq data was analyzed using the RSEM42 pipeline with hg19 as the genome reference","Genome_build: hg19","Supplementary_files_format_and_content: expression matrix with gene expression by samples in TPM units","GPL16791","Zhengyan,,Kan","Computational Biology, Oncology Research & Development","Pfizer","10770 Science Center Drive","San Diego","CA","92121","USA","0","Illumina HiSeq 2500","cDNA","transcriptomic","RNA-Seq","BioSample: https://www.ncbi.nlm.nih.gov/biosample/SAMN10593165","NONE","47.76944444","No","0","999","999","Invasive ductal carcinoma","20.73650285","0.364808216","0.010457285","0.377035227","0.024573666","30.68659805","4","999","1","999","Female","3","999","1","999","999","10-20%","1","999","999","0","999","Premenopausal","0","88","TCHP","999","0","0","999","0","999","16.77573834","0","ER+HER2+","ER+HER2+","HER2+","Her2","1","2","3244","261.376820935929","T1","12411200","cT2N1-2M0","77","3.125115597","0.424303243","0.424303243","0.6","0"
"GSM3514093","OB_16_0175_1","GSM3514093","Public on Oct 12 2020","Dec 14 2018","Oct 12 2020","SRA","1","Primary Tumor","Homo sapiens","gender: Female","age: 34.625","menopausal_status: Premenopausal","bc_family_history: Yes","brca1_status: Detected","brca2_status: Equivocal","cell_type_diagnosis: Invasive ductal carcinoma","er_status_diagnosis: 0","er_score_diagnosis: 0","pr_status_diagnosis: 0","pr_score_diagnosis: 0","her2_status_diagnosis: 0","her2_score_diagnosis: 1","ki67_status_diagnosis: 3","ki67_diagnosis: 70-80%","tnm_stage_clinical: cT3-4N3M0","nac_drug: Others","er_status_surgery: Negative","er_score_surgery: 0","pr_status_surgery: Negative","pr_score_surgery: 0","her2_status_surgery: Negative","her2_score_surgery: 1","ki67_status_surgery: 4","ki67_surgery: 70-80%","histological_grade: 3","nuclear_grade: 3","lymphovascular_invasion: 0","bilaterality: 1","multiplicity: 0","surgery_type: 0","surgical_site: 4","tumor_size: 1.6","regional_lymph_nodes: 0","tnm_stage_pathologic: 2","pcr_status: 1","proliferative_index: 47.99264336","cyt_score: 8.901898674","subtype_pam50: Basal","subtype_nmc: TN","subtype_ihc: TN","tumor_purity_pathology: 0.5","cin_score: 25.09491836","tumor_purity_facets: 0.475486515","tumor_purity_consensus: 0.475486515","tumor_ploidy: 3.218137598","cnv_burden_del: 0.001422382","cnv_burden_hemizygote: 0.073066589","loh_burden_burden: 0.106338434","cnv_burden_gain: 0.231932815","cnv_burden_amp: 0.182005629","til_count: 852","tissue_area: 22792100","til_density: 37.3813733705977","time: T1","subtype_consensus: TN","mut_load: 112","total RNA","For RNA-Seq, sequencing libraries were prepared using TruSeq RNA Sample Preparation kit v2 (RS-122-2001 and RS-122-2002, Illumina). Sequencing of the RNA libraries was performed on an Illumina HiSeq2500 in 100-bp paired-end mode of the TruSeq Rapid PE Cluster kit and the TruSeq Rapid SBS kit.","9606","RNA-Seq data was analyzed using the RSEM42 pipeline with hg19 as the genome reference","Genome_build: hg19","Supplementary_files_format_and_content: expression matrix with gene expression by samples in TPM units","GPL16791","Zhengyan,,Kan","Computational Biology, Oncology Research & Development","Pfizer","10770 Science Center Drive","San Diego","CA","92121","USA","0","Illumina HiSeq 2500","cDNA","transcriptomic","RNA-Seq","BioSample: https://www.ncbi.nlm.nih.gov/biosample/SAMN10593278","NONE","34.625","Yes","1","Detected","Equivocal","Invasive ductal carcinoma","25.09491836","0.182005629","0.001422382","0.231932815","0.073066589","8.901898674","0","0","0","Negative","Female","1","1","0","Negative","3","70-80%","3","4","70-80%","0.106338434","0","Premenopausal","0","112","Others","3","1","0","0","0","Negative","47.99264336","0","TN","TN","TN","Basal","0","4","852","37.3813733705977","T1","22792100","cT3-4N3M0","2","3.218137598","0.475486515","0.475486515","0.5","1.6"
"GSM3514094","OB_16_0175_2","GSM3514094","Public on Oct 12 2020","Dec 14 2018","Oct 12 2020","SRA","1","Primary Tumor","Homo sapiens","gender: Female","age: 34.625","menopausal_status: Premenopausal","bc_family_history: Yes","brca1_status: Detected","brca2_status: Equivocal","cell_type_diagnosis: Invasive ductal carcinoma","er_status_diagnosis: 0","er_score_diagnosis: 0","pr_status_diagnosis: 0","pr_score_diagnosis: 0","her2_status_diagnosis: 0","her2_score_diagnosis: 1","ki67_status_diagnosis: 3","ki67_diagnosis: 70-80%","tnm_stage_clinical: cT3-4N3M0","nac_drug: Others","er_status_surgery: Negative","er_score_surgery: 0","pr_status_surgery: Negative","pr_score_surgery: 0","her2_status_surgery: Negative","her2_score_surgery: 1","ki67_status_surgery: 4","ki67_surgery: 70-80%","histological_grade: 3","nuclear_grade: 3","lymphovascular_invasion: 0","bilaterality: 1","multiplicity: 0","surgery_type: 0","surgical_site: 4","tumor_size: 1.6","regional_lymph_nodes: 0","tnm_stage_pathologic: 2","pcr_status: 1","proliferative_index: 62.80328951","cyt_score: 44.2067427","subtype_pam50: Basal","subtype_nmc: TN","subtype_ihc: TN","tumor_purity_pathology: 0.3","cin_score: 23.90283182","tumor_purity_facets: 0.395728196","tumor_purity_consensus: 0.395728196","tumor_ploidy: 2.915608784","cnv_burden_del: 0.004612461","cnv_burden_hemizygote: 0.065346407","loh_burden_burden: 0.146112348","cnv_burden_gain: 0.23800181","cnv_burden_amp: 0.150608554","til_count: 4168","tissue_area: 31223300","til_density: 133.490053902054","time: T2","subtype_consensus: TN","mut_load: 89","total RNA","For RNA-Seq, sequencing libraries were prepared using TruSeq RNA Sample Preparation kit v2 (RS-122-2001 and RS-122-2002, Illumina). Sequencing of the RNA libraries was performed on an Illumina HiSeq2500 in 100-bp paired-end mode of the TruSeq Rapid PE Cluster kit and the TruSeq Rapid SBS kit.","9606","RNA-Seq data was analyzed using the RSEM42 pipeline with hg19 as the genome reference","Genome_build: hg19","Supplementary_files_format_and_content: expression matrix with gene expression by samples in TPM units","GPL16791","Zhengyan,,Kan","Computational Biology, Oncology Research & Development","Pfizer","10770 Science Center Drive","San Diego","CA","92121","USA","0","Illumina HiSeq 2500","cDNA","transcriptomic","RNA-Seq","BioSample: https://www.ncbi.nlm.nih.gov/biosample/SAMN10593132","NONE","34.625","Yes","1","Detected","Equivocal","Invasive ductal carcinoma","23.90283182","0.150608554","0.004612461","0.23800181","0.065346407","44.2067427","0","0","0","Negative","Female","1","1","0","Negative","3","70-80%","3","4","70-80%","0.146112348","0","Premenopausal","0","89","Others","3","1","0","0","0","Negative","62.80328951","0","TN","TN","TN","Basal","0","4","4168","133.490053902054","T2","31223300","cT3-4N3M0","2","2.915608784","0.395728196","0.395728196","0.3","1.6"
"GSM3514095","OB_16_0184_1","GSM3514095","Public on Oct 12 2020","Dec 14 2018","Oct 12 2020","SRA","1","Primary Tumor","Homo sapiens","gender: Female","age: 44.35833333","menopausal_status: Premenopausal","bc_family_history: No","brca1_status: 999","brca2_status: 999","cell_type_diagnosis: Mucinous carcinoma","er_status_diagnosis: 0","er_score_diagnosis: 0","pr_status_diagnosis: 0","pr_score_diagnosis: 0","her2_status_diagnosis: 1","her2_score_diagnosis: 3","ki67_status_diagnosis: 1","ki67_diagnosis: 5-10%","tnm_stage_clinical: cT3N3M0","nac_drug: AC+T+Trastuzumab","er_status_surgery: Negative","er_score_surgery: 0","pr_status_surgery: Negative","pr_score_surgery: 0","her2_status_surgery: Positive","her2_score_surgery: 3","ki67_status_surgery: 2","ki67_surgery: 40-50%","histological_grade: 2","nuclear_grade: 2","lymphovascular_invasion: 1","bilaterality: 0","multiplicity: 1","surgery_type: 0","surgical_site: 2","tumor_size: 2.5","regional_lymph_nodes: 5","tnm_stage_pathologic: 12","pcr_status: 1","proliferative_index: 23.84383487","cyt_score: 2.82439374","subtype_pam50: Her2","subtype_nmc: ER+HER2+","subtype_ihc: HER2+","tumor_purity_pathology: 0.4","cin_score: 22.15687983","tumor_purity_facets: 0.299630273","tumor_purity_consensus: 0.299630273","tumor_ploidy: 3.002470497","cnv_burden_del: 0.011365856","cnv_burden_hemizygote: 0.070496744","loh_burden_burden: 0.027426529","cnv_burden_gain: 0.60127335","cnv_burden_amp: 0.071447017","til_count: 962","tissue_area: 24921300","til_density: 38.6015175773334","time: T1","subtype_consensus: HER2+","mut_load: 28","total RNA","For RNA-Seq, sequencing libraries were prepared using TruSeq RNA Sample Preparation kit v2 (RS-122-2001 and RS-122-2002, Illumina). Sequencing of the RNA libraries was performed on an Illumina HiSeq2500 in 100-bp paired-end mode of the TruSeq Rapid PE Cluster kit and the TruSeq Rapid SBS kit.","9606","RNA-Seq data was analyzed using the RSEM42 pipeline with hg19 as the genome reference","Genome_build: hg19","Supplementary_files_format_and_content: expression matrix with gene expression by samples in TPM units","GPL16791","Zhengyan,,Kan","Computational Biology, Oncology Research & Development","Pfizer","10770 Science Center Drive","San Diego","CA","92121","USA","0","Illumina HiSeq 2500","cDNA","transcriptomic","RNA-Seq","BioSample: https://www.ncbi.nlm.nih.gov/biosample/SAMN10593168","NONE","44.35833333","No","0","999","999","Mucinous carcinoma","22.15687983","0.071447017","0.011365856","0.60127335","0.070496744","2.82439374","0","0","0","Negative","Female","3","3","1","Positive","2","5-10%","1","2","40-50%","0.027426529","1","Premenopausal","1","28","AC+T+Trastuzumab","2","1","0","0","0","Negative","23.84383487","5","HER2+","HER2+","ER+HER2+","Her2","0","2","962","38.6015175773334","T1","24921300","cT3N3M0","12","3.002470497","0.299630273","0.299630273","0.4","2.5"
"GSM3514096","OB_16_0184_2","GSM3514096","Public on Oct 12 2020","Dec 14 2018","Oct 12 2020","SRA","1","Primary Tumor","Homo sapiens","gender: Female","age: 44.35833333","menopausal_status: Premenopausal","bc_family_history: No","brca1_status: 999","brca2_status: 999","cell_type_diagnosis: Mucinous carcinoma","er_status_diagnosis: 0","er_score_diagnosis: 0","pr_status_diagnosis: 0","pr_score_diagnosis: 0","her2_status_diagnosis: 1","her2_score_diagnosis: 3","ki67_status_diagnosis: 1","ki67_diagnosis: 5-10%","tnm_stage_clinical: cT3N3M0","nac_drug: AC+T+Trastuzumab","er_status_surgery: Negative","er_score_surgery: 0","pr_status_surgery: Negative","pr_score_surgery: 0","her2_status_surgery: Positive","her2_score_surgery: 3","ki67_status_surgery: 2","ki67_surgery: 40-50%","histological_grade: 2","nuclear_grade: 2","lymphovascular_invasion: 1","bilaterality: 0","multiplicity: 1","surgery_type: 0","surgical_site: 2","tumor_size: 2.5","regional_lymph_nodes: 5","tnm_stage_pathologic: 12","pcr_status: 1","proliferative_index: 20.92085081","cyt_score: 2.861817604","subtype_pam50: Her2","subtype_nmc: HER2+","subtype_ihc: HER2+","tumor_purity_pathology: 0.8","cin_score: 23.10670099","tumor_purity_facets: 0.369497489","tumor_purity_consensus: 0.369497489","tumor_ploidy: 2.93187598","cnv_burden_del: 0","cnv_burden_hemizygote: 0.045847747","loh_burden_burden: 0","cnv_burden_gain: 0.635876272","cnv_burden_amp: 0.054646334","til_count: 350","tissue_area: 21919800","til_density: 15.9672989717059","time: T2","subtype_consensus: HER2+","mut_load: 14","total RNA","For RNA-Seq, sequencing libraries were prepared using TruSeq RNA Sample Preparation kit v2 (RS-122-2001 and RS-122-2002, Illumina). Sequencing of the RNA libraries was performed on an Illumina HiSeq2500 in 100-bp paired-end mode of the TruSeq Rapid PE Cluster kit and the TruSeq Rapid SBS kit.","9606","RNA-Seq data was analyzed using the RSEM42 pipeline with hg19 as the genome reference","Genome_build: hg19","Supplementary_files_format_and_content: expression matrix with gene expression by samples in TPM units","GPL16791","Zhengyan,,Kan","Computational Biology, Oncology Research & Development","Pfizer","10770 Science Center Drive","San Diego","CA","92121","USA","0","Illumina HiSeq 2500","cDNA","transcriptomic","RNA-Seq","BioSample: https://www.ncbi.nlm.nih.gov/biosample/SAMN10593167","NONE","44.35833333","No","0","999","999","Mucinous carcinoma","23.10670099","0.054646334","0","0.635876272","0.045847747","2.861817604","0","0","0","Negative","Female","3","3","1","Positive","2","5-10%","1","2","40-50%","0","1","Premenopausal","1","14","AC+T+Trastuzumab","2","1","0","0","0","Negative","20.92085081","5","HER2+","HER2+","HER2+","Her2","0","2","350","15.9672989717059","T2","21919800","cT3N3M0","12","2.93187598","0.369497489","0.369497489","0.8","2.5"
"GSM3514097","OB_16_0188_2","GSM3514097","Public on Oct 12 2020","Dec 14 2018","Oct 12 2020","SRA","1","Primary Tumor","Homo sapiens","gender: Female","age: 38.30277778","menopausal_status: Premenopausal","bc_family_history: No","brca1_status: Not Detected","brca2_status: Not Detected","cell_type_diagnosis: Invasive ductal carcinoma","er_status_diagnosis: 1","er_score_diagnosis: 8","pr_status_diagnosis: 1","pr_score_diagnosis: 8","her2_status_diagnosis: 0","her2_score_diagnosis: 0","ki67_status_diagnosis: 2","ki67_diagnosis: 30-40%","tnm_stage_clinical: cT3N1M0","nac_drug: AC+T","er_status_surgery: Positive","er_score_surgery: 8","pr_status_surgery: Positive","pr_score_surgery: 4","her2_status_surgery: Negative","her2_score_surgery: 0","ki67_status_surgery: 0","ki67_surgery: 9.00E-04","histological_grade: 2","nuclear_grade: 2","lymphovascular_invasion: 1","bilaterality: 0","multiplicity: 0","surgery_type: 0","surgical_site: 1","tumor_size: 7","regional_lymph_nodes: 2","tnm_stage_pathologic: 13","pcr_status: 1","proliferative_index: 11.18503079","cyt_score: 12.03918602","subtype_pam50: LumA","subtype_nmc: ER+","subtype_ihc: ER+","tumor_purity_pathology: 0.15","cin_score: 28.30300237","tumor_purity_facets: 0.406531883","tumor_purity_consensus: 0.406531883","tumor_ploidy: 2.280680784","cnv_burden_del: 0.049067418","cnv_burden_hemizygote: 0.134057955","loh_burden_burden: 0.016552661","cnv_burden_gain: 0.405477883","cnv_burden_amp: 0.033925336","til_count: 128","tissue_area: 21362600","til_density: 5.99178002677577","time: T2","subtype_consensus: ER+","mut_load: 29","total RNA","For RNA-Seq, sequencing libraries were prepared using TruSeq RNA Sample Preparation kit v2 (RS-122-2001 and RS-122-2002, Illumina). Sequencing of the RNA libraries was performed on an Illumina HiSeq2500 in 100-bp paired-end mode of the TruSeq Rapid PE Cluster kit and the TruSeq Rapid SBS kit.","9606","RNA-Seq data was analyzed using the RSEM42 pipeline with hg19 as the genome reference","Genome_build: hg19","Supplementary_files_format_and_content: expression matrix with gene expression by samples in TPM units","GPL16791","Zhengyan,,Kan","Computational Biology, Oncology Research & Development","Pfizer","10770 Science Center Drive","San Diego","CA","92121","USA","0","Illumina HiSeq 2500","cDNA","transcriptomic","RNA-Seq","BioSample: https://www.ncbi.nlm.nih.gov/biosample/SAMN10593166","NONE","38.30277778","No","0","Not Detected","Not Detected","Invasive ductal carcinoma","28.30300237","0.033925336","0.049067418","0.405477883","0.134057955","12.03918602","8","8","1","Positive","Female","0","0","0","Negative","2","30-40%","2","0","9.00E-04","0.016552661","1","Premenopausal","0","29","AC+T","2","1","8","4","1","Positive","11.18503079","2","ER+","ER+","ER+","LumA","0","1","128","5.99178002677577","T2","21362600","cT3N1M0","13","2.280680784","0.406531883","0.406531883","0.15","7"
"GSM3514098","OB_16_0191_3","GSM3514098","Public on Oct 12 2020","Dec 14 2018","Oct 12 2020","SRA","1","Primary Tumor","Homo sapiens","gender: Female","age: 61.06944444","menopausal_status: Postmenopausal","bc_family_history: No","brca1_status: 999","brca2_status: 999","cell_type_diagnosis: Invasive ductal carcinoma","er_status_diagnosis: 0","er_score_diagnosis: 2","pr_status_diagnosis: 0","pr_score_diagnosis: 0","her2_status_diagnosis: 1","her2_score_diagnosis: 3","ki67_status_diagnosis: 2","ki67_diagnosis: 20-30%","tnm_stage_clinical: cT3N3M0","nac_drug: AC+T+Trastuzumab","er_status_surgery: Positive","er_score_surgery: 8","pr_status_surgery: Positive","pr_score_surgery: 7","her2_status_surgery: Positive","her2_score_surgery: 3","ki67_status_surgery: 2","ki67_surgery: 40-50%","histological_grade: 3","nuclear_grade: 3","lymphovascular_invasion: 0","bilaterality: 0","multiplicity: 0","surgery_type: 0","surgical_site: 1","tumor_size: 6.5","regional_lymph_nodes: 12","tnm_stage_pathologic: 18","pcr_status: 1","proliferative_index: 27.31295861","cyt_score: 3.158813068","subtype_pam50: Her2","subtype_nmc: ER+HER2+","subtype_ihc: HER2+","tumor_purity_pathology: 0.9","cin_score: 16.32310882","tumor_purity_facets: 0.388465362","tumor_purity_consensus: 0.388465362","tumor_ploidy: 3.980302209","cnv_burden_del: 0","cnv_burden_hemizygote: 0","loh_burden_burden: 0.024928975","cnv_burden_gain: 0.745319131","cnv_burden_amp: 0.123438351","til_count: 1818","tissue_area: 51445500","til_density: 35.33836778727","time: T3","subtype_consensus: HER2+","mut_load: 45","total RNA","For RNA-Seq, sequencing libraries were prepared using TruSeq RNA Sample Preparation kit v2 (RS-122-2001 and RS-122-2002, Illumina). Sequencing of the RNA libraries was performed on an Illumina HiSeq2500 in 100-bp paired-end mode of the TruSeq Rapid PE Cluster kit and the TruSeq Rapid SBS kit.","9606","RNA-Seq data was analyzed using the RSEM42 pipeline with hg19 as the genome reference","Genome_build: hg19","Supplementary_files_format_and_content: expression matrix with gene expression by samples in TPM units","GPL16791","Zhengyan,,Kan","Computational Biology, Oncology Research & Development","Pfizer","10770 Science Center Drive","San Diego","CA","92121","USA","0","Illumina HiSeq 2500","cDNA","transcriptomic","RNA-Seq","BioSample: https://www.ncbi.nlm.nih.gov/biosample/SAMN10593164","NONE","61.06944444","No","0","999","999","Invasive ductal carcinoma","16.32310882","0.123438351","0","0.745319131","0","3.158813068","2","8","0","Positive","Female","3","3","1","Positive","3","20-30%","2","2","40-50%","0.024928975","0","Postmenopausal","0","45","AC+T+Trastuzumab","3","1","0","7","0","Positive","27.31295861","12","HER2+","HER2+","ER+HER2+","Her2","0","1","1818","35.33836778727","T3","51445500","cT3N3M0","18","3.980302209","0.388465362","0.388465362","0.9","6.5"
"GSM3514099","OB_16_0192_1","GSM3514099","Public on Oct 12 2020","Dec 14 2018","Oct 12 2020","SRA","1","Primary Tumor","Homo sapiens","gender: Female","age: 55.38611111","menopausal_status: Postmenopausal","bc_family_history: No","brca1_status: 999","brca2_status: 999","cell_type_diagnosis: Invasive ductal carcinoma","er_status_diagnosis: 0","er_score_diagnosis: 0","pr_status_diagnosis: 0","pr_score_diagnosis: 0","her2_status_diagnosis: 1","her2_score_diagnosis: 2","ki67_status_diagnosis: 2","ki67_diagnosis: 30-40%","tnm_stage_clinical: 999","nac_drug: AC+T+Trastuzumab","er_status_surgery: Negative","er_score_surgery: 0","pr_status_surgery: Negative","pr_score_surgery: 0","her2_status_surgery: 2+","her2_score_surgery: 2","ki67_status_surgery: 2","ki67_surgery: 30-40%","histological_grade: 2","nuclear_grade: 2","lymphovascular_invasion: 0","bilaterality: 0","multiplicity: 0","surgery_type: 1","surgical_site: 2","tumor_size: 0.11","regional_lymph_nodes: 0","tnm_stage_pathologic: 2","pcr_status: 1","proliferative_index: 37.24691469","cyt_score: 2.212961816","subtype_pam50: Basal","subtype_nmc: TN","subtype_ihc: HER2+","tumor_purity_pathology: 0.2","cin_score: 23.46584919","tumor_purity_facets: 0.519987598","tumor_purity_consensus: 0.519987598","tumor_ploidy: 3.353775027","cnv_burden_del: 0.00090529","cnv_burden_hemizygote: 0.01232022","loh_burden_burden: 9.11E-05","cnv_burden_gain: 0.499102735","cnv_burden_amp: 0.213079534","til_count: 753","tissue_area: 24978600","til_density: 30.1458048089164","time: T1","subtype_consensus: HER2+","mut_load: 37","total RNA","For RNA-Seq, sequencing libraries were prepared using TruSeq RNA Sample Preparation kit v2 (RS-122-2001 and RS-122-2002, Illumina). Sequencing of the RNA libraries was performed on an Illumina HiSeq2500 in 100-bp paired-end mode of the TruSeq Rapid PE Cluster kit and the TruSeq Rapid SBS kit.","9606","RNA-Seq data was analyzed using the RSEM42 pipeline with hg19 as the genome reference","Genome_build: hg19","Supplementary_files_format_and_content: expression matrix with gene expression by samples in TPM units","GPL16791","Zhengyan,,Kan","Computational Biology, Oncology Research & Development","Pfizer","10770 Science Center Drive","San Diego","CA","92121","USA","0","Illumina HiSeq 2500","cDNA","transcriptomic","RNA-Seq","BioSample: https://www.ncbi.nlm.nih.gov/biosample/SAMN10593163","NONE","55.38611111","No","0","999","999","Invasive ductal carcinoma","23.46584919","0.213079534","0.00090529","0.499102735","0.01232022","2.212961816","0","0","0","Negative","Female","2","2","1","2+","2","30-40%","2","2","30-40%","9.11E-05","0","Postmenopausal","0","37","AC+T+Trastuzumab","2","1","0","0","0","Negative","37.24691469","0","HER2+","HER2+","TN","Basal","1","2","753","30.1458048089164","T1","24978600","999","2","3.353775027","0.519987598","0.519987598","0.2","0.11"
"GSM3514100","OB_16_0192_2","GSM3514100","Public on Oct 12 2020","Dec 14 2018","Oct 12 2020","SRA","1","Primary Tumor","Homo sapiens","gender: Female","age: 55.38611111","menopausal_status: Postmenopausal","bc_family_history: No","brca1_status: 999","brca2_status: 999","cell_type_diagnosis: Invasive ductal carcinoma","er_status_diagnosis: 0","er_score_diagnosis: 0","pr_status_diagnosis: 0","pr_score_diagnosis: 0","her2_status_diagnosis: 1","her2_score_diagnosis: 2","ki67_status_diagnosis: 2","ki67_diagnosis: 30-40%","tnm_stage_clinical: 999","nac_drug: AC+T+Trastuzumab","er_status_surgery: Negative","er_score_surgery: 0","pr_status_surgery: Negative","pr_score_surgery: 0","her2_status_surgery: 2+","her2_score_surgery: 2","ki67_status_surgery: 2","ki67_surgery: 30-40%","histological_grade: 2","nuclear_grade: 2","lymphovascular_invasion: 0","bilaterality: 0","multiplicity: 0","surgery_type: 1","surgical_site: 2","tumor_size: 0.11","regional_lymph_nodes: 0","tnm_stage_pathologic: 2","pcr_status: 1","proliferative_index: 25.6782616","cyt_score: 11.42486324","subtype_pam50: Basal","subtype_nmc: TN","subtype_ihc: HER2+","tumor_purity_pathology: 0.8","cin_score: 29.55855","tumor_purity_facets: 0.440161267","tumor_purity_consensus: 0.440161267","tumor_ploidy: 3.163100675","cnv_burden_del: 0.020001175","cnv_burden_hemizygote: 0.031879554","loh_burden_burden: 0","cnv_burden_gain: 0.327267564","cnv_burden_amp: 0.332913665","til_count: 402","tissue_area: 35089600","til_density: 11.4563859377137","time: T2","subtype_consensus: HER2+","mut_load: 7","total RNA","For RNA-Seq, sequencing libraries were prepared using TruSeq RNA Sample Preparation kit v2 (RS-122-2001 and RS-122-2002, Illumina). Sequencing of the RNA libraries was performed on an Illumina HiSeq2500 in 100-bp paired-end mode of the TruSeq Rapid PE Cluster kit and the TruSeq Rapid SBS kit.","9606","RNA-Seq data was analyzed using the RSEM42 pipeline with hg19 as the genome reference","Genome_build: hg19","Supplementary_files_format_and_content: expression matrix with gene expression by samples in TPM units","GPL16791","Zhengyan,,Kan","Computational Biology, Oncology Research & Development","Pfizer","10770 Science Center Drive","San Diego","CA","92121","USA","0","Illumina HiSeq 2500","cDNA","transcriptomic","RNA-Seq","BioSample: https://www.ncbi.nlm.nih.gov/biosample/SAMN10593162","NONE","55.38611111","No","0","999","999","Invasive ductal carcinoma","29.55855","0.332913665","0.020001175","0.327267564","0.031879554","11.42486324","0","0","0","Negative","Female","2","2","1","2+","2","30-40%","2","2","30-40%","0","0","Postmenopausal","0","7","AC+T+Trastuzumab","2","1","0","0","0","Negative","25.6782616","0","HER2+","HER2+","TN","Basal","1","2","402","11.4563859377137","T2","35089600","999","2","3.163100675","0.440161267","0.440161267","0.8","0.11"
"GSM3514101","OB_16_0199_1","GSM3514101","Public on Oct 12 2020","Dec 14 2018","Oct 12 2020","SRA","1","Primary Tumor","Homo sapiens","gender: Female","age: 66.09444444","menopausal_status: Postmenopausal","bc_family_history: No","brca1_status: 999","brca2_status: 999","cell_type_diagnosis: Invasive ductal carcinoma","er_status_diagnosis: 1","er_score_diagnosis: 8","pr_status_diagnosis: 0","pr_score_diagnosis: 0","her2_status_diagnosis: 0","her2_score_diagnosis: 0","ki67_status_diagnosis: 2","ki67_diagnosis: 40-50%","tnm_stage_clinical: cT2N1M0","nac_drug: AC+T","er_status_surgery: Positive","er_score_surgery: 8","pr_status_surgery: Negative","pr_score_surgery: 4","her2_status_surgery: Negative","her2_score_surgery: 1","ki67_status_surgery: 2","ki67_surgery: 30-40%","histological_grade: 2","nuclear_grade: 2","lymphovascular_invasion: 1","bilaterality: 0","multiplicity: 0","surgery_type: 0","surgical_site: 1","tumor_size: 9","regional_lymph_nodes: 4","tnm_stage_pathologic: 14","pcr_status: 1","proliferative_index: 33.28379987","cyt_score: 2.157776633","subtype_pam50: LumB","subtype_nmc: ER+","subtype_ihc: ER+","tumor_purity_pathology: 0.5","cin_score: 26.49013724","tumor_purity_facets: 0.521751931","tumor_purity_consensus: 0.521751931","tumor_ploidy: 3.049150541","cnv_burden_del: 0.007983398","cnv_burden_hemizygote: 0.043828201","loh_burden_burden: 0.13416094","cnv_burden_gain: 0.456106214","cnv_burden_amp: 0.104115937","til_count: 1404","tissue_area: 25081800","til_density: 55.9768437671937","time: T1","subtype_consensus: ER+","mut_load: 32","total RNA","For RNA-Seq, sequencing libraries were prepared using TruSeq RNA Sample Preparation kit v2 (RS-122-2001 and RS-122-2002, Illumina). Sequencing of the RNA libraries was performed on an Illumina HiSeq2500 in 100-bp paired-end mode of the TruSeq Rapid PE Cluster kit and the TruSeq Rapid SBS kit.","9606","RNA-Seq data was analyzed using the RSEM42 pipeline with hg19 as the genome reference","Genome_build: hg19","Supplementary_files_format_and_content: expression matrix with gene expression by samples in TPM units","GPL16791","Zhengyan,,Kan","Computational Biology, Oncology Research & Development","Pfizer","10770 Science Center Drive","San Diego","CA","92121","USA","0","Illumina HiSeq 2500","cDNA","transcriptomic","RNA-Seq","BioSample: https://www.ncbi.nlm.nih.gov/biosample/SAMN10593161","NONE","66.09444444","No","0","999","999","Invasive ductal carcinoma","26.49013724","0.104115937","0.007983398","0.456106214","0.043828201","2.157776633","8","8","1","Positive","Female","0","1","0","Negative","2","40-50%","2","2","30-40%","0.13416094","1","Postmenopausal","0","32","AC+T","2","1","0","4","0","Negative","33.28379987","4","ER+","ER+","ER+","LumB","0","1","1404","55.9768437671937","T1","25081800","cT2N1M0","14","3.049150541","0.521751931","0.521751931","0.5","9"
"GSM3514102","OB_16_0207_1","GSM3514102","Public on Oct 12 2020","Dec 14 2018","Oct 12 2020","SRA","1","Primary Tumor","Homo sapiens","gender: Female","age: 43","menopausal_status: Premenopausal","bc_family_history: No","brca1_status: 999","brca2_status: 999","cell_type_diagnosis: Invasive ductal carcinoma","er_status_diagnosis: 1","er_score_diagnosis: 6","pr_status_diagnosis: 1","pr_score_diagnosis: 5","her2_status_diagnosis: 1","her2_score_diagnosis: 3","ki67_status_diagnosis: 2","ki67_diagnosis: 40-50%","tnm_stage_clinical: cT2N1-2M0","nac_drug: AC+T+Trastuzumab","er_status_surgery: 999","er_score_surgery: 999","pr_status_surgery: 999","pr_score_surgery: 999","her2_status_surgery: 999","her2_score_surgery: 999","ki67_status_surgery: 999","ki67_surgery: 999","histological_grade: 999","nuclear_grade: 999","lymphovascular_invasion: 999","bilaterality: 0","multiplicity: 0","surgery_type: 1","surgical_site: 2","tumor_size: 0","regional_lymph_nodes: 0","tnm_stage_pathologic: 77","pcr_status: 0","proliferative_index: 35.17532521","cyt_score: 2.60067299","subtype_pam50: Her2","subtype_nmc: ER+HER2+","subtype_ihc: ER+HER2+","tumor_purity_pathology: 0.4","cin_score: 13.74114599","tumor_purity_facets: 0.364322328","tumor_purity_consensus: 0.364322328","tumor_ploidy: 1.791638788","cnv_burden_del: 0.000898396","cnv_burden_hemizygote: 0.304913624","loh_burden_burden: 0.047901288","cnv_burden_gain: 0.131519469","cnv_burden_amp: 0","til_count: 794","tissue_area: 9592360","til_density: 82.7742078070464","time: T1","subtype_consensus: ER+HER2+","mut_load: 41","total RNA","For RNA-Seq, sequencing libraries were prepared using TruSeq RNA Sample Preparation kit v2 (RS-122-2001 and RS-122-2002, Illumina). Sequencing of the RNA libraries was performed on an Illumina HiSeq2500 in 100-bp paired-end mode of the TruSeq Rapid PE Cluster kit and the TruSeq Rapid SBS kit.","9606","RNA-Seq data was analyzed using the RSEM42 pipeline with hg19 as the genome reference","Genome_build: hg19","Supplementary_files_format_and_content: expression matrix with gene expression by samples in TPM units","GPL16791","Zhengyan,,Kan","Computational Biology, Oncology Research & Development","Pfizer","10770 Science Center Drive","San Diego","CA","92121","USA","0","Illumina HiSeq 2500","cDNA","transcriptomic","RNA-Seq","BioSample: https://www.ncbi.nlm.nih.gov/biosample/SAMN10593160","NONE","43","No","0","999","999","Invasive ductal carcinoma","13.74114599","0","0.000898396","0.131519469","0.304913624","2.60067299","6","999","1","999","Female","3","999","1","999","999","40-50%","2","999","999","0.047901288","999","Premenopausal","0","41","AC+T+Trastuzumab","999","0","5","999","1","999","35.17532521","0","ER+HER2+","ER+HER2+","ER+HER2+","Her2","1","2","794","82.7742078070464","T1","9592360","cT2N1-2M0","77","1.791638788","0.364322328","0.364322328","0.4","0"
"GSM3514103","OB_16_0207_2","GSM3514103","Public on Oct 12 2020","Dec 14 2018","Oct 12 2020","SRA","1","Primary Tumor","Homo sapiens","gender: Female","age: 43","menopausal_status: Premenopausal","bc_family_history: No","brca1_status: 999","brca2_status: 999","cell_type_diagnosis: Invasive ductal carcinoma","er_status_diagnosis: 1","er_score_diagnosis: 6","pr_status_diagnosis: 1","pr_score_diagnosis: 5","her2_status_diagnosis: 1","her2_score_diagnosis: 3","ki67_status_diagnosis: 2","ki67_diagnosis: 40-50%","tnm_stage_clinical: cT2N1-2M0","nac_drug: AC+T+Trastuzumab","er_status_surgery: 999","er_score_surgery: 999","pr_status_surgery: 999","pr_score_surgery: 999","her2_status_surgery: 999","her2_score_surgery: 999","ki67_status_surgery: 999","ki67_surgery: 999","histological_grade: 999","nuclear_grade: 999","lymphovascular_invasion: 999","bilaterality: 0","multiplicity: 0","surgery_type: 1","surgical_site: 2","tumor_size: 0","regional_lymph_nodes: 0","tnm_stage_pathologic: 77","pcr_status: 0","proliferative_index: 12.70259899","cyt_score: 4.70720724","subtype_pam50: LumA","subtype_nmc: ER+HER2+","subtype_ihc: ER+HER2+","tumor_purity_pathology: 0.2","cin_score: 21.9604145","tumor_purity_facets: 0.307520341","tumor_purity_consensus: 0.307520341","tumor_ploidy: 3.352667865","cnv_burden_del: 0.023639164","cnv_burden_hemizygote: 0.012300328","loh_burden_burden: 0","cnv_burden_gain: 0.432963384","cnv_burden_amp: 0.319877677","til_count: 742","tissue_area: 19856300","til_density: 37.3684926194709","time: T2","subtype_consensus: ER+HER2+","mut_load: 16","total RNA","For RNA-Seq, sequencing libraries were prepared using TruSeq RNA Sample Preparation kit v2 (RS-122-2001 and RS-122-2002, Illumina). Sequencing of the RNA libraries was performed on an Illumina HiSeq2500 in 100-bp paired-end mode of the TruSeq Rapid PE Cluster kit and the TruSeq Rapid SBS kit.","9606","RNA-Seq data was analyzed using the RSEM42 pipeline with hg19 as the genome reference","Genome_build: hg19","Supplementary_files_format_and_content: expression matrix with gene expression by samples in TPM units","GPL16791","Zhengyan,,Kan","Computational Biology, Oncology Research & Development","Pfizer","10770 Science Center Drive","San Diego","CA","92121","USA","0","Illumina HiSeq 2500","cDNA","transcriptomic","RNA-Seq","BioSample: https://www.ncbi.nlm.nih.gov/biosample/SAMN10593159","NONE","43","No","0","999","999","Invasive ductal carcinoma","21.9604145","0.319877677","0.023639164","0.432963384","0.012300328","4.70720724","6","999","1","999","Female","3","999","1","999","999","40-50%","2","999","999","0","999","Premenopausal","0","16","AC+T+Trastuzumab","999","0","5","999","1","999","12.70259899","0","ER+HER2+","ER+HER2+","ER+HER2+","LumA","1","2","742","37.3684926194709","T2","19856300","cT2N1-2M0","77","3.352667865","0.307520341","0.307520341","0.2","0"
"GSM3514104","OB_16_0215_1","GSM3514104","Public on Oct 12 2020","Dec 14 2018","Oct 12 2020","SRA","1","Primary Tumor","Homo sapiens","gender: Female","age: 31.51388889","menopausal_status: Premenopausal","bc_family_history: No","brca1_status: Not Detected","brca2_status: Not Detected","cell_type_diagnosis: Invasive ductal carcinoma","er_status_diagnosis: 1","er_score_diagnosis: 8","pr_status_diagnosis: 0","pr_score_diagnosis: 0","her2_status_diagnosis: 0","her2_score_diagnosis: 0","ki67_status_diagnosis: 1","ki67_diagnosis: 20-30%","tnm_stage_clinical: cT2N1M0","nac_drug: AC+T","er_status_surgery: Positive","er_score_surgery: 8","pr_status_surgery: Negative","pr_score_surgery: 0","her2_status_surgery: Negative","her2_score_surgery: 0","ki67_status_surgery: 1","ki67_surgery: <10%","histological_grade: 2","nuclear_grade: 2","lymphovascular_invasion: 0","bilaterality: 0","multiplicity: 0","surgery_type: 0","surgical_site: 1","tumor_size: 10(Tis)","regional_lymph_nodes: 0","tnm_stage_pathologic: 1","pcr_status: 0","proliferative_index: 29.99973107","cyt_score: 4.244502327","subtype_pam50: LumB","subtype_nmc: ER+","subtype_ihc: ER+","tumor_purity_pathology: 0.2","cin_score: 20.15757706","tumor_purity_facets: 0.318387279","tumor_purity_consensus: 0.318387279","tumor_ploidy: 3.106359853","cnv_burden_del: 0.000594343","cnv_burden_hemizygote: 0.045370936","loh_burden_burden: 0.001056846","cnv_burden_gain: 0.642007293","cnv_burden_amp: 0.072234696","til_count: 503","tissue_area: 17127700","til_density: 29.3676325484449","time: T1","subtype_consensus: ER+","mut_load: 48","total RNA","For RNA-Seq, sequencing libraries were prepared using TruSeq RNA Sample Preparation kit v2 (RS-122-2001 and RS-122-2002, Illumina). Sequencing of the RNA libraries was performed on an Illumina HiSeq2500 in 100-bp paired-end mode of the TruSeq Rapid PE Cluster kit and the TruSeq Rapid SBS kit.","9606","RNA-Seq data was analyzed using the RSEM42 pipeline with hg19 as the genome reference","Genome_build: hg19","Supplementary_files_format_and_content: expression matrix with gene expression by samples in TPM units","GPL16791","Zhengyan,,Kan","Computational Biology, Oncology Research & Development","Pfizer","10770 Science Center Drive","San Diego","CA","92121","USA","0","Illumina HiSeq 2500","cDNA","transcriptomic","RNA-Seq","BioSample: https://www.ncbi.nlm.nih.gov/biosample/SAMN10593158","NONE","31.51388889","No","0","Not Detected","Not Detected","Invasive ductal carcinoma","20.15757706","0.072234696","0.000594343","0.642007293","0.045370936","4.244502327","8","8","1","Positive","Female","0","0","0","Negative","2","20-30%","1","1","<10%","0.001056846","0","Premenopausal","0","48","AC+T","2","0","0","0","0","Negative","29.99973107","0","ER+","ER+","ER+","LumB","0","1","503","29.3676325484449","T1","17127700","cT2N1M0","1","3.106359853","0.318387279","0.318387279","0.2","10(Tis)"
"GSM3514105","OB_16_0215_2","GSM3514105","Public on Oct 12 2020","Dec 14 2018","Oct 12 2020","SRA","1","Primary Tumor","Homo sapiens","gender: Female","age: 31.51388889","menopausal_status: Premenopausal","bc_family_history: No","brca1_status: Not Detected","brca2_status: Not Detected","cell_type_diagnosis: Invasive ductal carcinoma","er_status_diagnosis: 1","er_score_diagnosis: 8","pr_status_diagnosis: 0","pr_score_diagnosis: 0","her2_status_diagnosis: 0","her2_score_diagnosis: 0","ki67_status_diagnosis: 1","ki67_diagnosis: 20-30%","tnm_stage_clinical: cT2N1M0","nac_drug: AC+T","er_status_surgery: Positive","er_score_surgery: 8","pr_status_surgery: Negative","pr_score_surgery: 0","her2_status_surgery: Negative","her2_score_surgery: 0","ki67_status_surgery: 1","ki67_surgery: <10%","histological_grade: 2","nuclear_grade: 2","lymphovascular_invasion: 0","bilaterality: 0","multiplicity: 0","surgery_type: 0","surgical_site: 1","tumor_size: 10(Tis)","regional_lymph_nodes: 0","tnm_stage_pathologic: 1","pcr_status: 0","proliferative_index: 2.491987277","cyt_score: 8.467047892","subtype_pam50: LumA","subtype_nmc: ER+","subtype_ihc: ER+","tumor_purity_pathology: 0.7","cin_score: 31.74972023","tumor_purity_facets: 0.433014471","tumor_purity_consensus: 0.433014471","tumor_ploidy: 3.053704362","cnv_burden_del: 0.028659905","cnv_burden_hemizygote: 0.025393036","loh_burden_burden: 0","cnv_burden_gain: 0.435551339","cnv_burden_amp: 0.191581736","til_count: 3665","tissue_area: 28797800","til_density: 127.266666203668","time: T2","subtype_consensus: ER+","mut_load: 132","total RNA","For RNA-Seq, sequencing libraries were prepared using TruSeq RNA Sample Preparation kit v2 (RS-122-2001 and RS-122-2002, Illumina). Sequencing of the RNA libraries was performed on an Illumina HiSeq2500 in 100-bp paired-end mode of the TruSeq Rapid PE Cluster kit and the TruSeq Rapid SBS kit.","9606","RNA-Seq data was analyzed using the RSEM42 pipeline with hg19 as the genome reference","Genome_build: hg19","Supplementary_files_format_and_content: expression matrix with gene expression by samples in TPM units","GPL16791","Zhengyan,,Kan","Computational Biology, Oncology Research & Development","Pfizer","10770 Science Center Drive","San Diego","CA","92121","USA","0","Illumina HiSeq 2500","cDNA","transcriptomic","RNA-Seq","BioSample: https://www.ncbi.nlm.nih.gov/biosample/SAMN10593157","NONE","31.51388889","No","0","Not Detected","Not Detected","Invasive ductal carcinoma","31.74972023","0.191581736","0.028659905","0.435551339","0.025393036","8.467047892","8","8","1","Positive","Female","0","0","0","Negative","2","20-30%","1","1","<10%","0","0","Premenopausal","0","132","AC+T","2","0","0","0","0","Negative","2.491987277","0","ER+","ER+","ER+","LumA","0","1","3665","127.266666203668","T2","28797800","cT2N1M0","1","3.053704362","0.433014471","0.433014471","0.7","10(Tis)"
"GSM3514106","OB_16_0221_1","GSM3514106","Public on Oct 12 2020","Dec 14 2018","Oct 12 2020","SRA","1","Primary Tumor","Homo sapiens","gender: Female","age: 44.41111111","menopausal_status: Premenopausal","bc_family_history: Yes","brca1_status: 999","brca2_status: 999","cell_type_diagnosis: Invasive ductal carcinoma","er_status_diagnosis: 1","er_score_diagnosis: 7","pr_status_diagnosis: 1","pr_score_diagnosis: 8","her2_status_diagnosis: 1","her2_score_diagnosis: 3","ki67_status_diagnosis: 3","ki67_diagnosis: 60-70%","tnm_stage_clinical: cT3N2M0","nac_drug: TCHP","er_status_surgery: Positive","er_score_surgery: 7","pr_status_surgery: Positive","pr_score_surgery: 8","her2_status_surgery: Positive","her2_score_surgery: 3","ki67_status_surgery: 1","ki67_surgery: <5%","histological_grade: 2","nuclear_grade: 2","lymphovascular_invasion: 0","bilaterality: 1","multiplicity: 0","surgery_type: 0","surgical_site: 4","tumor_size: 9.5","regional_lymph_nodes: 0","tnm_stage_pathologic: 9","pcr_status: 1","proliferative_index: 9.537831084","cyt_score: 3.522768797","subtype_pam50: LumA","subtype_nmc: ER+HER2+","subtype_ihc: ER+HER2+","tumor_purity_pathology: 0.7","cin_score: 9.76550098","tumor_purity_facets: 0.208316896","tumor_purity_consensus: 0.208316896","tumor_ploidy: 3.367655206","cnv_burden_del: 0","cnv_burden_hemizygote: 0.001129569","loh_burden_burden: 0","cnv_burden_gain: 0.679558401","cnv_burden_amp: 0.045653938","til_count: 569","tissue_area: 22544500","til_density: 25.2389718113065","time: T1","subtype_consensus: ER+HER2+","mut_load: 22","total RNA","For RNA-Seq, sequencing libraries were prepared using TruSeq RNA Sample Preparation kit v2 (RS-122-2001 and RS-122-2002, Illumina). Sequencing of the RNA libraries was performed on an Illumina HiSeq2500 in 100-bp paired-end mode of the TruSeq Rapid PE Cluster kit and the TruSeq Rapid SBS kit.","9606","RNA-Seq data was analyzed using the RSEM42 pipeline with hg19 as the genome reference","Genome_build: hg19","Supplementary_files_format_and_content: expression matrix with gene expression by samples in TPM units","GPL16791","Zhengyan,,Kan","Computational Biology, Oncology Research & Development","Pfizer","10770 Science Center Drive","San Diego","CA","92121","USA","0","Illumina HiSeq 2500","cDNA","transcriptomic","RNA-Seq","BioSample: https://www.ncbi.nlm.nih.gov/biosample/SAMN10593156","NONE","44.41111111","Yes","1","999","999","Invasive ductal carcinoma","9.76550098","0.045653938","0","0.679558401","0.001129569","3.522768797","7","7","1","Positive","Female","3","3","1","Positive","2","60-70%","3","1","<5%","0","0","Premenopausal","0","22","TCHP","2","1","8","8","1","Positive","9.537831084","0","ER+HER2+","ER+HER2+","ER+HER2+","LumA","0","4","569","25.2389718113065","T1","22544500","cT3N2M0","9","3.367655206","0.208316896","0.208316896","0.7","9.5"
"GSM3514107","OB_16_0234_1","GSM3514107","Public on Oct 12 2020","Dec 14 2018","Oct 12 2020","SRA","1","Primary Tumor","Homo sapiens","gender: Female","age: 39.46944444","menopausal_status: Premenopausal","bc_family_history: No","brca1_status: Not Detected","brca2_status: Not Detected","cell_type_diagnosis: Invasive ductal carcinoma","er_status_diagnosis: 0","er_score_diagnosis: 0","pr_status_diagnosis: 0","pr_score_diagnosis: 0","her2_status_diagnosis: 1","her2_score_diagnosis: 3","ki67_status_diagnosis: 3","ki67_diagnosis: 50-60%","tnm_stage_clinical: cT2N2M0","nac_drug: TCHP","er_status_surgery: Negative","er_score_surgery: 0","pr_status_surgery: Negative","pr_score_surgery: 0","her2_status_surgery: Positive","her2_score_surgery: 3","ki67_status_surgery: 2","ki67_surgery: 40-50%","histological_grade: 2","nuclear_grade: 3","lymphovascular_invasion: 0","bilaterality: 0","multiplicity: 0","surgery_type: 1","surgical_site: 2","tumor_size: 0.9","regional_lymph_nodes: 0","tnm_stage_pathologic: 2","pcr_status: 1","proliferative_index: 16.49260422","cyt_score: 13.32521294","subtype_pam50: Her2","subtype_nmc: HER2+","subtype_ihc: HER2+","tumor_purity_pathology: 0.4","cin_score: 22.44426704","tumor_purity_facets: 0.292640277","tumor_purity_consensus: 0.292640277","tumor_ploidy: 2.01022218","cnv_burden_del: 0.049314088","cnv_burden_hemizygote: 0.183516257","loh_burden_burden: 0.013229843","cnv_burden_gain: 0.211172692","cnv_burden_amp: 0.026280777","til_count: 401","tissue_area: 7822740","til_density: 51.2608114292435","time: T1","subtype_consensus: HER2+","mut_load: 29","total RNA","For RNA-Seq, sequencing libraries were prepared using TruSeq RNA Sample Preparation kit v2 (RS-122-2001 and RS-122-2002, Illumina). Sequencing of the RNA libraries was performed on an Illumina HiSeq2500 in 100-bp paired-end mode of the TruSeq Rapid PE Cluster kit and the TruSeq Rapid SBS kit.","9606","RNA-Seq data was analyzed using the RSEM42 pipeline with hg19 as the genome reference","Genome_build: hg19","Supplementary_files_format_and_content: expression matrix with gene expression by samples in TPM units","GPL16791","Zhengyan,,Kan","Computational Biology, Oncology Research & Development","Pfizer","10770 Science Center Drive","San Diego","CA","92121","USA","0","Illumina HiSeq 2500","cDNA","transcriptomic","RNA-Seq","BioSample: https://www.ncbi.nlm.nih.gov/biosample/SAMN10593155","NONE","39.46944444","No","0","Not Detected","Not Detected","Invasive ductal carcinoma","22.44426704","0.026280777","0.049314088","0.211172692","0.183516257","13.32521294","0","0","0","Negative","Female","3","3","1","Positive","2","50-60%","3","2","40-50%","0.013229843","0","Premenopausal","0","29","TCHP","3","1","0","0","0","Negative","16.49260422","0","HER2+","HER2+","HER2+","Her2","1","2","401","51.2608114292435","T1","7822740","cT2N2M0","2","2.01022218","0.292640277","0.292640277","0.4","0.9"
"GSM3514108","OB_16_0234_2","GSM3514108","Public on Oct 12 2020","Dec 14 2018","Oct 12 2020","SRA","1","Primary Tumor","Homo sapiens","gender: Female","age: 39.46944444","menopausal_status: Premenopausal","bc_family_history: No","brca1_status: Not Detected","brca2_status: Not Detected","cell_type_diagnosis: Invasive ductal carcinoma","er_status_diagnosis: 0","er_score_diagnosis: 0","pr_status_diagnosis: 0","pr_score_diagnosis: 0","her2_status_diagnosis: 1","her2_score_diagnosis: 3","ki67_status_diagnosis: 3","ki67_diagnosis: 50-60%","tnm_stage_clinical: cT2N2M0","nac_drug: TCHP","er_status_surgery: Negative","er_score_surgery: 0","pr_status_surgery: Negative","pr_score_surgery: 0","her2_status_surgery: Positive","her2_score_surgery: 3","ki67_status_surgery: 2","ki67_surgery: 40-50%","histological_grade: 2","nuclear_grade: 3","lymphovascular_invasion: 0","bilaterality: 0","multiplicity: 0","surgery_type: 1","surgical_site: 2","tumor_size: 0.9","regional_lymph_nodes: 0","tnm_stage_pathologic: 2","pcr_status: 1","proliferative_index: 27.22674687","cyt_score: 10.929021","subtype_pam50: Her2","subtype_nmc: HER2+","subtype_ihc: HER2+","tumor_purity_pathology: 0.5","cin_score: 24.71728047","tumor_purity_facets: 0.284328545","tumor_purity_consensus: 0.284328545","tumor_ploidy: 1.760426221","cnv_burden_del: 0.039439869","cnv_burden_hemizygote: 0.163567002","loh_burden_burden: 0","cnv_burden_gain: 0.304669595","cnv_burden_amp: 0","til_count: 3517","tissue_area: 22868000","til_density: 153.795697043904","time: T2","subtype_consensus: HER2+","mut_load: 5","total RNA","For RNA-Seq, sequencing libraries were prepared using TruSeq RNA Sample Preparation kit v2 (RS-122-2001 and RS-122-2002, Illumina). Sequencing of the RNA libraries was performed on an Illumina HiSeq2500 in 100-bp paired-end mode of the TruSeq Rapid PE Cluster kit and the TruSeq Rapid SBS kit.","9606","RNA-Seq data was analyzed using the RSEM42 pipeline with hg19 as the genome reference","Genome_build: hg19","Supplementary_files_format_and_content: expression matrix with gene expression by samples in TPM units","GPL16791","Zhengyan,,Kan","Computational Biology, Oncology Research & Development","Pfizer","10770 Science Center Drive","San Diego","CA","92121","USA","0","Illumina HiSeq 2500","cDNA","transcriptomic","RNA-Seq","BioSample: https://www.ncbi.nlm.nih.gov/biosample/SAMN10593154","NONE","39.46944444","No","0","Not Detected","Not Detected","Invasive ductal carcinoma","24.71728047","0","0.039439869","0.304669595","0.163567002","10.929021","0","0","0","Negative","Female","3","3","1","Positive","2","50-60%","3","2","40-50%","0","0","Premenopausal","0","5","TCHP","3","1","0","0","0","Negative","27.22674687","0","HER2+","HER2+","HER2+","Her2","1","2","3517","153.795697043904","T2","22868000","cT2N2M0","2","1.760426221","0.284328545","0.284328545","0.5","0.9"
"GSM3514109","OB_16_0237_1","GSM3514109","Public on Oct 12 2020","Dec 14 2018","Oct 12 2020","SRA","1","Primary Tumor","Homo sapiens","gender: Female","age: 58.55833333","menopausal_status: Postmenopausal","bc_family_history: No","brca1_status: 999","brca2_status: 999","cell_type_diagnosis: Invasive ductal carcinoma","er_status_diagnosis: 0","er_score_diagnosis: 0","pr_status_diagnosis: 0","pr_score_diagnosis: 3","her2_status_diagnosis: 0","her2_score_diagnosis: 0","ki67_status_diagnosis: 4","ki67_diagnosis: 70-80%","tnm_stage_clinical: cT1N1-2M0","nac_drug: AC+T","er_status_surgery: 999","er_score_surgery: 999","pr_status_surgery: 999","pr_score_surgery: 999","her2_status_surgery: 999","her2_score_surgery: 999","ki67_status_surgery: 999","ki67_surgery: 999","histological_grade: 999","nuclear_grade: 999","lymphovascular_invasion: 999","bilaterality: 0","multiplicity: 0","surgery_type: 1","surgical_site: 2","tumor_size: 0","regional_lymph_nodes: 0","tnm_stage_pathologic: 77","pcr_status: 0","proliferative_index: 33.30181452","cyt_score: 39.00199995","subtype_pam50: Basal","subtype_nmc: TN","subtype_ihc: TN","tumor_purity_pathology: 0.3","cin_score: 38.87977824","tumor_purity_facets: 0.331876477","tumor_purity_consensus: 0.331876477","tumor_ploidy: 1.787054197","cnv_burden_del: 0.089167906","cnv_burden_hemizygote: 0.18881849","loh_burden_burden: 0.00698068","cnv_burden_gain: 0.34895756","cnv_burden_amp: 0.006011983","til_count: 1959","tissue_area: 21562400","til_density: 90.8525952584128","time: T1","subtype_consensus: TN","mut_load: 96","total RNA","For RNA-Seq, sequencing libraries were prepared using TruSeq RNA Sample Preparation kit v2 (RS-122-2001 and RS-122-2002, Illumina). Sequencing of the RNA libraries was performed on an Illumina HiSeq2500 in 100-bp paired-end mode of the TruSeq Rapid PE Cluster kit and the TruSeq Rapid SBS kit.","9606","RNA-Seq data was analyzed using the RSEM42 pipeline with hg19 as the genome reference","Genome_build: hg19","Supplementary_files_format_and_content: expression matrix with gene expression by samples in TPM units","GPL16791","Zhengyan,,Kan","Computational Biology, Oncology Research & Development","Pfizer","10770 Science Center Drive","San Diego","CA","92121","USA","0","Illumina HiSeq 2500","cDNA","transcriptomic","RNA-Seq","BioSample: https://www.ncbi.nlm.nih.gov/biosample/SAMN10593153","NONE","58.55833333","No","0","999","999","Invasive ductal carcinoma","38.87977824","0.006011983","0.089167906","0.34895756","0.18881849","39.00199995","0","999","0","999","Female","0","999","0","999","999","70-80%","4","999","999","0.00698068","999","Postmenopausal","0","96","AC+T","999","0","3","999","0","999","33.30181452","0","TN","TN","TN","Basal","1","2","1959","90.8525952584128","T1","21562400","cT1N1-2M0","77","1.787054197","0.331876477","0.331876477","0.3","0"
"GSM3514110","OB_16_0240_1","GSM3514110","Public on Oct 12 2020","Dec 14 2018","Oct 12 2020","SRA","1","Primary Tumor","Homo sapiens","gender: Female","age: 48.225","menopausal_status: Premenopausal","bc_family_history: No","brca1_status: 999","brca2_status: 999","cell_type_diagnosis: Invasive ductal carcinoma","er_status_diagnosis: 1","er_score_diagnosis: 7","pr_status_diagnosis: 1","pr_score_diagnosis: 8","her2_status_diagnosis: 1","her2_score_diagnosis: 2","ki67_status_diagnosis: 1","ki67_diagnosis: 10-20%","tnm_stage_clinical: cT3N3M0","nac_drug: AC+T+Trastuzumab","er_status_surgery: Positive","er_score_surgery: 7","pr_status_surgery: Positive","pr_score_surgery: 7","her2_status_surgery: Negative","her2_score_surgery: 0","ki67_status_surgery: 2","ki67_surgery: 20-30%","histological_grade: 2","nuclear_grade: 3","lymphovascular_invasion: 1","bilaterality: 0","multiplicity: 1","surgery_type: 0","surgical_site: 1","tumor_size: 0.4","regional_lymph_nodes: 6","tnm_stage_pathologic: 11","pcr_status: 1","proliferative_index: 14.7081969","cyt_score: 3.512150338","subtype_pam50: LumB","subtype_nmc: ER+","subtype_ihc: ER+HER2+","tumor_purity_pathology: 0.4","cin_score: 41.97132316","tumor_purity_facets: 0.385929064","tumor_purity_consensus: 0.385929064","tumor_ploidy: 2.838585366","cnv_burden_del: 0.082478559","cnv_burden_hemizygote: 0.081481424","loh_burden_burden: 0.028083378","cnv_burden_gain: 0.285763971","cnv_burden_amp: 0.289454332","til_count: 1574","tissue_area: 23649300","til_density: 66.5558811465879","time: T1","subtype_consensus: ER+HER2+","mut_load: 12","total RNA","For RNA-Seq, sequencing libraries were prepared using TruSeq RNA Sample Preparation kit v2 (RS-122-2001 and RS-122-2002, Illumina). Sequencing of the RNA libraries was performed on an Illumina HiSeq2500 in 100-bp paired-end mode of the TruSeq Rapid PE Cluster kit and the TruSeq Rapid SBS kit.","9606","RNA-Seq data was analyzed using the RSEM42 pipeline with hg19 as the genome reference","Genome_build: hg19","Supplementary_files_format_and_content: expression matrix with gene expression by samples in TPM units","GPL16791","Zhengyan,,Kan","Computational Biology, Oncology Research & Development","Pfizer","10770 Science Center Drive","San Diego","CA","92121","USA","0","Illumina HiSeq 2500","cDNA","transcriptomic","RNA-Seq","BioSample: https://www.ncbi.nlm.nih.gov/biosample/SAMN10593152","NONE","48.225","No","0","999","999","Invasive ductal carcinoma","41.97132316","0.289454332","0.082478559","0.285763971","0.081481424","3.512150338","7","7","1","Positive","Female","2","0","1","Negative","2","10-20%","1","2","20-30%","0.028083378","1","Premenopausal","1","12","AC+T+Trastuzumab","3","1","8","7","1","Positive","14.7081969","6","ER+HER2+","ER+HER2+","ER+","LumB","0","1","1574","66.5558811465879","T1","23649300","cT3N3M0","11","2.838585366","0.385929064","0.385929064","0.4","0.4"
"GSM3514111","OB_16_0240_2","GSM3514111","Public on Oct 12 2020","Dec 14 2018","Oct 12 2020","SRA","1","Primary Tumor","Homo sapiens","gender: Female","age: 48.225","menopausal_status: Premenopausal","bc_family_history: No","brca1_status: 999","brca2_status: 999","cell_type_diagnosis: Invasive ductal carcinoma","er_status_diagnosis: 1","er_score_diagnosis: 7","pr_status_diagnosis: 1","pr_score_diagnosis: 8","her2_status_diagnosis: 1","her2_score_diagnosis: 2","ki67_status_diagnosis: 1","ki67_diagnosis: 10-20%","tnm_stage_clinical: cT3N3M0","nac_drug: AC+T+Trastuzumab","er_status_surgery: Positive","er_score_surgery: 7","pr_status_surgery: Positive","pr_score_surgery: 7","her2_status_surgery: Negative","her2_score_surgery: 0","ki67_status_surgery: 2","ki67_surgery: 20-30%","histological_grade: 2","nuclear_grade: 3","lymphovascular_invasion: 1","bilaterality: 0","multiplicity: 1","surgery_type: 0","surgical_site: 1","tumor_size: 0.4","regional_lymph_nodes: 6","tnm_stage_pathologic: 11","pcr_status: 1","proliferative_index: 14.81497343","cyt_score: 4.787640337","subtype_pam50: LumA","subtype_nmc: ER+","subtype_ihc: ER+HER2+","tumor_purity_pathology: 0.3","cin_score: 15.86265825","tumor_purity_facets: 0.430701036","tumor_purity_consensus: 0.430701036","tumor_ploidy: 3.391822454","cnv_burden_del: 0","cnv_burden_hemizygote: 0.00010882","loh_burden_burden: 0.030561047","cnv_burden_gain: 0.51866144","cnv_burden_amp: 0.327109348","til_count: 489","tissue_area: 18542300","til_density: 26.3721329069209","time: T2","subtype_consensus: ER+HER2+","mut_load: 19","total RNA","For RNA-Seq, sequencing libraries were prepared using TruSeq RNA Sample Preparation kit v2 (RS-122-2001 and RS-122-2002, Illumina). Sequencing of the RNA libraries was performed on an Illumina HiSeq2500 in 100-bp paired-end mode of the TruSeq Rapid PE Cluster kit and the TruSeq Rapid SBS kit.","9606","RNA-Seq data was analyzed using the RSEM42 pipeline with hg19 as the genome reference","Genome_build: hg19","Supplementary_files_format_and_content: expression matrix with gene expression by samples in TPM units","GPL16791","Zhengyan,,Kan","Computational Biology, Oncology Research & Development","Pfizer","10770 Science Center Drive","San Diego","CA","92121","USA","0","Illumina HiSeq 2500","cDNA","transcriptomic","RNA-Seq","BioSample: https://www.ncbi.nlm.nih.gov/biosample/SAMN10593151","NONE","48.225","No","0","999","999","Invasive ductal carcinoma","15.86265825","0.327109348","0","0.51866144","0.00010882","4.787640337","7","7","1","Positive","Female","2","0","1","Negative","2","10-20%","1","2","20-30%","0.030561047","1","Premenopausal","1","19","AC+T+Trastuzumab","3","1","8","7","1","Positive","14.81497343","6","ER+HER2+","ER+HER2+","ER+","LumA","0","1","489","26.3721329069209","T2","18542300","cT3N3M0","11","3.391822454","0.430701036","0.430701036","0.3","0.4"
"GSM3514112","OB_16_0243_1","GSM3514112","Public on Oct 12 2020","Dec 14 2018","Oct 12 2020","SRA","1","Primary Tumor","Homo sapiens","gender: Female","age: 43.11666667","menopausal_status: Premenopausal","bc_family_history: No","brca1_status: 999","brca2_status: 999","cell_type_diagnosis: Invasive ductal carcinoma","er_status_diagnosis: 1","er_score_diagnosis: 8","pr_status_diagnosis: 1","pr_score_diagnosis: 4","her2_status_diagnosis: 1","her2_score_diagnosis: 3","ki67_status_diagnosis: 4","ki67_diagnosis: 70-80%","tnm_stage_clinical: cT4N0-1M0","nac_drug: AC+T+Trastuzumab","er_status_surgery: Positive","er_score_surgery: 6","pr_status_surgery: Positive","pr_score_surgery: 6","her2_status_surgery: Positive","her2_score_surgery: 3","ki67_status_surgery: 1","ki67_surgery: 20-30%","histological_grade: 2","nuclear_grade: 2","lymphovascular_invasion: 0","bilaterality: 0","multiplicity: 0","surgery_type: 0","surgical_site: 1","tumor_size: 700x600<U+339B>","regional_lymph_nodes: 0","tnm_stage_pathologic: 2","pcr_status: 1","proliferative_index: 38.11698703","cyt_score: 6.702432394","subtype_pam50: LumB","subtype_nmc: ER+HER2+","subtype_ihc: ER+HER2+","tumor_purity_pathology: 0.3","cin_score: 23.38175585","tumor_purity_facets: 0.254488721","tumor_purity_consensus: 0.254488721","tumor_ploidy: 3.689113837","cnv_burden_del: 0.014339235","cnv_burden_hemizygote: 0.043819421","loh_burden_burden: 0","cnv_burden_gain: 0.584572671","cnv_burden_amp: 0.205523105","til_count: 1987","tissue_area: 29577500","til_density: 67.1794438339954","time: T1","subtype_consensus: ER+HER2+","mut_load: 18","total RNA","For RNA-Seq, sequencing libraries were prepared using TruSeq RNA Sample Preparation kit v2 (RS-122-2001 and RS-122-2002, Illumina). Sequencing of the RNA libraries was performed on an Illumina HiSeq2500 in 100-bp paired-end mode of the TruSeq Rapid PE Cluster kit and the TruSeq Rapid SBS kit.","9606","RNA-Seq data was analyzed using the RSEM42 pipeline with hg19 as the genome reference","Genome_build: hg19","Supplementary_files_format_and_content: expression matrix with gene expression by samples in TPM units","GPL16791","Zhengyan,,Kan","Computational Biology, Oncology Research & Development","Pfizer","10770 Science Center Drive","San Diego","CA","92121","USA","0","Illumina HiSeq 2500","cDNA","transcriptomic","RNA-Seq","BioSample: https://www.ncbi.nlm.nih.gov/biosample/SAMN10593150","NONE","43.11666667","No","0","999","999","Invasive ductal carcinoma","23.38175585","0.205523105","0.014339235","0.584572671","0.043819421","6.702432394","8","6","1","Positive","Female","3","3","1","Positive","2","70-80%","4","1","20-30%","0","0","Premenopausal","0","18","AC+T+Trastuzumab","2","1","4","6","1","Positive","38.11698703","0","ER+HER2+","ER+HER2+","ER+HER2+","LumB","0","1","1987","67.1794438339954","T1","29577500","cT4N0-1M0","2","3.689113837","0.254488721","0.254488721","0.3","700x600<U+339B>"
"GSM3514113","OB_16_0243_2","GSM3514113","Public on Oct 12 2020","Dec 14 2018","Oct 12 2020","SRA","1","Primary Tumor","Homo sapiens","gender: Female","age: 43.11666667","menopausal_status: Premenopausal","bc_family_history: No","brca1_status: 999","brca2_status: 999","cell_type_diagnosis: Invasive ductal carcinoma","er_status_diagnosis: 1","er_score_diagnosis: 8","pr_status_diagnosis: 1","pr_score_diagnosis: 4","her2_status_diagnosis: 1","her2_score_diagnosis: 3","ki67_status_diagnosis: 4","ki67_diagnosis: 70-80%","tnm_stage_clinical: cT4N0-1M0","nac_drug: AC+T+Trastuzumab","er_status_surgery: Positive","er_score_surgery: 6","pr_status_surgery: Positive","pr_score_surgery: 6","her2_status_surgery: Positive","her2_score_surgery: 3","ki67_status_surgery: 1","ki67_surgery: 20-30%","histological_grade: 2","nuclear_grade: 2","lymphovascular_invasion: 0","bilaterality: 0","multiplicity: 0","surgery_type: 0","surgical_site: 1","tumor_size: 700x600<U+339B>","regional_lymph_nodes: 0","tnm_stage_pathologic: 2","pcr_status: 1","proliferative_index: 29.23576584","cyt_score: 4.6070598","subtype_pam50: LumB","subtype_nmc: ER+HER2+","subtype_ihc: ER+HER2+","tumor_purity_pathology: 0.9","cin_score: 18.18297643","tumor_purity_facets: 0.337602526","tumor_purity_consensus: 0.337602526","tumor_ploidy: 3.823485079","cnv_burden_del: 0","cnv_burden_hemizygote: 0.015111241","loh_burden_burden: 0.050646177","cnv_burden_gain: 0.67661337","cnv_burden_amp: 0.185825452","til_count: 2715","tissue_area: 26591000","til_density: 102.102215035162","time: T2","subtype_consensus: ER+HER2+","mut_load: 32","total RNA","For RNA-Seq, sequencing libraries were prepared using TruSeq RNA Sample Preparation kit v2 (RS-122-2001 and RS-122-2002, Illumina). Sequencing of the RNA libraries was performed on an Illumina HiSeq2500 in 100-bp paired-end mode of the TruSeq Rapid PE Cluster kit and the TruSeq Rapid SBS kit.","9606","RNA-Seq data was analyzed using the RSEM42 pipeline with hg19 as the genome reference","Genome_build: hg19","Supplementary_files_format_and_content: expression matrix with gene expression by samples in TPM units","GPL16791","Zhengyan,,Kan","Computational Biology, Oncology Research & Development","Pfizer","10770 Science Center Drive","San Diego","CA","92121","USA","0","Illumina HiSeq 2500","cDNA","transcriptomic","RNA-Seq","BioSample: https://www.ncbi.nlm.nih.gov/biosample/SAMN10593149","NONE","43.11666667","No","0","999","999","Invasive ductal carcinoma","18.18297643","0.185825452","0","0.67661337","0.015111241","4.6070598","8","6","1","Positive","Female","3","3","1","Positive","2","70-80%","4","1","20-30%","0.050646177","0","Premenopausal","0","32","AC+T+Trastuzumab","2","1","4","6","1","Positive","29.23576584","0","ER+HER2+","ER+HER2+","ER+HER2+","LumB","0","1","2715","102.102215035162","T2","26591000","cT4N0-1M0","2","3.823485079","0.337602526","0.337602526","0.9","700x600<U+339B>"
"GSM3514114","OB_16_0244_2","GSM3514114","Public on Oct 12 2020","Dec 14 2018","Oct 12 2020","SRA","1","Primary Tumor","Homo sapiens","gender: Female","age: 46","menopausal_status: Premenopausal","bc_family_history: No","brca1_status: 999","brca2_status: 999","cell_type_diagnosis: Invasive ductal carcinoma","er_status_diagnosis: 1","er_score_diagnosis: 8","pr_status_diagnosis: 1","pr_score_diagnosis: 7","her2_status_diagnosis: 1","her2_score_diagnosis: 3","ki67_status_diagnosis: 1","ki67_diagnosis: 20-30%","tnm_stage_clinical: cT3N2M0","nac_drug: AC+T+Trastuzumab","er_status_surgery: Positive","er_score_surgery: 8","pr_status_surgery: Positive","pr_score_surgery: 8","her2_status_surgery: Positive","her2_score_surgery: 3","ki67_status_surgery: 1","ki67_surgery: 1-5%","histological_grade: 1","nuclear_grade: 1","lymphovascular_invasion: 1","bilaterality: 0","multiplicity: 0","surgery_type: 1","surgical_site: 1","tumor_size: 1","regional_lymph_nodes: 0","tnm_stage_pathologic: 2","pcr_status: 1","proliferative_index: 13.11590216","cyt_score: 8.859977427","subtype_pam50: LumA","subtype_nmc: ER+HER2+","subtype_ihc: ER+HER2+","tumor_purity_pathology: 0.4","cin_score: 35.57735586","tumor_purity_facets: 0.328001251","tumor_purity_consensus: 0.328001251","tumor_ploidy: 3.910034342","cnv_burden_del: 0.000448205","cnv_burden_hemizygote: 0.030906798","loh_burden_burden: 0.011898737","cnv_burden_gain: 0.688241677","cnv_burden_amp: 0.033993067","til_count: 4322","tissue_area: 22630900","til_density: 190.977822357927","time: T2","subtype_consensus: ER+HER2+","mut_load: 17","total RNA","For RNA-Seq, sequencing libraries were prepared using TruSeq RNA Sample Preparation kit v2 (RS-122-2001 and RS-122-2002, Illumina). Sequencing of the RNA libraries was performed on an Illumina HiSeq2500 in 100-bp paired-end mode of the TruSeq Rapid PE Cluster kit and the TruSeq Rapid SBS kit.","9606","RNA-Seq data was analyzed using the RSEM42 pipeline with hg19 as the genome reference","Genome_build: hg19","Supplementary_files_format_and_content: expression matrix with gene expression by samples in TPM units","GPL16791","Zhengyan,,Kan","Computational Biology, Oncology Research & Development","Pfizer","10770 Science Center Drive","San Diego","CA","92121","USA","0","Illumina HiSeq 2500","cDNA","transcriptomic","RNA-Seq","BioSample: https://www.ncbi.nlm.nih.gov/biosample/SAMN10593148","NONE","46","No","0","999","999","Invasive ductal carcinoma","35.57735586","0.033993067","0.000448205","0.688241677","0.030906798","8.859977427","8","8","1","Positive","Female","3","3","1","Positive","1","20-30%","1","1","1-5%","0.011898737","1","Premenopausal","0","17","AC+T+Trastuzumab","1","1","7","8","1","Positive","13.11590216","0","ER+HER2+","ER+HER2+","ER+HER2+","LumA","1","1","4322","190.977822357927","T2","22630900","cT3N2M0","2","3.910034342","0.328001251","0.328001251","0.4","1"
"GSM3514115","OB_16_0253_1","GSM3514115","Public on Oct 12 2020","Dec 14 2018","Oct 12 2020","SRA","1","Primary Tumor","Homo sapiens","gender: Female","age: 68.14166667","menopausal_status: Postmenopausal","bc_family_history: No","brca1_status: 999","brca2_status: 999","cell_type_diagnosis: Invasive ductal carcinoma","er_status_diagnosis: 1","er_score_diagnosis: 5","pr_status_diagnosis: 0","pr_score_diagnosis: 0","her2_status_diagnosis: 1","her2_score_diagnosis: 3","ki67_status_diagnosis: 2","ki67_diagnosis: 20-30%","tnm_stage_clinical: cT2N2-3M0","nac_drug: AC+T+Trastuzumab","er_status_surgery: 999","er_score_surgery: 999","pr_status_surgery: 999","pr_score_surgery: 999","her2_status_surgery: 999","her2_score_surgery: 999","ki67_status_surgery: 999","ki67_surgery: 999","histological_grade: 999","nuclear_grade: 999","lymphovascular_invasion: 999","bilaterality: 0","multiplicity: 0","surgery_type: 1","surgical_site: 1","tumor_size: 0","regional_lymph_nodes: 0","tnm_stage_pathologic: 77","pcr_status: 0","proliferative_index: 4.034319194","cyt_score: 39.97784136","subtype_pam50: Normal","subtype_nmc: ER+","subtype_ihc: ER+HER2+","tumor_purity_pathology: 0.2","cin_score: 19.24698072","tumor_purity_facets: 0.295893748","tumor_purity_consensus: 0.295893748","tumor_ploidy: 2.925799292","cnv_burden_del: 0.005193621","cnv_burden_hemizygote: 0.050398829","loh_burden_burden: 0","cnv_burden_gain: 0.665348031","cnv_burden_amp: 0.063432259","til_count: 2556","tissue_area: 13494100","til_density: 189.416115191084","time: T1","subtype_consensus: ER+HER2+","mut_load: NA","total RNA","For RNA-Seq, sequencing libraries were prepared using TruSeq RNA Sample Preparation kit v2 (RS-122-2001 and RS-122-2002, Illumina). Sequencing of the RNA libraries was performed on an Illumina HiSeq2500 in 100-bp paired-end mode of the TruSeq Rapid PE Cluster kit and the TruSeq Rapid SBS kit.","9606","RNA-Seq data was analyzed using the RSEM42 pipeline with hg19 as the genome reference","Genome_build: hg19","Supplementary_files_format_and_content: expression matrix with gene expression by samples in TPM units","GPL16791","Zhengyan,,Kan","Computational Biology, Oncology Research & Development","Pfizer","10770 Science Center Drive","San Diego","CA","92121","USA","0","Illumina HiSeq 2500","cDNA","transcriptomic","RNA-Seq","BioSample: https://www.ncbi.nlm.nih.gov/biosample/SAMN10593147","NONE","68.14166667","No","0","999","999","Invasive ductal carcinoma","19.24698072","0.063432259","0.005193621","0.665348031","0.050398829","39.97784136","5","999","1","999","Female","3","999","1","999","999","20-30%","2","999","999","0","999","Postmenopausal","0","NA","AC+T+Trastuzumab","999","0","0","999","0","999","4.034319194","0","ER+HER2+","ER+HER2+","ER+","Normal","1","1","2556","189.416115191084","T1","13494100","cT2N2-3M0","77","2.925799292","0.295893748","0.295893748","0.2","0"
"GSM3514116","OB_16_0259_1","GSM3514116","Public on Oct 12 2020","Dec 14 2018","Oct 12 2020","SRA","1","Primary Tumor","Homo sapiens","gender: Female","age: 53.87222222","menopausal_status: Postmenopausal","bc_family_history: No","brca1_status: 999","brca2_status: 999","cell_type_diagnosis: Invasive ductal carcinoma","er_status_diagnosis: 0","er_score_diagnosis: 0","pr_status_diagnosis: 0","pr_score_diagnosis: 0","her2_status_diagnosis: 1","her2_score_diagnosis: 3","ki67_status_diagnosis: 2","ki67_diagnosis: 30-40%","tnm_stage_clinical: cT2N3M0","nac_drug: AC+T+Trastuzumab","er_status_surgery: Negative","er_score_surgery: 0","pr_status_surgery: Negative","pr_score_surgery: 0","her2_status_surgery: Positive","her2_score_surgery: 3","ki67_status_surgery: 1","ki67_surgery: <5%","histological_grade: 2","nuclear_grade: 2","lymphovascular_invasion: 1","bilaterality: 0","multiplicity: 1","surgery_type: 1","surgical_site: 1","tumor_size: 0.2","regional_lymph_nodes: 2","tnm_stage_pathologic: 6","pcr_status: 1","proliferative_index: 7.089115511","cyt_score: 18.26591908","subtype_pam50: LumA","subtype_nmc: ER+HER2+","subtype_ihc: HER2+","tumor_purity_pathology: 0.3","cin_score: 28.63742395","tumor_purity_facets: 0.491563042","tumor_purity_consensus: 0.491563042","tumor_ploidy: 3.063464955","cnv_burden_del: 0.008558211","cnv_burden_hemizygote: 0.010705937","loh_burden_burden: 0","cnv_burden_gain: 0.481430144","cnv_burden_amp: 0.16411194","til_count: 3090","tissue_area: 16050600","til_density: 192.516167619902","time: T1","subtype_consensus: HER2+","mut_load: 2","total RNA","For RNA-Seq, sequencing libraries were prepared using TruSeq RNA Sample Preparation kit v2 (RS-122-2001 and RS-122-2002, Illumina). Sequencing of the RNA libraries was performed on an Illumina HiSeq2500 in 100-bp paired-end mode of the TruSeq Rapid PE Cluster kit and the TruSeq Rapid SBS kit.","9606","RNA-Seq data was analyzed using the RSEM42 pipeline with hg19 as the genome reference","Genome_build: hg19","Supplementary_files_format_and_content: expression matrix with gene expression by samples in TPM units","GPL16791","Zhengyan,,Kan","Computational Biology, Oncology Research & Development","Pfizer","10770 Science Center Drive","San Diego","CA","92121","USA","0","Illumina HiSeq 2500","cDNA","transcriptomic","RNA-Seq","BioSample: https://www.ncbi.nlm.nih.gov/biosample/SAMN10593146","NONE","53.87222222","No","0","999","999","Invasive ductal carcinoma","28.63742395","0.16411194","0.008558211","0.481430144","0.010705937","18.26591908","0","0","0","Negative","Female","3","3","1","Positive","2","30-40%","2","1","<5%","0","1","Postmenopausal","1","2","AC+T+Trastuzumab","2","1","0","0","0","Negative","7.089115511","2","HER2+","HER2+","ER+HER2+","LumA","1","1","3090","192.516167619902","T1","16050600","cT2N3M0","6","3.063464955","0.491563042","0.491563042","0.3","0.2"
"GSM3514117","OB_16_0269_1","GSM3514117","Public on Oct 12 2020","Dec 14 2018","Oct 12 2020","SRA","1","Primary Tumor","Homo sapiens","gender: Female","age: 35.16666667","menopausal_status: Premenopausal","bc_family_history: No","brca1_status: Not Detected","brca2_status: Not Detected","cell_type_diagnosis: Invasive ductal carcinoma","er_status_diagnosis: 0","er_score_diagnosis: 0","pr_status_diagnosis: 0","pr_score_diagnosis: 0","her2_status_diagnosis: 0","her2_score_diagnosis: 0","ki67_status_diagnosis: 3","ki67_diagnosis: 70-80%","tnm_stage_clinical: cT1N1M0","nac_drug: AC+T","er_status_surgery: 999","er_score_surgery: 999","pr_status_surgery: 999","pr_score_surgery: 999","her2_status_surgery: 999","her2_score_surgery: 999","ki67_status_surgery: 999","ki67_surgery: 999","histological_grade: 999","nuclear_grade: 999","lymphovascular_invasion: 999","bilaterality: 0","multiplicity: 0","surgery_type: 1","surgical_site: 2","tumor_size: 0","regional_lymph_nodes: 0","tnm_stage_pathologic: 77","pcr_status: 0","proliferative_index: 53.02375099","cyt_score: 19.07906444","subtype_pam50: Basal","subtype_nmc: TN","subtype_ihc: TN","tumor_purity_pathology: 0.9","cin_score: 34.29147057","tumor_purity_facets: 0.292328082","tumor_purity_consensus: 0.292328082","tumor_ploidy: 2.88265953","cnv_burden_del: 0.043635444","cnv_burden_hemizygote: 0.084125571","loh_burden_burden: 0","cnv_burden_gain: 0.333862333","cnv_burden_amp: 0.307476423","til_count: 3885","tissue_area: 25170900","til_density: 154.344898275389","time: T1","subtype_consensus: TN","mut_load: 45","total RNA","For RNA-Seq, sequencing libraries were prepared using TruSeq RNA Sample Preparation kit v2 (RS-122-2001 and RS-122-2002, Illumina). Sequencing of the RNA libraries was performed on an Illumina HiSeq2500 in 100-bp paired-end mode of the TruSeq Rapid PE Cluster kit and the TruSeq Rapid SBS kit.","9606","RNA-Seq data was analyzed using the RSEM42 pipeline with hg19 as the genome reference","Genome_build: hg19","Supplementary_files_format_and_content: expression matrix with gene expression by samples in TPM units","GPL16791","Zhengyan,,Kan","Computational Biology, Oncology Research & Development","Pfizer","10770 Science Center Drive","San Diego","CA","92121","USA","0","Illumina HiSeq 2500","cDNA","transcriptomic","RNA-Seq","BioSample: https://www.ncbi.nlm.nih.gov/biosample/SAMN10593145","NONE","35.16666667","No","0","Not Detected","Not Detected","Invasive ductal carcinoma","34.29147057","0.307476423","0.043635444","0.333862333","0.084125571","19.07906444","0","999","0","999","Female","0","999","0","999","999","70-80%","3","999","999","0","999","Premenopausal","0","45","AC+T","999","0","0","999","0","999","53.02375099","0","TN","TN","TN","Basal","1","2","3885","154.344898275389","T1","25170900","cT1N1M0","77","2.88265953","0.292328082","0.292328082","0.9","0"
"GSM3514118","OB_16_0269_2","GSM3514118","Public on Oct 12 2020","Dec 14 2018","Oct 12 2020","SRA","1","Primary Tumor","Homo sapiens","gender: Female","age: 35.16666667","menopausal_status: Premenopausal","bc_family_history: No","brca1_status: Not Detected","brca2_status: Not Detected","cell_type_diagnosis: Invasive ductal carcinoma","er_status_diagnosis: 0","er_score_diagnosis: 0","pr_status_diagnosis: 0","pr_score_diagnosis: 0","her2_status_diagnosis: 0","her2_score_diagnosis: 0","ki67_status_diagnosis: 3","ki67_diagnosis: 70-80%","tnm_stage_clinical: cT1N1M0","nac_drug: AC+T","er_status_surgery: 999","er_score_surgery: 999","pr_status_surgery: 999","pr_score_surgery: 999","her2_status_surgery: 999","her2_score_surgery: 999","ki67_status_surgery: 999","ki67_surgery: 999","histological_grade: 999","nuclear_grade: 999","lymphovascular_invasion: 999","bilaterality: 0","multiplicity: 0","surgery_type: 1","surgical_site: 2","tumor_size: 0","regional_lymph_nodes: 0","tnm_stage_pathologic: 77","pcr_status: 0","proliferative_index: 37.53613304","cyt_score: 34.39290915","subtype_pam50: Basal","subtype_nmc: TN","subtype_ihc: TN","tumor_purity_pathology: 0.6","cin_score: 23.63870584","tumor_purity_facets: 0.266632696","tumor_purity_consensus: 0.266632696","tumor_ploidy: 3.080095771","cnv_burden_del: 0.000798533","cnv_burden_hemizygote: 0.056013094","loh_burden_burden: 0.002225615","cnv_burden_gain: 0.592422142","cnv_burden_amp: 0.047460098","til_count: 4659","tissue_area: 16540200","til_density: 281.677367867378","time: T2","subtype_consensus: TN","mut_load: 52","total RNA","For RNA-Seq, sequencing libraries were prepared using TruSeq RNA Sample Preparation kit v2 (RS-122-2001 and RS-122-2002, Illumina). Sequencing of the RNA libraries was performed on an Illumina HiSeq2500 in 100-bp paired-end mode of the TruSeq Rapid PE Cluster kit and the TruSeq Rapid SBS kit.","9606","RNA-Seq data was analyzed using the RSEM42 pipeline with hg19 as the genome reference","Genome_build: hg19","Supplementary_files_format_and_content: expression matrix with gene expression by samples in TPM units","GPL16791","Zhengyan,,Kan","Computational Biology, Oncology Research & Development","Pfizer","10770 Science Center Drive","San Diego","CA","92121","USA","0","Illumina HiSeq 2500","cDNA","transcriptomic","RNA-Seq","BioSample: https://www.ncbi.nlm.nih.gov/biosample/SAMN10593144","NONE","35.16666667","No","0","Not Detected","Not Detected","Invasive ductal carcinoma","23.63870584","0.047460098","0.000798533","0.592422142","0.056013094","34.39290915","0","999","0","999","Female","0","999","0","999","999","70-80%","3","999","999","0.002225615","999","Premenopausal","0","52","AC+T","999","0","0","999","0","999","37.53613304","0","TN","TN","TN","Basal","1","2","4659","281.677367867378","T2","16540200","cT1N1M0","77","3.080095771","0.266632696","0.266632696","0.6","0"
"GSM3514119","OB_16_0283_2","GSM3514119","Public on Oct 12 2020","Dec 14 2018","Oct 12 2020","SRA","1","Primary Tumor","Homo sapiens","gender: Female","age: 33","menopausal_status: Premenopausal","bc_family_history: No","brca1_status: Not Detected","brca2_status: Not Detected","cell_type_diagnosis: Invasive ductal carcinoma","er_status_diagnosis: 1","er_score_diagnosis: 5","pr_status_diagnosis: 1","pr_score_diagnosis: 4","her2_status_diagnosis: 0","her2_score_diagnosis: 0","ki67_status_diagnosis: 2","ki67_diagnosis: 40-50%","tnm_stage_clinical: cT2N0-1M0","nac_drug: AC+T","er_status_surgery: 999","er_score_surgery: 999","pr_status_surgery: 999","pr_score_surgery: 999","her2_status_surgery: 999","her2_score_surgery: 999","ki67_status_surgery: 999","ki67_surgery: 999","histological_grade: 2","nuclear_grade: 2","lymphovascular_invasion: 0","bilaterality: 0","multiplicity: 0","surgery_type: 1","surgical_site: 2","tumor_size: 1","regional_lymph_nodes: 0","tnm_stage_pathologic: 2","pcr_status: 1","proliferative_index: 14.57703615","cyt_score: 13.90746203","subtype_pam50: LumA","subtype_nmc: ER+HER2+","subtype_ihc: ER+","tumor_purity_pathology: 0.4","cin_score: 44.57102616","tumor_purity_facets: 0.337730849","tumor_purity_consensus: 0.337730849","tumor_ploidy: 2.658040502","cnv_burden_del: 0.039800361","cnv_burden_hemizygote: 0.078995377","loh_burden_burden: 0","cnv_burden_gain: 0.519758119","cnv_burden_amp: 0.118668768","til_count: 2525","tissue_area: 21347900","til_density: 118.27861288464","time: T2","subtype_consensus: ER+","mut_load: 4","total RNA","For RNA-Seq, sequencing libraries were prepared using TruSeq RNA Sample Preparation kit v2 (RS-122-2001 and RS-122-2002, Illumina). Sequencing of the RNA libraries was performed on an Illumina HiSeq2500 in 100-bp paired-end mode of the TruSeq Rapid PE Cluster kit and the TruSeq Rapid SBS kit.","9606","RNA-Seq data was analyzed using the RSEM42 pipeline with hg19 as the genome reference","Genome_build: hg19","Supplementary_files_format_and_content: expression matrix with gene expression by samples in TPM units","GPL16791","Zhengyan,,Kan","Computational Biology, Oncology Research & Development","Pfizer","10770 Science Center Drive","San Diego","CA","92121","USA","0","Illumina HiSeq 2500","cDNA","transcriptomic","RNA-Seq","BioSample: https://www.ncbi.nlm.nih.gov/biosample/SAMN10593143","NONE","33","No","0","Not Detected","Not Detected","Invasive ductal carcinoma","44.57102616","0.118668768","0.039800361","0.519758119","0.078995377","13.90746203","5","999","1","999","Female","0","999","0","999","2","40-50%","2","999","999","0","0","Premenopausal","0","4","AC+T","2","1","4","999","1","999","14.57703615","0","ER+","ER+","ER+HER2+","LumA","1","2","2525","118.27861288464","T2","21347900","cT2N0-1M0","2","2.658040502","0.337730849","0.337730849","0.4","1"
"GSM3514120","OB_16_0315_1","GSM3514120","Public on Oct 12 2020","Dec 14 2018","Oct 12 2020","SRA","1","Primary Tumor","Homo sapiens","gender: Female","age: 54.44166667","menopausal_status: Postmenopausal","bc_family_history: No","brca1_status: 999","brca2_status: 999","cell_type_diagnosis: Invasive ductal carcinoma","er_status_diagnosis: 1","er_score_diagnosis: 8","pr_status_diagnosis: 1","pr_score_diagnosis: 4","her2_status_diagnosis: 0","her2_score_diagnosis: 1","ki67_status_diagnosis: 3","ki67_diagnosis: 60-70%","tnm_stage_clinical: cT2N1-2M0","nac_drug: AC+T","er_status_surgery: Positive","er_score_surgery: 7","pr_status_surgery: Positive","pr_score_surgery: 6","her2_status_surgery: Negative","her2_score_surgery: 2","ki67_status_surgery: 2","ki67_surgery: 30-40%","histological_grade: 2","nuclear_grade: 2","lymphovascular_invasion: 1","bilaterality: 0","multiplicity: 0","surgery_type: 0","surgical_site: 2","tumor_size: 12","regional_lymph_nodes: 7","tnm_stage_pathologic: 14","pcr_status: 1","proliferative_index: 30.09522883","cyt_score: 5.745241509","subtype_pam50: LumB","subtype_nmc: ER+","subtype_ihc: ER+","tumor_purity_pathology: 0.6","cin_score: 24.58273707","tumor_purity_facets: 0.316707706","tumor_purity_consensus: 0.316707706","tumor_ploidy: 2.427962581","cnv_burden_del: 0.039529093","cnv_burden_hemizygote: 0.102007562","loh_burden_burden: 0","cnv_burden_gain: 0.569566082","cnv_burden_amp: 0.051404019","til_count: 3358","tissue_area: 27866800","til_density: 120.501815780786","time: T1","subtype_consensus: ER+","mut_load: 16","total RNA","For RNA-Seq, sequencing libraries were prepared using TruSeq RNA Sample Preparation kit v2 (RS-122-2001 and RS-122-2002, Illumina). Sequencing of the RNA libraries was performed on an Illumina HiSeq2500 in 100-bp paired-end mode of the TruSeq Rapid PE Cluster kit and the TruSeq Rapid SBS kit.","9606","RNA-Seq data was analyzed using the RSEM42 pipeline with hg19 as the genome reference","Genome_build: hg19","Supplementary_files_format_and_content: expression matrix with gene expression by samples in TPM units","GPL16791","Zhengyan,,Kan","Computational Biology, Oncology Research & Development","Pfizer","10770 Science Center Drive","San Diego","CA","92121","USA","0","Illumina HiSeq 2500","cDNA","transcriptomic","RNA-Seq","BioSample: https://www.ncbi.nlm.nih.gov/biosample/SAMN10593142","NONE","54.44166667","No","0","999","999","Invasive ductal carcinoma","24.58273707","0.051404019","0.039529093","0.569566082","0.102007562","5.745241509","8","7","1","Positive","Female","1","2","0","Negative","2","60-70%","3","2","30-40%","0","1","Postmenopausal","0","16","AC+T","2","1","4","6","1","Positive","30.09522883","7","ER+","ER+","ER+","LumB","0","2","3358","120.501815780786","T1","27866800","cT2N1-2M0","14","2.427962581","0.316707706","0.316707706","0.6","12"
"GSM3514121","OB_16_0315_2","GSM3514121","Public on Oct 12 2020","Dec 14 2018","Oct 12 2020","SRA","1","Primary Tumor","Homo sapiens","gender: Female","age: 54.44166667","menopausal_status: Postmenopausal","bc_family_history: No","brca1_status: 999","brca2_status: 999","cell_type_diagnosis: Invasive ductal carcinoma","er_status_diagnosis: 1","er_score_diagnosis: 8","pr_status_diagnosis: 1","pr_score_diagnosis: 4","her2_status_diagnosis: 0","her2_score_diagnosis: 1","ki67_status_diagnosis: 3","ki67_diagnosis: 60-70%","tnm_stage_clinical: cT2N1-2M0","nac_drug: AC+T","er_status_surgery: Positive","er_score_surgery: 7","pr_status_surgery: Positive","pr_score_surgery: 6","her2_status_surgery: Negative","her2_score_surgery: 2","ki67_status_surgery: 2","ki67_surgery: 30-40%","histological_grade: 2","nuclear_grade: 2","lymphovascular_invasion: 1","bilaterality: 0","multiplicity: 0","surgery_type: 0","surgical_site: 2","tumor_size: 12","regional_lymph_nodes: 7","tnm_stage_pathologic: 14","pcr_status: 1","proliferative_index: 11.00710818","cyt_score: 12.60963917","subtype_pam50: LumA","subtype_nmc: ER+","subtype_ihc: ER+","tumor_purity_pathology: 0.6","cin_score: 27.82053738","tumor_purity_facets: 0.360254917","tumor_purity_consensus: 0.360254917","tumor_ploidy: 3.344633782","cnv_burden_del: 0.000572465","cnv_burden_hemizygote: 0.050976775","loh_burden_burden: 0","cnv_burden_gain: 0.530388065","cnv_burden_amp: 0.210356672","til_count: 302","tissue_area: 19031400","til_density: 15.8685120380004","time: T2","subtype_consensus: ER+","mut_load: 5","total RNA","For RNA-Seq, sequencing libraries were prepared using TruSeq RNA Sample Preparation kit v2 (RS-122-2001 and RS-122-2002, Illumina). Sequencing of the RNA libraries was performed on an Illumina HiSeq2500 in 100-bp paired-end mode of the TruSeq Rapid PE Cluster kit and the TruSeq Rapid SBS kit.","9606","RNA-Seq data was analyzed using the RSEM42 pipeline with hg19 as the genome reference","Genome_build: hg19","Supplementary_files_format_and_content: expression matrix with gene expression by samples in TPM units","GPL16791","Zhengyan,,Kan","Computational Biology, Oncology Research & Development","Pfizer","10770 Science Center Drive","San Diego","CA","92121","USA","0","Illumina HiSeq 2500","cDNA","transcriptomic","RNA-Seq","BioSample: https://www.ncbi.nlm.nih.gov/biosample/SAMN10593141","NONE","54.44166667","No","0","999","999","Invasive ductal carcinoma","27.82053738","0.210356672","0.000572465","0.530388065","0.050976775","12.60963917","8","7","1","Positive","Female","1","2","0","Negative","2","60-70%","3","2","30-40%","0","1","Postmenopausal","0","5","AC+T","2","1","4","6","1","Positive","11.00710818","7","ER+","ER+","ER+","LumA","0","2","302","15.8685120380004","T2","19031400","cT2N1-2M0","14","3.344633782","0.360254917","0.360254917","0.6","12"
"GSM3514122","OB_16_0315_3","GSM3514122","Public on Oct 12 2020","Dec 14 2018","Oct 12 2020","SRA","1","Primary Tumor","Homo sapiens","gender: Female","age: 54.44166667","menopausal_status: Postmenopausal","bc_family_history: No","brca1_status: 999","brca2_status: 999","cell_type_diagnosis: Invasive ductal carcinoma","er_status_diagnosis: 1","er_score_diagnosis: 8","pr_status_diagnosis: 1","pr_score_diagnosis: 4","her2_status_diagnosis: 0","her2_score_diagnosis: 1","ki67_status_diagnosis: 3","ki67_diagnosis: 60-70%","tnm_stage_clinical: cT2N1-2M0","nac_drug: AC+T","er_status_surgery: Positive","er_score_surgery: 7","pr_status_surgery: Positive","pr_score_surgery: 6","her2_status_surgery: Negative","her2_score_surgery: 2","ki67_status_surgery: 2","ki67_surgery: 30-40%","histological_grade: 2","nuclear_grade: 2","lymphovascular_invasion: 1","bilaterality: 0","multiplicity: 0","surgery_type: 0","surgical_site: 2","tumor_size: 12","regional_lymph_nodes: 7","tnm_stage_pathologic: 14","pcr_status: 1","proliferative_index: 47.87232039","cyt_score: 8.732284924","subtype_pam50: LumB","subtype_nmc: ER+","subtype_ihc: ER+","tumor_purity_pathology: 0.7","cin_score: 34.88199683","tumor_purity_facets: 0.538124907","tumor_purity_consensus: 0.538124907","tumor_ploidy: 3.672260534","cnv_burden_del: 0.006271613","cnv_burden_hemizygote: 0.014733712","loh_burden_burden: 0.003416288","cnv_burden_gain: 0.407721397","cnv_burden_amp: 0.301601982","til_count: 386","tissue_area: 31242400","til_density: 12.3550047371521","time: T3","subtype_consensus: ER+","mut_load: 46","total RNA","For RNA-Seq, sequencing libraries were prepared using TruSeq RNA Sample Preparation kit v2 (RS-122-2001 and RS-122-2002, Illumina). Sequencing of the RNA libraries was performed on an Illumina HiSeq2500 in 100-bp paired-end mode of the TruSeq Rapid PE Cluster kit and the TruSeq Rapid SBS kit.","9606","RNA-Seq data was analyzed using the RSEM42 pipeline with hg19 as the genome reference","Genome_build: hg19","Supplementary_files_format_and_content: expression matrix with gene expression by samples in TPM units","GPL16791","Zhengyan,,Kan","Computational Biology, Oncology Research & Development","Pfizer","10770 Science Center Drive","San Diego","CA","92121","USA","0","Illumina HiSeq 2500","cDNA","transcriptomic","RNA-Seq","BioSample: https://www.ncbi.nlm.nih.gov/biosample/SAMN10593140","NONE","54.44166667","No","0","999","999","Invasive ductal carcinoma","34.88199683","0.301601982","0.006271613","0.407721397","0.014733712","8.732284924","8","7","1","Positive","Female","1","2","0","Negative","2","60-70%","3","2","30-40%","0.003416288","1","Postmenopausal","0","46","AC+T","2","1","4","6","1","Positive","47.87232039","7","ER+","ER+","ER+","LumB","0","2","386","12.3550047371521","T3","31242400","cT2N1-2M0","14","3.672260534","0.538124907","0.538124907","0.7","12"
"GSM3514123","OB_16_0317_1","GSM3514123","Public on Oct 12 2020","Dec 14 2018","Oct 12 2020","SRA","1","Primary Tumor","Homo sapiens","gender: Female","age: 32.73055556","menopausal_status: Premenopausal","bc_family_history: No","brca1_status: Detected","brca2_status: Not Detected","cell_type_diagnosis: Invasive ductal carcinoma","er_status_diagnosis: 1","er_score_diagnosis: 6","pr_status_diagnosis: 0","pr_score_diagnosis: 0","her2_status_diagnosis: 0","her2_score_diagnosis: 0","ki67_status_diagnosis: 4","ki67_diagnosis: 80-90%","tnm_stage_clinical: cT3-4N0M0","nac_drug: AC+T","er_status_surgery: 999","er_score_surgery: 999","pr_status_surgery: 999","pr_score_surgery: 999","her2_status_surgery: 999","her2_score_surgery: 999","ki67_status_surgery: 999","ki67_surgery: 999","histological_grade: 999","nuclear_grade: 999","lymphovascular_invasion: 999","bilaterality: 1","multiplicity: 0","surgery_type: 0","surgical_site: 3","tumor_size: 0","regional_lymph_nodes: 0","tnm_stage_pathologic: 77","pcr_status: 0","proliferative_index: 58.35220718","cyt_score: 55.112162","subtype_pam50: Basal","subtype_nmc: ER+","subtype_ihc: ER+","tumor_purity_pathology: 0.7","cin_score: 15.90629983","tumor_purity_facets: 0.290499756","tumor_purity_consensus: 0.290499756","tumor_ploidy: 4.112571586","cnv_burden_del: 0","cnv_burden_hemizygote: 0.000626287","loh_burden_burden: 0.22739223","cnv_burden_gain: 0.200440991","cnv_burden_amp: 0.497108454","til_count: 6039","tissue_area: 20020500","til_density: 301.640818161385","time: T1","subtype_consensus: ER+","mut_load: 85","total RNA","For RNA-Seq, sequencing libraries were prepared using TruSeq RNA Sample Preparation kit v2 (RS-122-2001 and RS-122-2002, Illumina). Sequencing of the RNA libraries was performed on an Illumina HiSeq2500 in 100-bp paired-end mode of the TruSeq Rapid PE Cluster kit and the TruSeq Rapid SBS kit.","9606","RNA-Seq data was analyzed using the RSEM42 pipeline with hg19 as the genome reference","Genome_build: hg19","Supplementary_files_format_and_content: expression matrix with gene expression by samples in TPM units","GPL16791","Zhengyan,,Kan","Computational Biology, Oncology Research & Development","Pfizer","10770 Science Center Drive","San Diego","CA","92121","USA","0","Illumina HiSeq 2500","cDNA","transcriptomic","RNA-Seq","BioSample: https://www.ncbi.nlm.nih.gov/biosample/SAMN10593356","NONE","32.73055556","No","1","Detected","Not Detected","Invasive ductal carcinoma","15.90629983","0.497108454","0","0.200440991","0.000626287","55.112162","6","999","1","999","Female","0","999","0","999","999","80-90%","4","999","999","0.22739223","999","Premenopausal","0","85","AC+T","999","0","0","999","0","999","58.35220718","0","ER+","ER+","ER+","Basal","0","3","6039","301.640818161385","T1","20020500","cT3-4N0M0","77","4.112571586","0.290499756","0.290499756","0.7","0"
"GSM3514124","OB_16_0320_1","GSM3514124","Public on Oct 12 2020","Dec 14 2018","Oct 12 2020","SRA","1","Primary Tumor","Homo sapiens","gender: Female","age: 36.25833333","menopausal_status: Premenopausal","bc_family_history: Yes","brca1_status: Detected","brca2_status: Not Detected","cell_type_diagnosis: Invasive ductal carcinoma","er_status_diagnosis: 0","er_score_diagnosis: 2","pr_status_diagnosis: 0","pr_score_diagnosis: 0","her2_status_diagnosis: 0","her2_score_diagnosis: 0","ki67_status_diagnosis: 4","ki67_diagnosis: 80-90%","tnm_stage_clinical: cT2N0-1M0","nac_drug: AC+T","er_status_surgery: 999","er_score_surgery: 999","pr_status_surgery: 999","pr_score_surgery: 999","her2_status_surgery: 999","her2_score_surgery: 999","ki67_status_surgery: 999","ki67_surgery: 999","histological_grade: 999","nuclear_grade: 999","lymphovascular_invasion: 999","bilaterality: 1","multiplicity: 0","surgery_type: 0","surgical_site: 4","tumor_size: 0","regional_lymph_nodes: 0","tnm_stage_pathologic: 77","pcr_status: 0","proliferative_index: 45.10883801","cyt_score: 72.52976975","subtype_pam50: Basal","subtype_nmc: ER+","subtype_ihc: TN","tumor_purity_pathology: 0.8","cin_score: 17.96043383","tumor_purity_facets: 0.355401212","tumor_purity_consensus: 0.355401212","tumor_ploidy: 3.357141895","cnv_burden_del: 0","cnv_burden_hemizygote: 0.021841447","loh_burden_burden: 0.037868085","cnv_burden_gain: 0.382508614","cnv_burden_amp: 0.178440536","til_count: 6675","tissue_area: 30151400","til_density: 221.382755029617","time: T1","subtype_consensus: TN","mut_load: 75","total RNA","For RNA-Seq, sequencing libraries were prepared using TruSeq RNA Sample Preparation kit v2 (RS-122-2001 and RS-122-2002, Illumina). Sequencing of the RNA libraries was performed on an Illumina HiSeq2500 in 100-bp paired-end mode of the TruSeq Rapid PE Cluster kit and the TruSeq Rapid SBS kit.","9606","RNA-Seq data was analyzed using the RSEM42 pipeline with hg19 as the genome reference","Genome_build: hg19","Supplementary_files_format_and_content: expression matrix with gene expression by samples in TPM units","GPL16791","Zhengyan,,Kan","Computational Biology, Oncology Research & Development","Pfizer","10770 Science Center Drive","San Diego","CA","92121","USA","0","Illumina HiSeq 2500","cDNA","transcriptomic","RNA-Seq","BioSample: https://www.ncbi.nlm.nih.gov/biosample/SAMN10593355","NONE","36.25833333","Yes","1","Detected","Not Detected","Invasive ductal carcinoma","17.96043383","0.178440536","0","0.382508614","0.021841447","72.52976975","2","999","0","999","Female","0","999","0","999","999","80-90%","4","999","999","0.037868085","999","Premenopausal","0","75","AC+T","999","0","0","999","0","999","45.10883801","0","TN","TN","ER+","Basal","0","4","6675","221.382755029617","T1","30151400","cT2N0-1M0","77","3.357141895","0.355401212","0.355401212","0.8","0"
"GSM3514125","OB_16_0336_1","GSM3514125","Public on Oct 12 2020","Dec 14 2018","Oct 12 2020","SRA","1","Primary Tumor","Homo sapiens","gender: Female","age: 38.95555556","menopausal_status: Premenopausal","bc_family_history: No","brca1_status: Not Detected","brca2_status: Not Detected","cell_type_diagnosis: Invasive ductal carcinoma","er_status_diagnosis: 1","er_score_diagnosis: 4","pr_status_diagnosis: 0","pr_score_diagnosis: 0","her2_status_diagnosis: 1","her2_score_diagnosis: 3","ki67_status_diagnosis: 2","ki67_diagnosis: 40-50%","tnm_stage_clinical: cT3-4N2M0","nac_drug: AC+T+Trastuzumab","er_status_surgery: Negative","er_score_surgery: 0","pr_status_surgery: Negative","pr_score_surgery: 0","her2_status_surgery: Positive","her2_score_surgery: 3","ki67_status_surgery: 3","ki67_surgery: 50-60%","histological_grade: 3","nuclear_grade: 3","lymphovascular_invasion: 0","bilaterality: 0","multiplicity: 0","surgery_type: 1","surgical_site: 1","tumor_size: 0.9","regional_lymph_nodes: 0","tnm_stage_pathologic: 2","pcr_status: 1","proliferative_index: 27.51022826","cyt_score: 16.43541299","subtype_pam50: LumB","subtype_nmc: NA","subtype_ihc: ER+HER2+","tumor_purity_pathology: 0.8","cin_score: NA","tumor_purity_facets: NA","tumor_purity_consensus: 0.8","tumor_ploidy: NA","cnv_burden_del: NA","cnv_burden_hemizygote: NA","loh_burden_burden: NA","cnv_burden_gain: NA","cnv_burden_amp: NA","til_count: 463","tissue_area: 7788840","til_density: 59.444025040956","time: T1","subtype_consensus: ER+HER2+","mut_load: NA","total RNA","For RNA-Seq, sequencing libraries were prepared using TruSeq RNA Sample Preparation kit v2 (RS-122-2001 and RS-122-2002, Illumina). Sequencing of the RNA libraries was performed on an Illumina HiSeq2500 in 100-bp paired-end mode of the TruSeq Rapid PE Cluster kit and the TruSeq Rapid SBS kit.","9606","RNA-Seq data was analyzed using the RSEM42 pipeline with hg19 as the genome reference","Genome_build: hg19","Supplementary_files_format_and_content: expression matrix with gene expression by samples in TPM units","GPL16791","Zhengyan,,Kan","Computational Biology, Oncology Research & Development","Pfizer","10770 Science Center Drive","San Diego","CA","92121","USA","0","Illumina HiSeq 2500","cDNA","transcriptomic","RNA-Seq","BioSample: https://www.ncbi.nlm.nih.gov/biosample/SAMN10593354","NONE","38.95555556","No","0","Not Detected","Not Detected","Invasive ductal carcinoma","NA","NA","NA","NA","NA","16.43541299","4","0","1","Negative","Female","3","3","1","Positive","3","40-50%","2","3","50-60%","NA","0","Premenopausal","0","NA","AC+T+Trastuzumab","3","1","0","0","0","Negative","27.51022826","0","ER+HER2+","ER+HER2+","NA","LumB","1","1","463","59.444025040956","T1","7788840","cT3-4N2M0","2","NA","0.8","NA","0.8","0.9"
"GSM3514126","OB_16_0336_2","GSM3514126","Public on Oct 12 2020","Dec 14 2018","Oct 12 2020","SRA","1","Primary Tumor","Homo sapiens","gender: Female","age: 38.95555556","menopausal_status: Premenopausal","bc_family_history: No","brca1_status: Not Detected","brca2_status: Not Detected","cell_type_diagnosis: Invasive ductal carcinoma","er_status_diagnosis: 1","er_score_diagnosis: 4","pr_status_diagnosis: 0","pr_score_diagnosis: 0","her2_status_diagnosis: 1","her2_score_diagnosis: 3","ki67_status_diagnosis: 2","ki67_diagnosis: 40-50%","tnm_stage_clinical: cT3-4N2M0","nac_drug: AC+T+Trastuzumab","er_status_surgery: Negative","er_score_surgery: 0","pr_status_surgery: Negative","pr_score_surgery: 0","her2_status_surgery: Positive","her2_score_surgery: 3","ki67_status_surgery: 3","ki67_surgery: 50-60%","histological_grade: 3","nuclear_grade: 3","lymphovascular_invasion: 0","bilaterality: 0","multiplicity: 0","surgery_type: 1","surgical_site: 1","tumor_size: 0.9","regional_lymph_nodes: 0","tnm_stage_pathologic: 2","pcr_status: 1","proliferative_index: 18.10334886","cyt_score: 23.29235068","subtype_pam50: LumB","subtype_nmc: HER2+","subtype_ihc: ER+HER2+","tumor_purity_pathology: 0.7","cin_score: 19.10951041","tumor_purity_facets: 0.306485046","tumor_purity_consensus: 0.306485046","tumor_ploidy: 2.672566246","cnv_burden_del: 0.002708951","cnv_burden_hemizygote: 0.071588647","loh_burden_burden: 0","cnv_burden_gain: 0.738419127","cnv_burden_amp: 0.008483147","til_count: 1622","tissue_area: 24408800","til_density: 66.4514437416014","time: T2","subtype_consensus: ER+HER2+","mut_load: 7","total RNA","For RNA-Seq, sequencing libraries were prepared using TruSeq RNA Sample Preparation kit v2 (RS-122-2001 and RS-122-2002, Illumina). Sequencing of the RNA libraries was performed on an Illumina HiSeq2500 in 100-bp paired-end mode of the TruSeq Rapid PE Cluster kit and the TruSeq Rapid SBS kit.","9606","RNA-Seq data was analyzed using the RSEM42 pipeline with hg19 as the genome reference","Genome_build: hg19","Supplementary_files_format_and_content: expression matrix with gene expression by samples in TPM units","GPL16791","Zhengyan,,Kan","Computational Biology, Oncology Research & Development","Pfizer","10770 Science Center Drive","San Diego","CA","92121","USA","0","Illumina HiSeq 2500","cDNA","transcriptomic","RNA-Seq","BioSample: https://www.ncbi.nlm.nih.gov/biosample/SAMN10593333","NONE","38.95555556","No","0","Not Detected","Not Detected","Invasive ductal carcinoma","19.10951041","0.008483147","0.002708951","0.738419127","0.071588647","23.29235068","4","0","1","Negative","Female","3","3","1","Positive","3","40-50%","2","3","50-60%","0","0","Premenopausal","0","7","AC+T+Trastuzumab","3","1","0","0","0","Negative","18.10334886","0","ER+HER2+","ER+HER2+","HER2+","LumB","1","1","1622","66.4514437416014","T2","24408800","cT3-4N2M0","2","2.672566246","0.306485046","0.306485046","0.7","0.9"
"GSM3514127","OB_16_0341_1","GSM3514127","Public on Oct 12 2020","Dec 14 2018","Oct 12 2020","SRA","1","Primary Tumor","Homo sapiens","gender: Female","age: 36.10833333","menopausal_status: Premenopausal","bc_family_history: No","brca1_status: Not Detected","brca2_status: Not Detected","cell_type_diagnosis: Invasive ductal carcinoma","er_status_diagnosis: 1","er_score_diagnosis: 8","pr_status_diagnosis: 1","pr_score_diagnosis: 8","her2_status_diagnosis: 0","her2_score_diagnosis: 1","ki67_status_diagnosis: 3","ki67_diagnosis: 70-80%","tnm_stage_clinical: cT2N0M0","nac_drug: AC+T","er_status_surgery: Positive","er_score_surgery: 8","pr_status_surgery: Positive","pr_score_surgery: 5","her2_status_surgery: Negative","her2_score_surgery: 0","ki67_status_surgery: 1","ki67_surgery: <10%","histological_grade: 2","nuclear_grade: 2","lymphovascular_invasion: 1","bilaterality: 0","multiplicity: 0","surgery_type: 1","surgical_site: 2","tumor_size: 3","regional_lymph_nodes: 0","tnm_stage_pathologic: 7","pcr_status: 1","proliferative_index: 32.06561016","cyt_score: 12.47359611","subtype_pam50: LumB","subtype_nmc: ER+","subtype_ihc: ER+","tumor_purity_pathology: 0.7","cin_score: 7.563446442","tumor_purity_facets: 0.199722832","tumor_purity_consensus: 0.199722832","tumor_ploidy: 2.040836333","cnv_burden_del: 0","cnv_burden_hemizygote: 0.124613679","loh_burden_burden: 0.019899227","cnv_burden_gain: 0.156543886","cnv_burden_amp: 0.022354073","til_count: 282","tissue_area: 7161530","til_density: 39.377060488471","time: T1","subtype_consensus: ER+","mut_load: 29","total RNA","For RNA-Seq, sequencing libraries were prepared using TruSeq RNA Sample Preparation kit v2 (RS-122-2001 and RS-122-2002, Illumina). Sequencing of the RNA libraries was performed on an Illumina HiSeq2500 in 100-bp paired-end mode of the TruSeq Rapid PE Cluster kit and the TruSeq Rapid SBS kit.","9606","RNA-Seq data was analyzed using the RSEM42 pipeline with hg19 as the genome reference","Genome_build: hg19","Supplementary_files_format_and_content: expression matrix with gene expression by samples in TPM units","GPL16791","Zhengyan,,Kan","Computational Biology, Oncology Research & Development","Pfizer","10770 Science Center Drive","San Diego","CA","92121","USA","0","Illumina HiSeq 2500","cDNA","transcriptomic","RNA-Seq","BioSample: https://www.ncbi.nlm.nih.gov/biosample/SAMN10593332","NONE","36.10833333","No","0","Not Detected","Not Detected","Invasive ductal carcinoma","7.563446442","0.022354073","0","0.156543886","0.124613679","12.47359611","8","8","1","Positive","Female","1","0","0","Negative","2","70-80%","3","1","<10%","0.019899227","1","Premenopausal","0","29","AC+T","2","1","8","5","1","Positive","32.06561016","0","ER+","ER+","ER+","LumB","1","2","282","39.377060488471","T1","7161530","cT2N0M0","7","2.040836333","0.199722832","0.199722832","0.7","3"
"GSM3514128","OB_16_0341_2","GSM3514128","Public on Oct 12 2020","Dec 14 2018","Oct 12 2020","SRA","1","Primary Tumor","Homo sapiens","gender: Female","age: 36.10833333","menopausal_status: Premenopausal","bc_family_history: No","brca1_status: Not Detected","brca2_status: Not Detected","cell_type_diagnosis: Invasive ductal carcinoma","er_status_diagnosis: 1","er_score_diagnosis: 8","pr_status_diagnosis: 1","pr_score_diagnosis: 8","her2_status_diagnosis: 0","her2_score_diagnosis: 1","ki67_status_diagnosis: 3","ki67_diagnosis: 70-80%","tnm_stage_clinical: cT2N0M0","nac_drug: AC+T","er_status_surgery: Positive","er_score_surgery: 8","pr_status_surgery: Positive","pr_score_surgery: 5","her2_status_surgery: Negative","her2_score_surgery: 0","ki67_status_surgery: 1","ki67_surgery: <10%","histological_grade: 2","nuclear_grade: 2","lymphovascular_invasion: 1","bilaterality: 0","multiplicity: 0","surgery_type: 1","surgical_site: 2","tumor_size: 3","regional_lymph_nodes: 0","tnm_stage_pathologic: 7","pcr_status: 1","proliferative_index: 6.229342684","cyt_score: 6.310277331","subtype_pam50: LumA","subtype_nmc: ER+","subtype_ihc: ER+","tumor_purity_pathology: 0.4","cin_score: 14.5245166","tumor_purity_facets: 0.242569296","tumor_purity_consensus: 0.242569296","tumor_ploidy: 1.466265798","cnv_burden_del: 0.037352867","cnv_burden_hemizygote: 0.169897568","loh_burden_burden: 0","cnv_burden_gain: 0.135159956","cnv_burden_amp: 0.004629379","til_count: 138","tissue_area: 12721500","til_density: 10.8477773847424","time: T2","subtype_consensus: ER+","mut_load: 6","total RNA","For RNA-Seq, sequencing libraries were prepared using TruSeq RNA Sample Preparation kit v2 (RS-122-2001 and RS-122-2002, Illumina). Sequencing of the RNA libraries was performed on an Illumina HiSeq2500 in 100-bp paired-end mode of the TruSeq Rapid PE Cluster kit and the TruSeq Rapid SBS kit.","9606","RNA-Seq data was analyzed using the RSEM42 pipeline with hg19 as the genome reference","Genome_build: hg19","Supplementary_files_format_and_content: expression matrix with gene expression by samples in TPM units","GPL16791","Zhengyan,,Kan","Computational Biology, Oncology Research & Development","Pfizer","10770 Science Center Drive","San Diego","CA","92121","USA","0","Illumina HiSeq 2500","cDNA","transcriptomic","RNA-Seq","BioSample: https://www.ncbi.nlm.nih.gov/biosample/SAMN10593331","NONE","36.10833333","No","0","Not Detected","Not Detected","Invasive ductal carcinoma","14.5245166","0.004629379","0.037352867","0.135159956","0.169897568","6.310277331","8","8","1","Positive","Female","1","0","0","Negative","2","70-80%","3","1","<10%","0","1","Premenopausal","0","6","AC+T","2","1","8","5","1","Positive","6.229342684","0","ER+","ER+","ER+","LumA","1","2","138","10.8477773847424","T2","12721500","cT2N0M0","7","1.466265798","0.242569296","0.242569296","0.4","3"
"GSM3514129","OB_16_0344_1","GSM3514129","Public on Oct 12 2020","Dec 14 2018","Oct 12 2020","SRA","1","Primary Tumor","Homo sapiens","gender: Female","age: 46.72222222","menopausal_status: Premenopausal","bc_family_history: No","brca1_status: Not Detected","brca2_status: Not Detected","cell_type_diagnosis: Invasive ductal carcinoma","er_status_diagnosis: 0","er_score_diagnosis: 2","pr_status_diagnosis: 0","pr_score_diagnosis: 0","her2_status_diagnosis: 0","her2_score_diagnosis: 0","ki67_status_diagnosis: 4","ki67_diagnosis: 80-90%","tnm_stage_clinical: cT2N2M0","nac_drug: AC+T","er_status_surgery: Negative","er_score_surgery: 0","pr_status_surgery: Negative","pr_score_surgery: 0","her2_status_surgery: Negative","her2_score_surgery: 0","ki67_status_surgery: 3","ki67_surgery: 60-70%","histological_grade: 3","nuclear_grade: 3","lymphovascular_invasion: 0","bilaterality: 0","multiplicity: 0","surgery_type: 0","surgical_site: 2","tumor_size: 0.5","regional_lymph_nodes: 1","tnm_stage_pathologic: 6","pcr_status: 1","proliferative_index: 32.18917583","cyt_score: 10.01456939","subtype_pam50: Normal","subtype_nmc: ER+","subtype_ihc: TN","tumor_purity_pathology: 0.3","cin_score: 24.89335491","tumor_purity_facets: 0.510476478","tumor_purity_consensus: 0.510476478","tumor_ploidy: 3.180867903","cnv_burden_del: 0.007560884","cnv_burden_hemizygote: 0.008101584","loh_burden_burden: 0","cnv_burden_gain: 0.47120607","cnv_burden_amp: 0.226520592","til_count: 837","tissue_area: 27372100","til_density: 30.5785818406333","time: T1","subtype_consensus: TN","mut_load: 66","total RNA","For RNA-Seq, sequencing libraries were prepared using TruSeq RNA Sample Preparation kit v2 (RS-122-2001 and RS-122-2002, Illumina). Sequencing of the RNA libraries was performed on an Illumina HiSeq2500 in 100-bp paired-end mode of the TruSeq Rapid PE Cluster kit and the TruSeq Rapid SBS kit.","9606","RNA-Seq data was analyzed using the RSEM42 pipeline with hg19 as the genome reference","Genome_build: hg19","Supplementary_files_format_and_content: expression matrix with gene expression by samples in TPM units","GPL16791","Zhengyan,,Kan","Computational Biology, Oncology Research & Development","Pfizer","10770 Science Center Drive","San Diego","CA","92121","USA","0","Illumina HiSeq 2500","cDNA","transcriptomic","RNA-Seq","BioSample: https://www.ncbi.nlm.nih.gov/biosample/SAMN10593330","NONE","46.72222222","No","0","Not Detected","Not Detected","Invasive ductal carcinoma","24.89335491","0.226520592","0.007560884","0.47120607","0.008101584","10.01456939","2","0","0","Negative","Female","0","0","0","Negative","3","80-90%","4","3","60-70%","0","0","Premenopausal","0","66","AC+T","3","1","0","0","0","Negative","32.18917583","1","TN","TN","ER+","Normal","0","2","837","30.5785818406333","T1","27372100","cT2N2M0","6","3.180867903","0.510476478","0.510476478","0.3","0.5"
"GSM3514130","OB_16_0344_2","GSM3514130","Public on Oct 12 2020","Dec 14 2018","Oct 12 2020","SRA","1","Primary Tumor","Homo sapiens","gender: Female","age: 46.72222222","menopausal_status: Premenopausal","bc_family_history: No","brca1_status: Not Detected","brca2_status: Not Detected","cell_type_diagnosis: Invasive ductal carcinoma","er_status_diagnosis: 0","er_score_diagnosis: 2","pr_status_diagnosis: 0","pr_score_diagnosis: 0","her2_status_diagnosis: 0","her2_score_diagnosis: 0","ki67_status_diagnosis: 4","ki67_diagnosis: 80-90%","tnm_stage_clinical: cT2N2M0","nac_drug: AC+T","er_status_surgery: Negative","er_score_surgery: 0","pr_status_surgery: Negative","pr_score_surgery: 0","her2_status_surgery: Negative","her2_score_surgery: 0","ki67_status_surgery: 3","ki67_surgery: 60-70%","histological_grade: 3","nuclear_grade: 3","lymphovascular_invasion: 0","bilaterality: 0","multiplicity: 0","surgery_type: 0","surgical_site: 2","tumor_size: 0.5","regional_lymph_nodes: 1","tnm_stage_pathologic: 6","pcr_status: 1","proliferative_index: 25.91227327","cyt_score: 16.23698864","subtype_pam50: Basal","subtype_nmc: TN","subtype_ihc: TN","tumor_purity_pathology: 0.7","cin_score: 15.1373984","tumor_purity_facets: 0.297853039","tumor_purity_consensus: 0.297853039","tumor_ploidy: 2.520503467","cnv_burden_del: 0.0115488","cnv_burden_hemizygote: 0.081602394","loh_burden_burden: 0.004232848","cnv_burden_gain: 0.611901142","cnv_burden_amp: 0.060887089","til_count: 1564","tissue_area: 16529900","til_density: 94.6164223619018","time: T2","subtype_consensus: TN","mut_load: 54","total RNA","For RNA-Seq, sequencing libraries were prepared using TruSeq RNA Sample Preparation kit v2 (RS-122-2001 and RS-122-2002, Illumina). Sequencing of the RNA libraries was performed on an Illumina HiSeq2500 in 100-bp paired-end mode of the TruSeq Rapid PE Cluster kit and the TruSeq Rapid SBS kit.","9606","RNA-Seq data was analyzed using the RSEM42 pipeline with hg19 as the genome reference","Genome_build: hg19","Supplementary_files_format_and_content: expression matrix with gene expression by samples in TPM units","GPL16791","Zhengyan,,Kan","Computational Biology, Oncology Research & Development","Pfizer","10770 Science Center Drive","San Diego","CA","92121","USA","0","Illumina HiSeq 2500","cDNA","transcriptomic","RNA-Seq","BioSample: https://www.ncbi.nlm.nih.gov/biosample/SAMN10593329","NONE","46.72222222","No","0","Not Detected","Not Detected","Invasive ductal carcinoma","15.1373984","0.060887089","0.0115488","0.611901142","0.081602394","16.23698864","2","0","0","Negative","Female","0","0","0","Negative","3","80-90%","4","3","60-70%","0.004232848","0","Premenopausal","0","54","AC+T","3","1","0","0","0","Negative","25.91227327","1","TN","TN","TN","Basal","0","2","1564","94.6164223619018","T2","16529900","cT2N2M0","6","2.520503467","0.297853039","0.297853039","0.7","0.5"
"GSM3514131","OB_16_0344_3","GSM3514131","Public on Oct 12 2020","Dec 14 2018","Oct 12 2020","SRA","1","Primary Tumor","Homo sapiens","gender: Female","age: 46.72222222","menopausal_status: Premenopausal","bc_family_history: No","brca1_status: Not Detected","brca2_status: Not Detected","cell_type_diagnosis: Invasive ductal carcinoma","er_status_diagnosis: 0","er_score_diagnosis: 2","pr_status_diagnosis: 0","pr_score_diagnosis: 0","her2_status_diagnosis: 0","her2_score_diagnosis: 0","ki67_status_diagnosis: 4","ki67_diagnosis: 80-90%","tnm_stage_clinical: cT2N2M0","nac_drug: AC+T","er_status_surgery: Negative","er_score_surgery: 0","pr_status_surgery: Negative","pr_score_surgery: 0","her2_status_surgery: Negative","her2_score_surgery: 0","ki67_status_surgery: 3","ki67_surgery: 60-70%","histological_grade: 3","nuclear_grade: 3","lymphovascular_invasion: 0","bilaterality: 0","multiplicity: 0","surgery_type: 0","surgical_site: 2","tumor_size: 0.5","regional_lymph_nodes: 1","tnm_stage_pathologic: 6","pcr_status: 1","proliferative_index: 62.63223558","cyt_score: 3.186220331","subtype_pam50: Basal","subtype_nmc: ER+","subtype_ihc: TN","tumor_purity_pathology: 0.3","cin_score: 30.83135986","tumor_purity_facets: 0.334740698","tumor_purity_consensus: 0.334740698","tumor_ploidy: 2.502287513","cnv_burden_del: 0.05122","cnv_burden_hemizygote: 0.105402659","loh_burden_burden: 0.015578816","cnv_burden_gain: 0.295173869","cnv_burden_amp: 0.136415839","til_count: 1569","tissue_area: 34646900","til_density: 45.2854367923249","time: T3","subtype_consensus: TN","mut_load: 84","total RNA","For RNA-Seq, sequencing libraries were prepared using TruSeq RNA Sample Preparation kit v2 (RS-122-2001 and RS-122-2002, Illumina). Sequencing of the RNA libraries was performed on an Illumina HiSeq2500 in 100-bp paired-end mode of the TruSeq Rapid PE Cluster kit and the TruSeq Rapid SBS kit.","9606","RNA-Seq data was analyzed using the RSEM42 pipeline with hg19 as the genome reference","Genome_build: hg19","Supplementary_files_format_and_content: expression matrix with gene expression by samples in TPM units","GPL16791","Zhengyan,,Kan","Computational Biology, Oncology Research & Development","Pfizer","10770 Science Center Drive","San Diego","CA","92121","USA","0","Illumina HiSeq 2500","cDNA","transcriptomic","RNA-Seq","BioSample: https://www.ncbi.nlm.nih.gov/biosample/SAMN10593328","NONE","46.72222222","No","0","Not Detected","Not Detected","Invasive ductal carcinoma","30.83135986","0.136415839","0.05122","0.295173869","0.105402659","3.186220331","2","0","0","Negative","Female","0","0","0","Negative","3","80-90%","4","3","60-70%","0.015578816","0","Premenopausal","0","84","AC+T","3","1","0","0","0","Negative","62.63223558","1","TN","TN","ER+","Basal","0","2","1569","45.2854367923249","T3","34646900","cT2N2M0","6","2.502287513","0.334740698","0.334740698","0.3","0.5"
"GSM3514132","OB_16_0347_1","GSM3514132","Public on Oct 12 2020","Dec 14 2018","Oct 12 2020","SRA","1","Primary Tumor","Homo sapiens","gender: Female","age: 55.30277778","menopausal_status: Postmenopausal","bc_family_history: No","brca1_status: 999","brca2_status: 999","cell_type_diagnosis: Invasive ductal carcinoma","er_status_diagnosis: 0","er_score_diagnosis: 0","pr_status_diagnosis: 0","pr_score_diagnosis: 0","her2_status_diagnosis: 0","her2_score_diagnosis: 0","ki67_status_diagnosis: 4","ki67_diagnosis: 0.8","tnm_stage_clinical: cT2N0-1M0","nac_drug: AC+T","er_status_surgery: 999","er_score_surgery: 999","pr_status_surgery: 999","pr_score_surgery: 999","her2_status_surgery: 999","her2_score_surgery: 999","ki67_status_surgery: 999","ki67_surgery: 999","histological_grade: 999","nuclear_grade: 999","lymphovascular_invasion: 999","bilaterality: 0","multiplicity: 0","surgery_type: 1","surgical_site: 2","tumor_size: 0","regional_lymph_nodes: 0","tnm_stage_pathologic: 77","pcr_status: 0","proliferative_index: 46.80752143","cyt_score: 3.398529094","subtype_pam50: Basal","subtype_nmc: TN","subtype_ihc: TN","tumor_purity_pathology: 0.8","cin_score: 8.022793005","tumor_purity_facets: 0.235283917","tumor_purity_consensus: 0.235283917","tumor_ploidy: 2.122515165","cnv_burden_del: 0.000281568","cnv_burden_hemizygote: 0.076663725","loh_burden_burden: 0","cnv_burden_gain: 0.213591715","cnv_burden_amp: 0.001100728","til_count: 279","tissue_area: 9362460","til_density: 29.7998602931281","time: T1","subtype_consensus: TN","mut_load: 18","total RNA","For RNA-Seq, sequencing libraries were prepared using TruSeq RNA Sample Preparation kit v2 (RS-122-2001 and RS-122-2002, Illumina). Sequencing of the RNA libraries was performed on an Illumina HiSeq2500 in 100-bp paired-end mode of the TruSeq Rapid PE Cluster kit and the TruSeq Rapid SBS kit.","9606","RNA-Seq data was analyzed using the RSEM42 pipeline with hg19 as the genome reference","Genome_build: hg19","Supplementary_files_format_and_content: expression matrix with gene expression by samples in TPM units","GPL16791","Zhengyan,,Kan","Computational Biology, Oncology Research & Development","Pfizer","10770 Science Center Drive","San Diego","CA","92121","USA","0","Illumina HiSeq 2500","cDNA","transcriptomic","RNA-Seq","BioSample: https://www.ncbi.nlm.nih.gov/biosample/SAMN10593326","NONE","55.30277778","No","0","999","999","Invasive ductal carcinoma","8.022793005","0.001100728","0.000281568","0.213591715","0.076663725","3.398529094","0","999","0","999","Female","0","999","0","999","999","0.8","4","999","999","0","999","Postmenopausal","0","18","AC+T","999","0","0","999","0","999","46.80752143","0","TN","TN","TN","Basal","1","2","279","29.7998602931281","T1","9362460","cT2N0-1M0","77","2.122515165","0.235283917","0.235283917","0.8","0"
"GSM3514133","OB_16_0347_2","GSM3514133","Public on Oct 12 2020","Dec 14 2018","Oct 12 2020","SRA","1","Primary Tumor","Homo sapiens","gender: Female","age: 55.30277778","menopausal_status: Postmenopausal","bc_family_history: No","brca1_status: 999","brca2_status: 999","cell_type_diagnosis: Invasive ductal carcinoma","er_status_diagnosis: 0","er_score_diagnosis: 0","pr_status_diagnosis: 0","pr_score_diagnosis: 0","her2_status_diagnosis: 0","her2_score_diagnosis: 0","ki67_status_diagnosis: 4","ki67_diagnosis: 0.8","tnm_stage_clinical: cT2N0-1M0","nac_drug: AC+T","er_status_surgery: 999","er_score_surgery: 999","pr_status_surgery: 999","pr_score_surgery: 999","her2_status_surgery: 999","her2_score_surgery: 999","ki67_status_surgery: 999","ki67_surgery: 999","histological_grade: 999","nuclear_grade: 999","lymphovascular_invasion: 999","bilaterality: 0","multiplicity: 0","surgery_type: 1","surgical_site: 2","tumor_size: 0","regional_lymph_nodes: 0","tnm_stage_pathologic: 77","pcr_status: 0","proliferative_index: 19.97257979","cyt_score: 16.04356569","subtype_pam50: Basal","subtype_nmc: NA","subtype_ihc: TN","tumor_purity_pathology: 0.3","cin_score: NA","tumor_purity_facets: NA","tumor_purity_consensus: 0.3","tumor_ploidy: NA","cnv_burden_del: NA","cnv_burden_hemizygote: NA","loh_burden_burden: NA","cnv_burden_gain: NA","cnv_burden_amp: NA","til_count: 184","tissue_area: 11798400","til_density: 15.5953349606726","time: T2","subtype_consensus: TN","mut_load: NA","total RNA","For RNA-Seq, sequencing libraries were prepared using TruSeq RNA Sample Preparation kit v2 (RS-122-2001 and RS-122-2002, Illumina). Sequencing of the RNA libraries was performed on an Illumina HiSeq2500 in 100-bp paired-end mode of the TruSeq Rapid PE Cluster kit and the TruSeq Rapid SBS kit.","9606","RNA-Seq data was analyzed using the RSEM42 pipeline with hg19 as the genome reference","Genome_build: hg19","Supplementary_files_format_and_content: expression matrix with gene expression by samples in TPM units","GPL16791","Zhengyan,,Kan","Computational Biology, Oncology Research & Development","Pfizer","10770 Science Center Drive","San Diego","CA","92121","USA","0","Illumina HiSeq 2500","cDNA","transcriptomic","RNA-Seq","BioSample: https://www.ncbi.nlm.nih.gov/biosample/SAMN10593325","NONE","55.30277778","No","0","999","999","Invasive ductal carcinoma","NA","NA","NA","NA","NA","16.04356569","0","999","0","999","Female","0","999","0","999","999","0.8","4","999","999","NA","999","Postmenopausal","0","NA","AC+T","999","0","0","999","0","999","19.97257979","0","TN","TN","NA","Basal","1","2","184","15.5953349606726","T2","11798400","cT2N0-1M0","77","NA","0.3","NA","0.3","0"
"GSM3514134","OB_16_0348_1","GSM3514134","Public on Oct 12 2020","Dec 14 2018","Oct 12 2020","SRA","1","Primary Tumor","Homo sapiens","gender: Female","age: 55.69166667","menopausal_status: Postmenopausal","bc_family_history: No","brca1_status: 999","brca2_status: 999","cell_type_diagnosis: Invasive ductal carcinoma","er_status_diagnosis: 0","er_score_diagnosis: 0","pr_status_diagnosis: 0","pr_score_diagnosis: 0","her2_status_diagnosis: 0","her2_score_diagnosis: 0","ki67_status_diagnosis: 3","ki67_diagnosis: 60-70%","tnm_stage_clinical: cT2N3M0","nac_drug: AC+T","er_status_surgery: Negative","er_score_surgery: 2","pr_status_surgery: Negative","pr_score_surgery: 0","her2_status_surgery: Negative","her2_score_surgery: 0","ki67_status_surgery: 3","ki67_surgery: 60-70%","histological_grade: 3","nuclear_grade: 3","lymphovascular_invasion: 0","bilaterality: 0","multiplicity: 0","surgery_type: 1","surgical_site: 2","tumor_size: 1.9","regional_lymph_nodes: 1","tnm_stage_pathologic: 6","pcr_status: 1","proliferative_index: 34.70501167","cyt_score: 2.827012557","subtype_pam50: Basal","subtype_nmc: NA","subtype_ihc: TN","tumor_purity_pathology: 0.6","cin_score: NA","tumor_purity_facets: NA","tumor_purity_consensus: 0.6","tumor_ploidy: NA","cnv_burden_del: NA","cnv_burden_hemizygote: NA","loh_burden_burden: NA","cnv_burden_gain: NA","cnv_burden_amp: NA","til_count: 115","tissue_area: 4965290","til_density: 23.1607821496831","time: T1","subtype_consensus: TN","mut_load: NA","total RNA","For RNA-Seq, sequencing libraries were prepared using TruSeq RNA Sample Preparation kit v2 (RS-122-2001 and RS-122-2002, Illumina). Sequencing of the RNA libraries was performed on an Illumina HiSeq2500 in 100-bp paired-end mode of the TruSeq Rapid PE Cluster kit and the TruSeq Rapid SBS kit.","9606","RNA-Seq data was analyzed using the RSEM42 pipeline with hg19 as the genome reference","Genome_build: hg19","Supplementary_files_format_and_content: expression matrix with gene expression by samples in TPM units","GPL16791","Zhengyan,,Kan","Computational Biology, Oncology Research & Development","Pfizer","10770 Science Center Drive","San Diego","CA","92121","USA","0","Illumina HiSeq 2500","cDNA","transcriptomic","RNA-Seq","BioSample: https://www.ncbi.nlm.nih.gov/biosample/SAMN10593323","NONE","55.69166667","No","0","999","999","Invasive ductal carcinoma","NA","NA","NA","NA","NA","2.827012557","0","2","0","Negative","Female","0","0","0","Negative","3","60-70%","3","3","60-70%","NA","0","Postmenopausal","0","NA","AC+T","3","1","0","0","0","Negative","34.70501167","1","TN","TN","NA","Basal","1","2","115","23.1607821496831","T1","4965290","cT2N3M0","6","NA","0.6","NA","0.6","1.9"
"GSM3514135","OB_16_0348_2","GSM3514135","Public on Oct 12 2020","Dec 14 2018","Oct 12 2020","SRA","1","Primary Tumor","Homo sapiens","gender: Female","age: 55.69166667","menopausal_status: Postmenopausal","bc_family_history: No","brca1_status: 999","brca2_status: 999","cell_type_diagnosis: Invasive ductal carcinoma","er_status_diagnosis: 0","er_score_diagnosis: 0","pr_status_diagnosis: 0","pr_score_diagnosis: 0","her2_status_diagnosis: 0","her2_score_diagnosis: 0","ki67_status_diagnosis: 3","ki67_diagnosis: 60-70%","tnm_stage_clinical: cT2N3M0","nac_drug: AC+T","er_status_surgery: Negative","er_score_surgery: 2","pr_status_surgery: Negative","pr_score_surgery: 0","her2_status_surgery: Negative","her2_score_surgery: 0","ki67_status_surgery: 3","ki67_surgery: 60-70%","histological_grade: 3","nuclear_grade: 3","lymphovascular_invasion: 0","bilaterality: 0","multiplicity: 0","surgery_type: 1","surgical_site: 2","tumor_size: 1.9","regional_lymph_nodes: 1","tnm_stage_pathologic: 6","pcr_status: 1","proliferative_index: 24.13137173","cyt_score: 22.21599424","subtype_pam50: Basal","subtype_nmc: TN","subtype_ihc: TN","tumor_purity_pathology: 0.6","cin_score: 25.07532856","tumor_purity_facets: 0.432205324","tumor_purity_consensus: 0.432205324","tumor_ploidy: 2.606657957","cnv_burden_del: 0.000967368","cnv_burden_hemizygote: 0.126231525","loh_burden_burden: 0.242608062","cnv_burden_gain: 0.269656375","cnv_burden_amp: 0.047193187","til_count: 1666","tissue_area: 12414100","til_density: 134.20223777801","time: T2","subtype_consensus: TN","mut_load: 58","total RNA","For RNA-Seq, sequencing libraries were prepared using TruSeq RNA Sample Preparation kit v2 (RS-122-2001 and RS-122-2002, Illumina). Sequencing of the RNA libraries was performed on an Illumina HiSeq2500 in 100-bp paired-end mode of the TruSeq Rapid PE Cluster kit and the TruSeq Rapid SBS kit.","9606","RNA-Seq data was analyzed using the RSEM42 pipeline with hg19 as the genome reference","Genome_build: hg19","Supplementary_files_format_and_content: expression matrix with gene expression by samples in TPM units","GPL16791","Zhengyan,,Kan","Computational Biology, Oncology Research & Development","Pfizer","10770 Science Center Drive","San Diego","CA","92121","USA","0","Illumina HiSeq 2500","cDNA","transcriptomic","RNA-Seq","BioSample: https://www.ncbi.nlm.nih.gov/biosample/SAMN10593322","NONE","55.69166667","No","0","999","999","Invasive ductal carcinoma","25.07532856","0.047193187","0.000967368","0.269656375","0.126231525","22.21599424","0","2","0","Negative","Female","0","0","0","Negative","3","60-70%","3","3","60-70%","0.242608062","0","Postmenopausal","0","58","AC+T","3","1","0","0","0","Negative","24.13137173","1","TN","TN","TN","Basal","1","2","1666","134.20223777801","T2","12414100","cT2N3M0","6","2.606657957","0.432205324","0.432205324","0.6","1.9"
"GSM3514136","OB_16_0355_1","GSM3514136","Public on Oct 12 2020","Dec 14 2018","Oct 12 2020","SRA","1","Primary Tumor","Homo sapiens","gender: Female","age: 32.55555556","menopausal_status: Premenopausal","bc_family_history: No","brca1_status: Not Detected","brca2_status: Detected","cell_type_diagnosis: Invasive ductal carcinoma","er_status_diagnosis: 0","er_score_diagnosis: 0","pr_status_diagnosis: 0","pr_score_diagnosis: 0","her2_status_diagnosis: 0","her2_score_diagnosis: 1","ki67_status_diagnosis: 4","ki67_diagnosis: 0.8","tnm_stage_clinical: cT3N3M0","nac_drug: AC+T","er_status_surgery: Negative","er_score_surgery: 0","pr_status_surgery: Negative","pr_score_surgery: 0","her2_status_surgery: Negative","her2_score_surgery: 0","ki67_status_surgery: 4","ki67_surgery: 0.9","histological_grade: 3","nuclear_grade: 3","lymphovascular_invasion: 1","bilaterality: 0","multiplicity: 0","surgery_type: 0","surgical_site: 1","tumor_size: 3.8","regional_lymph_nodes: 0","tnm_stage_pathologic: 7","pcr_status: 1","proliferative_index: 31.98233","cyt_score: 15.90006604","subtype_pam50: Basal","subtype_nmc: TN","subtype_ihc: TN","tumor_purity_pathology: 0.7","cin_score: 9.000491371","tumor_purity_facets: 0.165618863","tumor_purity_consensus: 0.165618863","tumor_ploidy: 2.068601248","cnv_burden_del: 0.010478508","cnv_burden_hemizygote: 0.164210583","loh_burden_burden: 0","cnv_burden_gain: 0.231160593","cnv_burden_amp: 0.017594449","til_count: 2610","tissue_area: 15082600","til_density: 173.047087372204","time: T1","subtype_consensus: TN","mut_load: 29","total RNA","For RNA-Seq, sequencing libraries were prepared using TruSeq RNA Sample Preparation kit v2 (RS-122-2001 and RS-122-2002, Illumina). Sequencing of the RNA libraries was performed on an Illumina HiSeq2500 in 100-bp paired-end mode of the TruSeq Rapid PE Cluster kit and the TruSeq Rapid SBS kit.","9606","RNA-Seq data was analyzed using the RSEM42 pipeline with hg19 as the genome reference","Genome_build: hg19","Supplementary_files_format_and_content: expression matrix with gene expression by samples in TPM units","GPL16791","Zhengyan,,Kan","Computational Biology, Oncology Research & Development","Pfizer","10770 Science Center Drive","San Diego","CA","92121","USA","0","Illumina HiSeq 2500","cDNA","transcriptomic","RNA-Seq","BioSample: https://www.ncbi.nlm.nih.gov/biosample/SAMN10593321","NONE","32.55555556","No","0","Not Detected","Detected","Invasive ductal carcinoma","9.000491371","0.017594449","0.010478508","0.231160593","0.164210583","15.90006604","0","0","0","Negative","Female","1","0","0","Negative","3","0.8","4","4","0.9","0","1","Premenopausal","0","29","AC+T","3","1","0","0","0","Negative","31.98233","0","TN","TN","TN","Basal","0","1","2610","173.047087372204","T1","15082600","cT3N3M0","7","2.068601248","0.165618863","0.165618863","0.7","3.8"
"GSM3514137","OB_16_0355_2","GSM3514137","Public on Oct 12 2020","Dec 14 2018","Oct 12 2020","SRA","1","Primary Tumor","Homo sapiens","gender: Female","age: 32.55555556","menopausal_status: Premenopausal","bc_family_history: No","brca1_status: Not Detected","brca2_status: Detected","cell_type_diagnosis: Invasive ductal carcinoma","er_status_diagnosis: 0","er_score_diagnosis: 0","pr_status_diagnosis: 0","pr_score_diagnosis: 0","her2_status_diagnosis: 0","her2_score_diagnosis: 1","ki67_status_diagnosis: 4","ki67_diagnosis: 0.8","tnm_stage_clinical: cT3N3M0","nac_drug: AC+T","er_status_surgery: Negative","er_score_surgery: 0","pr_status_surgery: Negative","pr_score_surgery: 0","her2_status_surgery: Negative","her2_score_surgery: 0","ki67_status_surgery: 4","ki67_surgery: 0.9","histological_grade: 3","nuclear_grade: 3","lymphovascular_invasion: 1","bilaterality: 0","multiplicity: 0","surgery_type: 0","surgical_site: 1","tumor_size: 3.8","regional_lymph_nodes: 0","tnm_stage_pathologic: 7","pcr_status: 1","proliferative_index: 35.961092","cyt_score: 34.17883117","subtype_pam50: Basal","subtype_nmc: NA","subtype_ihc: TN","tumor_purity_pathology: 0.6","cin_score: NA","tumor_purity_facets: NA","tumor_purity_consensus: 0.6","tumor_ploidy: NA","cnv_burden_del: NA","cnv_burden_hemizygote: NA","loh_burden_burden: NA","cnv_burden_gain: NA","cnv_burden_amp: NA","til_count: 4363","tissue_area: 23917000","til_density: 182.422544633524","time: T2","subtype_consensus: TN","mut_load: NA","total RNA","For RNA-Seq, sequencing libraries were prepared using TruSeq RNA Sample Preparation kit v2 (RS-122-2001 and RS-122-2002, Illumina). Sequencing of the RNA libraries was performed on an Illumina HiSeq2500 in 100-bp paired-end mode of the TruSeq Rapid PE Cluster kit and the TruSeq Rapid SBS kit.","9606","RNA-Seq data was analyzed using the RSEM42 pipeline with hg19 as the genome reference","Genome_build: hg19","Supplementary_files_format_and_content: expression matrix with gene expression by samples in TPM units","GPL16791","Zhengyan,,Kan","Computational Biology, Oncology Research & Development","Pfizer","10770 Science Center Drive","San Diego","CA","92121","USA","0","Illumina HiSeq 2500","cDNA","transcriptomic","RNA-Seq","BioSample: https://www.ncbi.nlm.nih.gov/biosample/SAMN10593320","NONE","32.55555556","No","0","Not Detected","Detected","Invasive ductal carcinoma","NA","NA","NA","NA","NA","34.17883117","0","0","0","Negative","Female","1","0","0","Negative","3","0.8","4","4","0.9","NA","1","Premenopausal","0","NA","AC+T","3","1","0","0","0","Negative","35.961092","0","TN","TN","NA","Basal","0","1","4363","182.422544633524","T2","23917000","cT3N3M0","7","NA","0.6","NA","0.6","3.8"
"GSM3514138","OB_16_0359_1","GSM3514138","Public on Oct 12 2020","Dec 14 2018","Oct 12 2020","SRA","1","Primary Tumor","Homo sapiens","gender: Female","age: 52.23611111","menopausal_status: Postmenopausal","bc_family_history: No","brca1_status: 999","brca2_status: 999","cell_type_diagnosis: Invasive ductal carcinoma","er_status_diagnosis: 0","er_score_diagnosis: 3","pr_status_diagnosis: 0","pr_score_diagnosis: 0","her2_status_diagnosis: 1","her2_score_diagnosis: 3","ki67_status_diagnosis: 2","ki67_diagnosis: 20-30%","tnm_stage_clinical: cT1N3M0","nac_drug: AC+T+Trastuzumab","er_status_surgery: 999","er_score_surgery: 999","pr_status_surgery: 999","pr_score_surgery: 999","her2_status_surgery: 999","her2_score_surgery: 999","ki67_status_surgery: 999","ki67_surgery: 999","histological_grade: 999","nuclear_grade: 999","lymphovascular_invasion: 999","bilaterality: 0","multiplicity: 0","surgery_type: 1","surgical_site: 1","tumor_size: 0","regional_lymph_nodes: 0","tnm_stage_pathologic: 77","pcr_status: 0","proliferative_index: 25.02346799","cyt_score: 20.8455271","subtype_pam50: Her2","subtype_nmc: HER2+","subtype_ihc: HER2+","tumor_purity_pathology: 0.7","cin_score: 4.454584717","tumor_purity_facets: 0.3","tumor_purity_consensus: 0.3","tumor_ploidy: 2.115775902","cnv_burden_del: 0","cnv_burden_hemizygote: 0.02382002","loh_burden_burden: 0","cnv_burden_gain: 0.042285267","cnv_burden_amp: 0.003104955","til_count: 453","tissue_area: 10025000","til_density: 45.1870324189526","time: T1","subtype_consensus: HER2+","mut_load: 14","total RNA","For RNA-Seq, sequencing libraries were prepared using TruSeq RNA Sample Preparation kit v2 (RS-122-2001 and RS-122-2002, Illumina). Sequencing of the RNA libraries was performed on an Illumina HiSeq2500 in 100-bp paired-end mode of the TruSeq Rapid PE Cluster kit and the TruSeq Rapid SBS kit.","9606","RNA-Seq data was analyzed using the RSEM42 pipeline with hg19 as the genome reference","Genome_build: hg19","Supplementary_files_format_and_content: expression matrix with gene expression by samples in TPM units","GPL16791","Zhengyan,,Kan","Computational Biology, Oncology Research & Development","Pfizer","10770 Science Center Drive","San Diego","CA","92121","USA","0","Illumina HiSeq 2500","cDNA","transcriptomic","RNA-Seq","BioSample: https://www.ncbi.nlm.nih.gov/biosample/SAMN10593319","NONE","52.23611111","No","0","999","999","Invasive ductal carcinoma","4.454584717","0.003104955","0","0.042285267","0.02382002","20.8455271","3","999","0","999","Female","3","999","1","999","999","20-30%","2","999","999","0","999","Postmenopausal","0","14","AC+T+Trastuzumab","999","0","0","999","0","999","25.02346799","0","HER2+","HER2+","HER2+","Her2","1","1","453","45.1870324189526","T1","10025000","cT1N3M0","77","2.115775902","0.3","0.3","0.7","0"
"GSM3514139","OB_16_0359_2","GSM3514139","Public on Oct 12 2020","Dec 14 2018","Oct 12 2020","SRA","1","Primary Tumor","Homo sapiens","gender: Female","age: 52.23611111","menopausal_status: Postmenopausal","bc_family_history: No","brca1_status: 999","brca2_status: 999","cell_type_diagnosis: Invasive ductal carcinoma","er_status_diagnosis: 0","er_score_diagnosis: 3","pr_status_diagnosis: 0","pr_score_diagnosis: 0","her2_status_diagnosis: 1","her2_score_diagnosis: 3","ki67_status_diagnosis: 2","ki67_diagnosis: 20-30%","tnm_stage_clinical: cT1N3M0","nac_drug: AC+T+Trastuzumab","er_status_surgery: 999","er_score_surgery: 999","pr_status_surgery: 999","pr_score_surgery: 999","her2_status_surgery: 999","her2_score_surgery: 999","ki67_status_surgery: 999","ki67_surgery: 999","histological_grade: 999","nuclear_grade: 999","lymphovascular_invasion: 999","bilaterality: 0","multiplicity: 0","surgery_type: 1","surgical_site: 1","tumor_size: 0","regional_lymph_nodes: 0","tnm_stage_pathologic: 77","pcr_status: 0","proliferative_index: 10.29243397","cyt_score: 75.80134893","subtype_pam50: LumB","subtype_nmc: HER2+","subtype_ihc: HER2+","tumor_purity_pathology: 0.8","cin_score: 17.44494701","tumor_purity_facets: 0.206659229","tumor_purity_consensus: 0.206659229","tumor_ploidy: 3.323412369","cnv_burden_del: 0.021783889","cnv_burden_hemizygote: 0.0770757","loh_burden_burden: 0","cnv_burden_gain: 0.544875615","cnv_burden_amp: 0.19929188","til_count: 204","tissue_area: 11290600","til_density: 18.0681274688679","time: T2","subtype_consensus: HER2+","mut_load: 14","total RNA","For RNA-Seq, sequencing libraries were prepared using TruSeq RNA Sample Preparation kit v2 (RS-122-2001 and RS-122-2002, Illumina). Sequencing of the RNA libraries was performed on an Illumina HiSeq2500 in 100-bp paired-end mode of the TruSeq Rapid PE Cluster kit and the TruSeq Rapid SBS kit.","9606","RNA-Seq data was analyzed using the RSEM42 pipeline with hg19 as the genome reference","Genome_build: hg19","Supplementary_files_format_and_content: expression matrix with gene expression by samples in TPM units","GPL16791","Zhengyan,,Kan","Computational Biology, Oncology Research & Development","Pfizer","10770 Science Center Drive","San Diego","CA","92121","USA","0","Illumina HiSeq 2500","cDNA","transcriptomic","RNA-Seq","BioSample: https://www.ncbi.nlm.nih.gov/biosample/SAMN10593318","NONE","52.23611111","No","0","999","999","Invasive ductal carcinoma","17.44494701","0.19929188","0.021783889","0.544875615","0.0770757","75.80134893","3","999","0","999","Female","3","999","1","999","999","20-30%","2","999","999","0","999","Postmenopausal","0","14","AC+T+Trastuzumab","999","0","0","999","0","999","10.29243397","0","HER2+","HER2+","HER2+","LumB","1","1","204","18.0681274688679","T2","11290600","cT1N3M0","77","3.323412369","0.206659229","0.206659229","0.8","0"
"GSM3514140","OB_16_0361_1","GSM3514140","Public on Oct 12 2020","Dec 14 2018","Oct 12 2020","SRA","1","Primary Tumor","Homo sapiens","gender: Female","age: 64.67222222","menopausal_status: Postmenopausal","bc_family_history: No","brca1_status: 999","brca2_status: 999","cell_type_diagnosis: Invasive ductal carcinoma","er_status_diagnosis: 0","er_score_diagnosis: 0","pr_status_diagnosis: 0","pr_score_diagnosis: 0","her2_status_diagnosis: 1","her2_score_diagnosis: 3","ki67_status_diagnosis: 2","ki67_diagnosis: 30-40%","tnm_stage_clinical: cT2N0-1M0","nac_drug: AC+T+Trastuzumab","er_status_surgery: 999","er_score_surgery: 999","pr_status_surgery: 999","pr_score_surgery: 999","her2_status_surgery: 999","her2_score_surgery: 999","ki67_status_surgery: 999","ki67_surgery: 999","histological_grade: 999","nuclear_grade: 999","lymphovascular_invasion: 999","bilaterality: 0","multiplicity: 0","surgery_type: 1","surgical_site: 2","tumor_size: 0","regional_lymph_nodes: 0","tnm_stage_pathologic: 77","pcr_status: 0","proliferative_index: 17.30906961","cyt_score: 28.6294097","subtype_pam50: Her2","subtype_nmc: NA","subtype_ihc: HER2+","tumor_purity_pathology: 0.4","cin_score: NA","tumor_purity_facets: NA","tumor_purity_consensus: 0.4","tumor_ploidy: NA","cnv_burden_del: NA","cnv_burden_hemizygote: NA","loh_burden_burden: NA","cnv_burden_gain: NA","cnv_burden_amp: NA","til_count: 670","tissue_area: 3168590","til_density: 211.450519000565","time: T1","subtype_consensus: HER2+","mut_load: NA","total RNA","For RNA-Seq, sequencing libraries were prepared using TruSeq RNA Sample Preparation kit v2 (RS-122-2001 and RS-122-2002, Illumina). Sequencing of the RNA libraries was performed on an Illumina HiSeq2500 in 100-bp paired-end mode of the TruSeq Rapid PE Cluster kit and the TruSeq Rapid SBS kit.","9606","RNA-Seq data was analyzed using the RSEM42 pipeline with hg19 as the genome reference","Genome_build: hg19","Supplementary_files_format_and_content: expression matrix with gene expression by samples in TPM units","GPL16791","Zhengyan,,Kan","Computational Biology, Oncology Research & Development","Pfizer","10770 Science Center Drive","San Diego","CA","92121","USA","0","Illumina HiSeq 2500","cDNA","transcriptomic","RNA-Seq","BioSample: https://www.ncbi.nlm.nih.gov/biosample/SAMN10593317","NONE","64.67222222","No","0","999","999","Invasive ductal carcinoma","NA","NA","NA","NA","NA","28.6294097","0","999","0","999","Female","3","999","1","999","999","30-40%","2","999","999","NA","999","Postmenopausal","0","NA","AC+T+Trastuzumab","999","0","0","999","0","999","17.30906961","0","HER2+","HER2+","NA","Her2","1","2","670","211.450519000565","T1","3168590","cT2N0-1M0","77","NA","0.4","NA","0.4","0"
"GSM3514141","OB_16_0364_2","GSM3514141","Public on Oct 12 2020","Dec 14 2018","Oct 12 2020","SRA","1","Primary Tumor","Homo sapiens","gender: Female","age: 36.075","menopausal_status: Premenopausal","bc_family_history: No","brca1_status: Not Detected","brca2_status: Not Detected","cell_type_diagnosis: Invasive ductal carcinoma","er_status_diagnosis: 1","er_score_diagnosis: 3","pr_status_diagnosis: 0","pr_score_diagnosis: 0","her2_status_diagnosis: 0","her2_score_diagnosis: 0","ki67_status_diagnosis: 4","ki67_diagnosis: >90%","tnm_stage_clinical: cT1N1M0","nac_drug: AC+T","er_status_surgery: Negative","er_score_surgery: 3","pr_status_surgery: Negative","pr_score_surgery: 0","her2_status_surgery: Negative","her2_score_surgery: 0","ki67_status_surgery: 4","ki67_surgery: 0.9","histological_grade: 3","nuclear_grade: 3","lymphovascular_invasion: 0","bilaterality: 0","multiplicity: 0","surgery_type: 0","surgical_site: 2","tumor_size: 1.5","regional_lymph_nodes: 1","tnm_stage_pathologic: 6","pcr_status: 1","proliferative_index: 65.65747283","cyt_score: 39.59770195","subtype_pam50: Basal","subtype_nmc: TN","subtype_ihc: ER+","tumor_purity_pathology: 0.2","cin_score: 6.366029511","tumor_purity_facets: 0.261992762","tumor_purity_consensus: 0.261992762","tumor_ploidy: 2.026377422","cnv_burden_del: 0.001492556","cnv_burden_hemizygote: 0.096609778","loh_burden_burden: 0","cnv_burden_gain: 0.314170501","cnv_burden_amp: 0","til_count: 2365","tissue_area: 26351300","til_density: 89.7488928439963","time: T2","subtype_consensus: TN","mut_load: 6","total RNA","For RNA-Seq, sequencing libraries were prepared using TruSeq RNA Sample Preparation kit v2 (RS-122-2001 and RS-122-2002, Illumina). Sequencing of the RNA libraries was performed on an Illumina HiSeq2500 in 100-bp paired-end mode of the TruSeq Rapid PE Cluster kit and the TruSeq Rapid SBS kit.","9606","RNA-Seq data was analyzed using the RSEM42 pipeline with hg19 as the genome reference","Genome_build: hg19","Supplementary_files_format_and_content: expression matrix with gene expression by samples in TPM units","GPL16791","Zhengyan,,Kan","Computational Biology, Oncology Research & Development","Pfizer","10770 Science Center Drive","San Diego","CA","92121","USA","0","Illumina HiSeq 2500","cDNA","transcriptomic","RNA-Seq","BioSample: https://www.ncbi.nlm.nih.gov/biosample/SAMN10593316","NONE","36.075","No","0","Not Detected","Not Detected","Invasive ductal carcinoma","6.366029511","0","0.001492556","0.314170501","0.096609778","39.59770195","3","3","1","Negative","Female","0","0","0","Negative","3",">90%","4","4","0.9","0","0","Premenopausal","0","6","AC+T","3","1","0","0","0","Negative","65.65747283","1","TN","ER+","TN","Basal","0","2","2365","89.7488928439963","T2","26351300","cT1N1M0","6","2.026377422","0.261992762","0.261992762","0.2","1.5"
"GSM3514142","OB_16_0364_3","GSM3514142","Public on Oct 12 2020","Dec 14 2018","Oct 12 2020","SRA","1","Primary Tumor","Homo sapiens","gender: Female","age: 36.075","menopausal_status: Premenopausal","bc_family_history: No","brca1_status: Not Detected","brca2_status: Not Detected","cell_type_diagnosis: Invasive ductal carcinoma","er_status_diagnosis: 1","er_score_diagnosis: 3","pr_status_diagnosis: 0","pr_score_diagnosis: 0","her2_status_diagnosis: 0","her2_score_diagnosis: 0","ki67_status_diagnosis: 4","ki67_diagnosis: >90%","tnm_stage_clinical: cT1N1M0","nac_drug: AC+T","er_status_surgery: Negative","er_score_surgery: 3","pr_status_surgery: Negative","pr_score_surgery: 0","her2_status_surgery: Negative","her2_score_surgery: 0","ki67_status_surgery: 4","ki67_surgery: 0.9","histological_grade: 3","nuclear_grade: 3","lymphovascular_invasion: 0","bilaterality: 0","multiplicity: 0","surgery_type: 0","surgical_site: 2","tumor_size: 1.5","regional_lymph_nodes: 1","tnm_stage_pathologic: 6","pcr_status: 1","proliferative_index: 95.67919785","cyt_score: 9.82","subtype_pam50: Basal","subtype_nmc: TN","subtype_ihc: ER+","tumor_purity_pathology: 0.2","cin_score: 18.04379398","tumor_purity_facets: 0.511737117","tumor_purity_consensus: 0.511737117","tumor_ploidy: 2.97345865","cnv_burden_del: 2.97E-05","cnv_burden_hemizygote: 0.05085419","loh_burden_burden: 0.334594228","cnv_burden_gain: 0.183454073","cnv_burden_amp: 0.338516372","til_count: 1039","tissue_area: 3972020","til_density: 261.579750353724","time: T3","subtype_consensus: TN","mut_load: 67","total RNA","For RNA-Seq, sequencing libraries were prepared using TruSeq RNA Sample Preparation kit v2 (RS-122-2001 and RS-122-2002, Illumina). Sequencing of the RNA libraries was performed on an Illumina HiSeq2500 in 100-bp paired-end mode of the TruSeq Rapid PE Cluster kit and the TruSeq Rapid SBS kit.","9606","RNA-Seq data was analyzed using the RSEM42 pipeline with hg19 as the genome reference","Genome_build: hg19","Supplementary_files_format_and_content: expression matrix with gene expression by samples in TPM units","GPL16791","Zhengyan,,Kan","Computational Biology, Oncology Research & Development","Pfizer","10770 Science Center Drive","San Diego","CA","92121","USA","0","Illumina HiSeq 2500","cDNA","transcriptomic","RNA-Seq","BioSample: https://www.ncbi.nlm.nih.gov/biosample/SAMN10593380","NONE","36.075","No","0","Not Detected","Not Detected","Invasive ductal carcinoma","18.04379398","0.338516372","2.97E-05","0.183454073","0.05085419","9.82","3","3","1","Negative","Female","0","0","0","Negative","3",">90%","4","4","0.9","0.334594228","0","Premenopausal","0","67","AC+T","3","1","0","0","0","Negative","95.67919785","1","TN","ER+","TN","Basal","0","2","1039","261.579750353724","T3","3972020","cT1N1M0","6","2.97345865","0.511737117","0.511737117","0.2","1.5"
"GSM3514143","OB_17_0001_1","GSM3514143","Public on Oct 12 2020","Dec 14 2018","Oct 12 2020","SRA","1","Primary Tumor","Homo sapiens","gender: Female","age: 39.20833333","menopausal_status: Premenopausal","bc_family_history: No","brca1_status: Not Detected","brca2_status: Not Detected","cell_type_diagnosis: Invasive ductal carcinoma","er_status_diagnosis: 0","er_score_diagnosis: 0","pr_status_diagnosis: 0","pr_score_diagnosis: 0","her2_status_diagnosis: 0","her2_score_diagnosis: 1","ki67_status_diagnosis: 3","ki67_diagnosis: 60-70%","tnm_stage_clinical: cT3N1-2M0","nac_drug: AC+T","er_status_surgery: Negative","er_score_surgery: 0","pr_status_surgery: Negative","pr_score_surgery: 0","her2_status_surgery: Negative","her2_score_surgery: 0","ki67_status_surgery: 4","ki67_surgery: >90%","histological_grade: 3","nuclear_grade: 3","lymphovascular_invasion: 1","bilaterality: 0","multiplicity: 0","surgery_type: 0","surgical_site: 2","tumor_size: 4.8","regional_lymph_nodes: 22","tnm_stage_pathologic: 18","pcr_status: 1","proliferative_index: 51.10059484","cyt_score: 9.219148551","subtype_pam50: Basal","subtype_nmc: TN","subtype_ihc: TN","tumor_purity_pathology: 0.9","cin_score: 35.82236657","tumor_purity_facets: 0.252247067","tumor_purity_consensus: 0.252247067","tumor_ploidy: 6.745344631","cnv_burden_del: 0.000135142","cnv_burden_hemizygote: 0.005513286","loh_burden_burden: 0.040162555","cnv_burden_gain: 0.245435188","cnv_burden_amp: 0.476172397","til_count: 411","tissue_area: 7876110","til_density: 52.1831208553461","time: T1","subtype_consensus: TN","mut_load: 22","total RNA","For RNA-Seq, sequencing libraries were prepared using TruSeq RNA Sample Preparation kit v2 (RS-122-2001 and RS-122-2002, Illumina). Sequencing of the RNA libraries was performed on an Illumina HiSeq2500 in 100-bp paired-end mode of the TruSeq Rapid PE Cluster kit and the TruSeq Rapid SBS kit.","9606","RNA-Seq data was analyzed using the RSEM42 pipeline with hg19 as the genome reference","Genome_build: hg19","Supplementary_files_format_and_content: expression matrix with gene expression by samples in TPM units","GPL16791","Zhengyan,,Kan","Computational Biology, Oncology Research & Development","Pfizer","10770 Science Center Drive","San Diego","CA","92121","USA","0","Illumina HiSeq 2500","cDNA","transcriptomic","RNA-Seq","BioSample: https://www.ncbi.nlm.nih.gov/biosample/SAMN10593379","NONE","39.20833333","No","0","Not Detected","Not Detected","Invasive ductal carcinoma","35.82236657","0.476172397","0.000135142","0.245435188","0.005513286","9.219148551","0","0","0","Negative","Female","1","0","0","Negative","3","60-70%","3","4",">90%","0.040162555","1","Premenopausal","0","22","AC+T","3","1","0","0","0","Negative","51.10059484","22","TN","TN","TN","Basal","0","2","411","52.1831208553461","T1","7876110","cT3N1-2M0","18","6.745344631","0.252247067","0.252247067","0.9","4.8"
"GSM3514144","OB_17_0001_2","GSM3514144","Public on Oct 12 2020","Dec 14 2018","Oct 12 2020","SRA","1","Primary Tumor","Homo sapiens","gender: Female","age: 39.20833333","menopausal_status: Premenopausal","bc_family_history: No","brca1_status: Not Detected","brca2_status: Not Detected","cell_type_diagnosis: Invasive ductal carcinoma","er_status_diagnosis: 0","er_score_diagnosis: 0","pr_status_diagnosis: 0","pr_score_diagnosis: 0","her2_status_diagnosis: 0","her2_score_diagnosis: 1","ki67_status_diagnosis: 3","ki67_diagnosis: 60-70%","tnm_stage_clinical: cT3N1-2M0","nac_drug: AC+T","er_status_surgery: Negative","er_score_surgery: 0","pr_status_surgery: Negative","pr_score_surgery: 0","her2_status_surgery: Negative","her2_score_surgery: 0","ki67_status_surgery: 4","ki67_surgery: >90%","histological_grade: 3","nuclear_grade: 3","lymphovascular_invasion: 1","bilaterality: 0","multiplicity: 0","surgery_type: 0","surgical_site: 2","tumor_size: 4.8","regional_lymph_nodes: 22","tnm_stage_pathologic: 18","pcr_status: 1","proliferative_index: 25.2545339","cyt_score: 28.12024182","subtype_pam50: Basal","subtype_nmc: TN","subtype_ihc: TN","tumor_purity_pathology: 0.4","cin_score: 8.582363657","tumor_purity_facets: 0.177793635","tumor_purity_consensus: 0.177793635","tumor_ploidy: 1.610608483","cnv_burden_del: 0.023875963","cnv_burden_hemizygote: 0.10851447","loh_burden_burden: 0","cnv_burden_gain: 0.068851694","cnv_burden_amp: 0","til_count: 1548","tissue_area: 14528700","til_density: 106.547729666109","time: T2","subtype_consensus: TN","mut_load: 3","total RNA","For RNA-Seq, sequencing libraries were prepared using TruSeq RNA Sample Preparation kit v2 (RS-122-2001 and RS-122-2002, Illumina). Sequencing of the RNA libraries was performed on an Illumina HiSeq2500 in 100-bp paired-end mode of the TruSeq Rapid PE Cluster kit and the TruSeq Rapid SBS kit.","9606","RNA-Seq data was analyzed using the RSEM42 pipeline with hg19 as the genome reference","Genome_build: hg19","Supplementary_files_format_and_content: expression matrix with gene expression by samples in TPM units","GPL16791","Zhengyan,,Kan","Computational Biology, Oncology Research & Development","Pfizer","10770 Science Center Drive","San Diego","CA","92121","USA","0","Illumina HiSeq 2500","cDNA","transcriptomic","RNA-Seq","BioSample: https://www.ncbi.nlm.nih.gov/biosample/SAMN10593378","NONE","39.20833333","No","0","Not Detected","Not Detected","Invasive ductal carcinoma","8.582363657","0","0.023875963","0.068851694","0.10851447","28.12024182","0","0","0","Negative","Female","1","0","0","Negative","3","60-70%","3","4",">90%","0","1","Premenopausal","0","3","AC+T","3","1","0","0","0","Negative","25.2545339","22","TN","TN","TN","Basal","0","2","1548","106.547729666109","T2","14528700","cT3N1-2M0","18","1.610608483","0.177793635","0.177793635","0.4","4.8"
"GSM3514145","OB_17_0001_3","GSM3514145","Public on Oct 12 2020","Dec 14 2018","Oct 12 2020","SRA","1","Primary Tumor","Homo sapiens","gender: Female","age: 39.20833333","menopausal_status: Premenopausal","bc_family_history: No","brca1_status: Not Detected","brca2_status: Not Detected","cell_type_diagnosis: Invasive ductal carcinoma","er_status_diagnosis: 0","er_score_diagnosis: 0","pr_status_diagnosis: 0","pr_score_diagnosis: 0","her2_status_diagnosis: 0","her2_score_diagnosis: 1","ki67_status_diagnosis: 3","ki67_diagnosis: 60-70%","tnm_stage_clinical: cT3N1-2M0","nac_drug: AC+T","er_status_surgery: Negative","er_score_surgery: 0","pr_status_surgery: Negative","pr_score_surgery: 0","her2_status_surgery: Negative","her2_score_surgery: 0","ki67_status_surgery: 4","ki67_surgery: >90%","histological_grade: 3","nuclear_grade: 3","lymphovascular_invasion: 1","bilaterality: 0","multiplicity: 0","surgery_type: 0","surgical_site: 2","tumor_size: 4.8","regional_lymph_nodes: 22","tnm_stage_pathologic: 18","pcr_status: 1","proliferative_index: 41.17481349","cyt_score: 8.67226614","subtype_pam50: Basal","subtype_nmc: ER+","subtype_ihc: TN","tumor_purity_pathology: 0.4","cin_score: 30.46491463","tumor_purity_facets: 0.431408263","tumor_purity_consensus: 0.431408263","tumor_ploidy: 2.559983006","cnv_burden_del: 0.091772719","cnv_burden_hemizygote: 0.06891796","loh_burden_burden: 0.021660649","cnv_burden_gain: 0.211565726","cnv_burden_amp: 0.377355417","til_count: 1319","tissue_area: 38692100","til_density: 34.0896462068484","time: T3","subtype_consensus: TN","mut_load: 14","total RNA","For RNA-Seq, sequencing libraries were prepared using TruSeq RNA Sample Preparation kit v2 (RS-122-2001 and RS-122-2002, Illumina). Sequencing of the RNA libraries was performed on an Illumina HiSeq2500 in 100-bp paired-end mode of the TruSeq Rapid PE Cluster kit and the TruSeq Rapid SBS kit.","9606","RNA-Seq data was analyzed using the RSEM42 pipeline with hg19 as the genome reference","Genome_build: hg19","Supplementary_files_format_and_content: expression matrix with gene expression by samples in TPM units","GPL16791","Zhengyan,,Kan","Computational Biology, Oncology Research & Development","Pfizer","10770 Science Center Drive","San Diego","CA","92121","USA","0","Illumina HiSeq 2500","cDNA","transcriptomic","RNA-Seq","BioSample: https://www.ncbi.nlm.nih.gov/biosample/SAMN10593377","NONE","39.20833333","No","0","Not Detected","Not Detected","Invasive ductal carcinoma","30.46491463","0.377355417","0.091772719","0.211565726","0.06891796","8.67226614","0","0","0","Negative","Female","1","0","0","Negative","3","60-70%","3","4",">90%","0.021660649","1","Premenopausal","0","14","AC+T","3","1","0","0","0","Negative","41.17481349","22","TN","TN","ER+","Basal","0","2","1319","34.0896462068484","T3","38692100","cT3N1-2M0","18","2.559983006","0.431408263","0.431408263","0.4","4.8"
"GSM3514146","OB_17_0018_2","GSM3514146","Public on Oct 12 2020","Dec 14 2018","Oct 12 2020","SRA","1","Primary Tumor","Homo sapiens","gender: Female","age: 43.80833333","menopausal_status: Premenopausal","bc_family_history: Yes","brca1_status: Not Detected","brca2_status: Not Detected","cell_type_diagnosis: Invasive ductal carcinoma","er_status_diagnosis: 0","er_score_diagnosis: 0","pr_status_diagnosis: 0","pr_score_diagnosis: 0","her2_status_diagnosis: 0","her2_score_diagnosis: 0","ki67_status_diagnosis: 4","ki67_diagnosis: >90%","tnm_stage_clinical: cT2N1M0","nac_drug: AC+T","er_status_surgery: 999","er_score_surgery: 999","pr_status_surgery: 999","pr_score_surgery: 999","her2_status_surgery: 999","her2_score_surgery: 999","ki67_status_surgery: 999","ki67_surgery: 999","histological_grade: 999","nuclear_grade: 999","lymphovascular_invasion: 999","bilaterality: 0","multiplicity: 0","surgery_type: 1","surgical_site: 2","tumor_size: 0","regional_lymph_nodes: 0","tnm_stage_pathologic: 77","pcr_status: 0","proliferative_index: 63.23045023","cyt_score: 14.0068983","subtype_pam50: Basal","subtype_nmc: ER+","subtype_ihc: TN","tumor_purity_pathology: 0.7","cin_score: 40.24475728","tumor_purity_facets: 0.298348945","tumor_purity_consensus: 0.298348945","tumor_ploidy: 2.388296886","cnv_burden_del: 0.024145791","cnv_burden_hemizygote: 0.137117991","loh_burden_burden: 0","cnv_burden_gain: 0.313374254","cnv_burden_amp: 0.163480784","til_count: 681","tissue_area: 15935100","til_density: 42.7358472805317","time: T2","subtype_consensus: TN","mut_load: 28","total RNA","For RNA-Seq, sequencing libraries were prepared using TruSeq RNA Sample Preparation kit v2 (RS-122-2001 and RS-122-2002, Illumina). Sequencing of the RNA libraries was performed on an Illumina HiSeq2500 in 100-bp paired-end mode of the TruSeq Rapid PE Cluster kit and the TruSeq Rapid SBS kit.","9606","RNA-Seq data was analyzed using the RSEM42 pipeline with hg19 as the genome reference","Genome_build: hg19","Supplementary_files_format_and_content: expression matrix with gene expression by samples in TPM units","GPL16791","Zhengyan,,Kan","Computational Biology, Oncology Research & Development","Pfizer","10770 Science Center Drive","San Diego","CA","92121","USA","0","Illumina HiSeq 2500","cDNA","transcriptomic","RNA-Seq","BioSample: https://www.ncbi.nlm.nih.gov/biosample/SAMN10593376","NONE","43.80833333","Yes","0","Not Detected","Not Detected","Invasive ductal carcinoma","40.24475728","0.163480784","0.024145791","0.313374254","0.137117991","14.0068983","0","999","0","999","Female","0","999","0","999","999",">90%","4","999","999","0","999","Premenopausal","0","28","AC+T","999","0","0","999","0","999","63.23045023","0","TN","TN","ER+","Basal","1","2","681","42.7358472805317","T2","15935100","cT2N1M0","77","2.388296886","0.298348945","0.298348945","0.7","0"
"GSM3514147","OB_17_0038_1","GSM3514147","Public on Oct 12 2020","Dec 14 2018","Oct 12 2020","SRA","1","Primary Tumor","Homo sapiens","gender: Female","age: 49.96111111","menopausal_status: Premenopausal","bc_family_history: No","brca1_status: 999","brca2_status: 999","cell_type_diagnosis: Invasive ductal carcinoma","er_status_diagnosis: 1","er_score_diagnosis: 3","pr_status_diagnosis: 0","pr_score_diagnosis: 3","her2_status_diagnosis: 7","her2_score_diagnosis: 3","ki67_status_diagnosis: 2","ki67_diagnosis: 30-40%","tnm_stage_clinical: cT2N2-3M0","nac_drug: AC+T","er_status_surgery: Positive","er_score_surgery: 5","pr_status_surgery: Negative","pr_score_surgery: 3","her2_status_surgery: Negative","her2_score_surgery: 0","ki67_status_surgery: 1","ki67_surgery: 10-20%","histological_grade: 3","nuclear_grade: 3","lymphovascular_invasion: 1","bilaterality: 0","multiplicity: 0","surgery_type: 1","surgical_site: 2","tumor_size: 2.5","regional_lymph_nodes: 0","tnm_stage_pathologic: 7","pcr_status: 1","proliferative_index: 18.69303153","cyt_score: 2.402207318","subtype_pam50: LumB","subtype_nmc: TN","subtype_ihc: ER+","tumor_purity_pathology: 0.8","cin_score: 30.81322824","tumor_purity_facets: 0.249549548","tumor_purity_consensus: 0.249549548","tumor_ploidy: 3.335059962","cnv_burden_del: 0.033082205","cnv_burden_hemizygote: 0.081163564","loh_burden_burden: 0.016066447","cnv_burden_gain: 0.370453005","cnv_burden_amp: 0.263386803","til_count: 708","tissue_area: 28577800","til_density: 24.7744752920099","time: T1","subtype_consensus: ER+","mut_load: 107","total RNA","For RNA-Seq, sequencing libraries were prepared using TruSeq RNA Sample Preparation kit v2 (RS-122-2001 and RS-122-2002, Illumina). Sequencing of the RNA libraries was performed on an Illumina HiSeq2500 in 100-bp paired-end mode of the TruSeq Rapid PE Cluster kit and the TruSeq Rapid SBS kit.","9606","RNA-Seq data was analyzed using the RSEM42 pipeline with hg19 as the genome reference","Genome_build: hg19","Supplementary_files_format_and_content: expression matrix with gene expression by samples in TPM units","GPL16791","Zhengyan,,Kan","Computational Biology, Oncology Research & Development","Pfizer","10770 Science Center Drive","San Diego","CA","92121","USA","0","Illumina HiSeq 2500","cDNA","transcriptomic","RNA-Seq","BioSample: https://www.ncbi.nlm.nih.gov/biosample/SAMN10593375","NONE","49.96111111","No","0","999","999","Invasive ductal carcinoma","30.81322824","0.263386803","0.033082205","0.370453005","0.081163564","2.402207318","3","5","1","Positive","Female","3","0","7","Negative","3","30-40%","2","1","10-20%","0.016066447","1","Premenopausal","0","107","AC+T","3","1","3","3","0","Negative","18.69303153","0","ER+","ER+","TN","LumB","1","2","708","24.7744752920099","T1","28577800","cT2N2-3M0","7","3.335059962","0.249549548","0.249549548","0.8","2.5"
"GSM3514148","OB_17_0038_2","GSM3514148","Public on Oct 12 2020","Dec 14 2018","Oct 12 2020","SRA","1","Primary Tumor","Homo sapiens","gender: Female","age: 49.96111111","menopausal_status: Premenopausal","bc_family_history: No","brca1_status: 999","brca2_status: 999","cell_type_diagnosis: Invasive ductal carcinoma","er_status_diagnosis: 1","er_score_diagnosis: 3","pr_status_diagnosis: 0","pr_score_diagnosis: 3","her2_status_diagnosis: 7","her2_score_diagnosis: 3","ki67_status_diagnosis: 2","ki67_diagnosis: 30-40%","tnm_stage_clinical: cT2N2-3M0","nac_drug: AC+T","er_status_surgery: Positive","er_score_surgery: 5","pr_status_surgery: Negative","pr_score_surgery: 3","her2_status_surgery: Negative","her2_score_surgery: 0","ki67_status_surgery: 1","ki67_surgery: 10-20%","histological_grade: 3","nuclear_grade: 3","lymphovascular_invasion: 1","bilaterality: 0","multiplicity: 0","surgery_type: 1","surgical_site: 2","tumor_size: 2.5","regional_lymph_nodes: 0","tnm_stage_pathologic: 7","pcr_status: 1","proliferative_index: 12.97452262","cyt_score: 4.196248324","subtype_pam50: Her2","subtype_nmc: ER+","subtype_ihc: ER+","tumor_purity_pathology: 0.4","cin_score: 25.06736434","tumor_purity_facets: 0.345575993","tumor_purity_consensus: 0.345575993","tumor_ploidy: 3.15054912","cnv_burden_del: 0","cnv_burden_hemizygote: 0.040353866","loh_burden_burden: 0","cnv_burden_gain: 0.581461196","cnv_burden_amp: 0.16748945","til_count: 681","tissue_area: 16557800","til_density: 41.1286523571972","time: T2","subtype_consensus: ER+","mut_load: 27","total RNA","For RNA-Seq, sequencing libraries were prepared using TruSeq RNA Sample Preparation kit v2 (RS-122-2001 and RS-122-2002, Illumina). Sequencing of the RNA libraries was performed on an Illumina HiSeq2500 in 100-bp paired-end mode of the TruSeq Rapid PE Cluster kit and the TruSeq Rapid SBS kit.","9606","RNA-Seq data was analyzed using the RSEM42 pipeline with hg19 as the genome reference","Genome_build: hg19","Supplementary_files_format_and_content: expression matrix with gene expression by samples in TPM units","GPL16791","Zhengyan,,Kan","Computational Biology, Oncology Research & Development","Pfizer","10770 Science Center Drive","San Diego","CA","92121","USA","0","Illumina HiSeq 2500","cDNA","transcriptomic","RNA-Seq","BioSample: https://www.ncbi.nlm.nih.gov/biosample/SAMN10593374","NONE","49.96111111","No","0","999","999","Invasive ductal carcinoma","25.06736434","0.16748945","0","0.581461196","0.040353866","4.196248324","3","5","1","Positive","Female","3","0","7","Negative","3","30-40%","2","1","10-20%","0","1","Premenopausal","0","27","AC+T","3","1","3","3","0","Negative","12.97452262","0","ER+","ER+","ER+","Her2","1","2","681","41.1286523571972","T2","16557800","cT2N2-3M0","7","3.15054912","0.345575993","0.345575993","0.4","2.5"
"GSM3514149","OB_17_0038_3","GSM3514149","Public on Oct 12 2020","Dec 14 2018","Oct 12 2020","SRA","1","Primary Tumor","Homo sapiens","gender: Female","age: 49.96111111","menopausal_status: Premenopausal","bc_family_history: No","brca1_status: 999","brca2_status: 999","cell_type_diagnosis: Invasive ductal carcinoma","er_status_diagnosis: 1","er_score_diagnosis: 3","pr_status_diagnosis: 0","pr_score_diagnosis: 3","her2_status_diagnosis: 7","her2_score_diagnosis: 3","ki67_status_diagnosis: 2","ki67_diagnosis: 30-40%","tnm_stage_clinical: cT2N2-3M0","nac_drug: AC+T","er_status_surgery: Positive","er_score_surgery: 5","pr_status_surgery: Negative","pr_score_surgery: 3","her2_status_surgery: Negative","her2_score_surgery: 0","ki67_status_surgery: 1","ki67_surgery: 10-20%","histological_grade: 3","nuclear_grade: 3","lymphovascular_invasion: 1","bilaterality: 0","multiplicity: 0","surgery_type: 1","surgical_site: 2","tumor_size: 2.5","regional_lymph_nodes: 0","tnm_stage_pathologic: 7","pcr_status: 1","proliferative_index: 4.249759636","cyt_score: 3.927352798","subtype_pam50: LumA","subtype_nmc: TN","subtype_ihc: ER+","tumor_purity_pathology: 0.7","cin_score: 24.2846156","tumor_purity_facets: 0.295021624","tumor_purity_consensus: 0.295021624","tumor_ploidy: 3.35310202","cnv_burden_del: 0.004161657","cnv_burden_hemizygote: 0.043204773","loh_burden_burden: 0","cnv_burden_gain: 0.579153257","cnv_burden_amp: 0.214815836","til_count: 180","tissue_area: 16500100","til_density: 10.9090247937891","time: T3","subtype_consensus: ER+","mut_load: 46","total RNA","For RNA-Seq, sequencing libraries were prepared using TruSeq RNA Sample Preparation kit v2 (RS-122-2001 and RS-122-2002, Illumina). Sequencing of the RNA libraries was performed on an Illumina HiSeq2500 in 100-bp paired-end mode of the TruSeq Rapid PE Cluster kit and the TruSeq Rapid SBS kit.","9606","RNA-Seq data was analyzed using the RSEM42 pipeline with hg19 as the genome reference","Genome_build: hg19","Supplementary_files_format_and_content: expression matrix with gene expression by samples in TPM units","GPL16791","Zhengyan,,Kan","Computational Biology, Oncology Research & Development","Pfizer","10770 Science Center Drive","San Diego","CA","92121","USA","0","Illumina HiSeq 2500","cDNA","transcriptomic","RNA-Seq","BioSample: https://www.ncbi.nlm.nih.gov/biosample/SAMN10593373","NONE","49.96111111","No","0","999","999","Invasive ductal carcinoma","24.2846156","0.214815836","0.004161657","0.579153257","0.043204773","3.927352798","3","5","1","Positive","Female","3","0","7","Negative","3","30-40%","2","1","10-20%","0","1","Premenopausal","0","46","AC+T","3","1","3","3","0","Negative","4.249759636","0","ER+","ER+","TN","LumA","1","2","180","10.9090247937891","T3","16500100","cT2N2-3M0","7","3.35310202","0.295021624","0.295021624","0.7","2.5"
"GSM3514150","OB_17_0045_1","GSM3514150","Public on Oct 12 2020","Dec 14 2018","Oct 12 2020","SRA","1","Primary Tumor","Homo sapiens","gender: Female","age: 44.69722222","menopausal_status: Premenopausal","bc_family_history: No","brca1_status: 999","brca2_status: 999","cell_type_diagnosis: Invasive ductal carcinoma","er_status_diagnosis: 1","er_score_diagnosis: 8","pr_status_diagnosis: 1","pr_score_diagnosis: 8","her2_status_diagnosis: 1","her2_score_diagnosis: 3","ki67_status_diagnosis: 2","ki67_diagnosis: 20-30%","tnm_stage_clinical: cT3N1M0","nac_drug: TCHP","er_status_surgery: Positive","er_score_surgery: 8","pr_status_surgery: Positive","pr_score_surgery: 5","her2_status_surgery: Positive","her2_score_surgery: 3","ki67_status_surgery: 1","ki67_surgery: 10-20%","histological_grade: 2","nuclear_grade: 2","lymphovascular_invasion: 0","bilaterality: 0","multiplicity: 0","surgery_type: 0","surgical_site: 1","tumor_size: 7","regional_lymph_nodes: 7","tnm_stage_pathologic: 14","pcr_status: 1","proliferative_index: 15.99447756","cyt_score: 1.869010433","subtype_pam50: LumB","subtype_nmc: ER+HER2+","subtype_ihc: ER+HER2+","tumor_purity_pathology: 0.9","cin_score: 13.71529993","tumor_purity_facets: 0.351616422","tumor_purity_consensus: 0.351616422","tumor_ploidy: 1.758355068","cnv_burden_del: 0.024406757","cnv_burden_hemizygote: 0.241167924","loh_burden_burden: 0.003012301","cnv_burden_gain: 0.05562966","cnv_burden_amp: 0.003995186","til_count: 1302","tissue_area: 23157800","til_density: 56.2229572757343","time: T1","subtype_consensus: ER+HER2+","mut_load: 31","total RNA","For RNA-Seq, sequencing libraries were prepared using TruSeq RNA Sample Preparation kit v2 (RS-122-2001 and RS-122-2002, Illumina). Sequencing of the RNA libraries was performed on an Illumina HiSeq2500 in 100-bp paired-end mode of the TruSeq Rapid PE Cluster kit and the TruSeq Rapid SBS kit.","9606","RNA-Seq data was analyzed using the RSEM42 pipeline with hg19 as the genome reference","Genome_build: hg19","Supplementary_files_format_and_content: expression matrix with gene expression by samples in TPM units","GPL16791","Zhengyan,,Kan","Computational Biology, Oncology Research & Development","Pfizer","10770 Science Center Drive","San Diego","CA","92121","USA","0","Illumina HiSeq 2500","cDNA","transcriptomic","RNA-Seq","BioSample: https://www.ncbi.nlm.nih.gov/biosample/SAMN10593372","NONE","44.69722222","No","0","999","999","Invasive ductal carcinoma","13.71529993","0.003995186","0.024406757","0.05562966","0.241167924","1.869010433","8","8","1","Positive","Female","3","3","1","Positive","2","20-30%","2","1","10-20%","0.003012301","0","Premenopausal","0","31","TCHP","2","1","8","5","1","Positive","15.99447756","7","ER+HER2+","ER+HER2+","ER+HER2+","LumB","0","1","1302","56.2229572757343","T1","23157800","cT3N1M0","14","1.758355068","0.351616422","0.351616422","0.9","7"
"GSM3514151","OB_17_0050_1","GSM3514151","Public on Oct 12 2020","Dec 14 2018","Oct 12 2020","SRA","1","Primary Tumor","Homo sapiens","gender: Female","age: 50.58888889","menopausal_status: Postmenopausal","bc_family_history: No","brca1_status: 999","brca2_status: 999","cell_type_diagnosis: Invasive ductal carcinoma","er_status_diagnosis: 0","er_score_diagnosis: 0","pr_status_diagnosis: 0","pr_score_diagnosis: 0","her2_status_diagnosis: 0","her2_score_diagnosis: 2","ki67_status_diagnosis: 4","ki67_diagnosis: 70-80%","tnm_stage_clinical: cT2-3N3M0","nac_drug: AC+T","er_status_surgery: 999","er_score_surgery: 999","pr_status_surgery: 999","pr_score_surgery: 999","her2_status_surgery: 999","her2_score_surgery: 999","ki67_status_surgery: 999","ki67_surgery: 999","histological_grade: 999","nuclear_grade: 999","lymphovascular_invasion: 999","bilaterality: 0","multiplicity: 0","surgery_type: 1","surgical_site: 1","tumor_size: 0","regional_lymph_nodes: 0","tnm_stage_pathologic: 77","pcr_status: 0","proliferative_index: 21.95081529","cyt_score: 8.873781607","subtype_pam50: Her2","subtype_nmc: TN","subtype_ihc: TN","tumor_purity_pathology: 0.8","cin_score: 30.01313788","tumor_purity_facets: 0.486677445","tumor_purity_consensus: 0.486677445","tumor_ploidy: 3.373486764","cnv_burden_del: 0.000331984","cnv_burden_hemizygote: 0.035503549","loh_burden_burden: 0.026387597","cnv_burden_gain: 0.386174358","cnv_burden_amp: 0.294203012","til_count: 3490","tissue_area: 31366700","til_density: 111.264493874077","time: T1","subtype_consensus: TN","mut_load: 60","total RNA","For RNA-Seq, sequencing libraries were prepared using TruSeq RNA Sample Preparation kit v2 (RS-122-2001 and RS-122-2002, Illumina). Sequencing of the RNA libraries was performed on an Illumina HiSeq2500 in 100-bp paired-end mode of the TruSeq Rapid PE Cluster kit and the TruSeq Rapid SBS kit.","9606","RNA-Seq data was analyzed using the RSEM42 pipeline with hg19 as the genome reference","Genome_build: hg19","Supplementary_files_format_and_content: expression matrix with gene expression by samples in TPM units","GPL16791","Zhengyan,,Kan","Computational Biology, Oncology Research & Development","Pfizer","10770 Science Center Drive","San Diego","CA","92121","USA","0","Illumina HiSeq 2500","cDNA","transcriptomic","RNA-Seq","BioSample: https://www.ncbi.nlm.nih.gov/biosample/SAMN10593371","NONE","50.58888889","No","0","999","999","Invasive ductal carcinoma","30.01313788","0.294203012","0.000331984","0.386174358","0.035503549","8.873781607","0","999","0","999","Female","2","999","0","999","999","70-80%","4","999","999","0.026387597","999","Postmenopausal","0","60","AC+T","999","0","0","999","0","999","21.95081529","0","TN","TN","TN","Her2","1","1","3490","111.264493874077","T1","31366700","cT2-3N3M0","77","3.373486764","0.486677445","0.486677445","0.8","0"
"GSM3514152","OB_17_0058_1","GSM3514152","Public on Oct 12 2020","Dec 14 2018","Oct 12 2020","SRA","1","Primary Tumor","Homo sapiens","gender: Female","age: 57.03055556","menopausal_status: Postmenopausal","bc_family_history: No","brca1_status: 999","brca2_status: 999","cell_type_diagnosis: Invasive ductal carcinoma","er_status_diagnosis: 0","er_score_diagnosis: 2","pr_status_diagnosis: 0","pr_score_diagnosis: 0","her2_status_diagnosis: 1","her2_score_diagnosis: 3","ki67_status_diagnosis: 4","ki67_diagnosis: 80-90%","tnm_stage_clinical: cT2N3M0","nac_drug: AC+T+Trastuzumab","er_status_surgery: 999","er_score_surgery: 999","pr_status_surgery: 999","pr_score_surgery: 999","her2_status_surgery: 999","her2_score_surgery: 999","ki67_status_surgery: 999","ki67_surgery: 999","histological_grade: 999","nuclear_grade: 999","lymphovascular_invasion: 999","bilaterality: 0","multiplicity: 0","surgery_type: 1","surgical_site: 1","tumor_size: 0","regional_lymph_nodes: 0","tnm_stage_pathologic: 77","pcr_status: 0","proliferative_index: 46.13208933","cyt_score: 19.68044715","subtype_pam50: Basal","subtype_nmc: HER2+","subtype_ihc: HER2+","tumor_purity_pathology: 0.3","cin_score: 23.32432587","tumor_purity_facets: 0.346744597","tumor_purity_consensus: 0.346744597","tumor_ploidy: 2.798605615","cnv_burden_del: 0.007111689","cnv_burden_hemizygote: 0.092710421","loh_burden_burden: 0.001070589","cnv_burden_gain: 0.612671141","cnv_burden_amp: 0.076783471","til_count: 5751","tissue_area: 38955900","til_density: 147.628472195483","time: T1","subtype_consensus: HER2+","mut_load: 11","total RNA","For RNA-Seq, sequencing libraries were prepared using TruSeq RNA Sample Preparation kit v2 (RS-122-2001 and RS-122-2002, Illumina). Sequencing of the RNA libraries was performed on an Illumina HiSeq2500 in 100-bp paired-end mode of the TruSeq Rapid PE Cluster kit and the TruSeq Rapid SBS kit.","9606","RNA-Seq data was analyzed using the RSEM42 pipeline with hg19 as the genome reference","Genome_build: hg19","Supplementary_files_format_and_content: expression matrix with gene expression by samples in TPM units","GPL16791","Zhengyan,,Kan","Computational Biology, Oncology Research & Development","Pfizer","10770 Science Center Drive","San Diego","CA","92121","USA","0","Illumina HiSeq 2500","cDNA","transcriptomic","RNA-Seq","BioSample: https://www.ncbi.nlm.nih.gov/biosample/SAMN10593370","NONE","57.03055556","No","0","999","999","Invasive ductal carcinoma","23.32432587","0.076783471","0.007111689","0.612671141","0.092710421","19.68044715","2","999","0","999","Female","3","999","1","999","999","80-90%","4","999","999","0.001070589","999","Postmenopausal","0","11","AC+T+Trastuzumab","999","0","0","999","0","999","46.13208933","0","HER2+","HER2+","HER2+","Basal","1","1","5751","147.628472195483","T1","38955900","cT2N3M0","77","2.798605615","0.346744597","0.346744597","0.3","0"
"GSM3514153","OB_17_0058_2","GSM3514153","Public on Oct 12 2020","Dec 14 2018","Oct 12 2020","SRA","1","Primary Tumor","Homo sapiens","gender: Female","age: 57.03055556","menopausal_status: Postmenopausal","bc_family_history: No","brca1_status: 999","brca2_status: 999","cell_type_diagnosis: Invasive ductal carcinoma","er_status_diagnosis: 0","er_score_diagnosis: 2","pr_status_diagnosis: 0","pr_score_diagnosis: 0","her2_status_diagnosis: 1","her2_score_diagnosis: 3","ki67_status_diagnosis: 4","ki67_diagnosis: 80-90%","tnm_stage_clinical: cT2N3M0","nac_drug: AC+T+Trastuzumab","er_status_surgery: 999","er_score_surgery: 999","pr_status_surgery: 999","pr_score_surgery: 999","her2_status_surgery: 999","her2_score_surgery: 999","ki67_status_surgery: 999","ki67_surgery: 999","histological_grade: 999","nuclear_grade: 999","lymphovascular_invasion: 999","bilaterality: 0","multiplicity: 0","surgery_type: 1","surgical_site: 1","tumor_size: 0","regional_lymph_nodes: 0","tnm_stage_pathologic: 77","pcr_status: 0","proliferative_index: 25.04316137","cyt_score: 37.41181231","subtype_pam50: Basal","subtype_nmc: TN","subtype_ihc: HER2+","tumor_purity_pathology: 0.2","cin_score: 24.8736417","tumor_purity_facets: 0.293696931","tumor_purity_consensus: 0.293696931","tumor_ploidy: 2.713889065","cnv_burden_del: 0.034171756","cnv_burden_hemizygote: 0.054911623","loh_burden_burden: 0","cnv_burden_gain: 0.489628258","cnv_burden_amp: 0.123022449","til_count: 3393","tissue_area: 12503000","til_density: 271.374870031193","time: T2","subtype_consensus: HER2+","mut_load: 10","total RNA","For RNA-Seq, sequencing libraries were prepared using TruSeq RNA Sample Preparation kit v2 (RS-122-2001 and RS-122-2002, Illumina). Sequencing of the RNA libraries was performed on an Illumina HiSeq2500 in 100-bp paired-end mode of the TruSeq Rapid PE Cluster kit and the TruSeq Rapid SBS kit.","9606","RNA-Seq data was analyzed using the RSEM42 pipeline with hg19 as the genome reference","Genome_build: hg19","Supplementary_files_format_and_content: expression matrix with gene expression by samples in TPM units","GPL16791","Zhengyan,,Kan","Computational Biology, Oncology Research & Development","Pfizer","10770 Science Center Drive","San Diego","CA","92121","USA","0","Illumina HiSeq 2500","cDNA","transcriptomic","RNA-Seq","BioSample: https://www.ncbi.nlm.nih.gov/biosample/SAMN10593296","NONE","57.03055556","No","0","999","999","Invasive ductal carcinoma","24.8736417","0.123022449","0.034171756","0.489628258","0.054911623","37.41181231","2","999","0","999","Female","3","999","1","999","999","80-90%","4","999","999","0","999","Postmenopausal","0","10","AC+T+Trastuzumab","999","0","0","999","0","999","25.04316137","0","HER2+","HER2+","TN","Basal","1","1","3393","271.374870031193","T2","12503000","cT2N3M0","77","2.713889065","0.293696931","0.293696931","0.2","0"
"GSM3514154","OB_17_0066_1","GSM3514154","Public on Oct 12 2020","Dec 14 2018","Oct 12 2020","SRA","1","Primary Tumor","Homo sapiens","gender: Female","age: 41.63888889","menopausal_status: Premenopausal","bc_family_history: No","brca1_status: 999","brca2_status: 999","cell_type_diagnosis: Invasive ductal carcinoma","er_status_diagnosis: 0","er_score_diagnosis: 0","pr_status_diagnosis: 0","pr_score_diagnosis: 0","her2_status_diagnosis: 0","her2_score_diagnosis: 0","ki67_status_diagnosis: 3","ki67_diagnosis: 60-70%","tnm_stage_clinical: cT2N1-2M0","nac_drug: AC+T","er_status_surgery: 999","er_score_surgery: 999","pr_status_surgery: 999","pr_score_surgery: 999","her2_status_surgery: 999","her2_score_surgery: 999","ki67_status_surgery: 999","ki67_surgery: 999","histological_grade: 999","nuclear_grade: 999","lymphovascular_invasion: 999","bilaterality: 0","multiplicity: 0","surgery_type: 1","surgical_site: 1","tumor_size: 0","regional_lymph_nodes: 0","tnm_stage_pathologic: 77","pcr_status: 0","proliferative_index: 38.38061985","cyt_score: 15.48741425","subtype_pam50: Basal","subtype_nmc: TN","subtype_ihc: TN","tumor_purity_pathology: 0.8","cin_score: 29.83235054","tumor_purity_facets: 0.503292585","tumor_purity_consensus: 0.503292585","tumor_ploidy: 3.495812675","cnv_burden_del: 0","cnv_burden_hemizygote: 0.012497432","loh_burden_burden: 0","cnv_burden_gain: 0.429409993","cnv_burden_amp: 0.278842666","til_count: 5697","tissue_area: 31829200","til_density: 178.986590929084","time: T1","subtype_consensus: TN","mut_load: 42","total RNA","For RNA-Seq, sequencing libraries were prepared using TruSeq RNA Sample Preparation kit v2 (RS-122-2001 and RS-122-2002, Illumina). Sequencing of the RNA libraries was performed on an Illumina HiSeq2500 in 100-bp paired-end mode of the TruSeq Rapid PE Cluster kit and the TruSeq Rapid SBS kit.","9606","RNA-Seq data was analyzed using the RSEM42 pipeline with hg19 as the genome reference","Genome_build: hg19","Supplementary_files_format_and_content: expression matrix with gene expression by samples in TPM units","GPL16791","Zhengyan,,Kan","Computational Biology, Oncology Research & Development","Pfizer","10770 Science Center Drive","San Diego","CA","92121","USA","0","Illumina HiSeq 2500","cDNA","transcriptomic","RNA-Seq","BioSample: https://www.ncbi.nlm.nih.gov/biosample/SAMN10593295","NONE","41.63888889","No","0","999","999","Invasive ductal carcinoma","29.83235054","0.278842666","0","0.429409993","0.012497432","15.48741425","0","999","0","999","Female","0","999","0","999","999","60-70%","3","999","999","0","999","Premenopausal","0","42","AC+T","999","0","0","999","0","999","38.38061985","0","TN","TN","TN","Basal","1","1","5697","178.986590929084","T1","31829200","cT2N1-2M0","77","3.495812675","0.503292585","0.503292585","0.8","0"
"GSM3514155","OB_17_0084_1","GSM3514155","Public on Oct 12 2020","Dec 14 2018","Oct 12 2020","SRA","1","Primary Tumor","Homo sapiens","gender: Female","age: 31.68333333","menopausal_status: Premenopausal","bc_family_history: No","brca1_status: Not Detected","brca2_status: Not Detected","cell_type_diagnosis: Invasive ductal carcinoma","er_status_diagnosis: 1","er_score_diagnosis: 8","pr_status_diagnosis: 1","pr_score_diagnosis: 7","her2_status_diagnosis: 0","her2_score_diagnosis: 1","ki67_status_diagnosis: 2","ki67_diagnosis: 20-30%","tnm_stage_clinical: cT2N3M0","nac_drug: AC+T","er_status_surgery: Positive","er_score_surgery: 7","pr_status_surgery: Negative","pr_score_surgery: 0","her2_status_surgery: Negative","her2_score_surgery: 0","ki67_status_surgery: 1","ki67_surgery: <1%","histological_grade: 2","nuclear_grade: 2","lymphovascular_invasion: 0","bilaterality: 0","multiplicity: 0","surgery_type: 1","surgical_site: 1","tumor_size: 0.6","regional_lymph_nodes: 0","tnm_stage_pathologic: 2","pcr_status: 1","proliferative_index: 33.36509688","cyt_score: 20.02056193","subtype_pam50: LumB","subtype_nmc: ER+","subtype_ihc: ER+","tumor_purity_pathology: 0.3","cin_score: 24.93738864","tumor_purity_facets: 0.406993116","tumor_purity_consensus: 0.406993116","tumor_ploidy: 2.9217608","cnv_burden_del: 0.007366191","cnv_burden_hemizygote: 0.063665615","loh_burden_burden: 0.164008495","cnv_burden_gain: 0.421215431","cnv_burden_amp: 0.171299697","til_count: 4184","tissue_area: 24344400","til_density: 171.86704129081","time: T1","subtype_consensus: ER+","mut_load: 84","total RNA","For RNA-Seq, sequencing libraries were prepared using TruSeq RNA Sample Preparation kit v2 (RS-122-2001 and RS-122-2002, Illumina). Sequencing of the RNA libraries was performed on an Illumina HiSeq2500 in 100-bp paired-end mode of the TruSeq Rapid PE Cluster kit and the TruSeq Rapid SBS kit.","9606","RNA-Seq data was analyzed using the RSEM42 pipeline with hg19 as the genome reference","Genome_build: hg19","Supplementary_files_format_and_content: expression matrix with gene expression by samples in TPM units","GPL16791","Zhengyan,,Kan","Computational Biology, Oncology Research & Development","Pfizer","10770 Science Center Drive","San Diego","CA","92121","USA","0","Illumina HiSeq 2500","cDNA","transcriptomic","RNA-Seq","BioSample: https://www.ncbi.nlm.nih.gov/biosample/SAMN10593294","NONE","31.68333333","No","0","Not Detected","Not Detected","Invasive ductal carcinoma","24.93738864","0.171299697","0.007366191","0.421215431","0.063665615","20.02056193","8","7","1","Positive","Female","1","0","0","Negative","2","20-30%","2","1","<1%","0.164008495","0","Premenopausal","0","84","AC+T","2","1","7","0","1","Negative","33.36509688","0","ER+","ER+","ER+","LumB","1","1","4184","171.86704129081","T1","24344400","cT2N3M0","2","2.9217608","0.406993116","0.406993116","0.3","0.6"
"GSM3514156","OB_17_0084_2","GSM3514156","Public on Oct 12 2020","Dec 14 2018","Oct 12 2020","SRA","1","Primary Tumor","Homo sapiens","gender: Female","age: 31.68333333","menopausal_status: Premenopausal","bc_family_history: No","brca1_status: Not Detected","brca2_status: Not Detected","cell_type_diagnosis: Invasive ductal carcinoma","er_status_diagnosis: 1","er_score_diagnosis: 8","pr_status_diagnosis: 1","pr_score_diagnosis: 7","her2_status_diagnosis: 0","her2_score_diagnosis: 1","ki67_status_diagnosis: 2","ki67_diagnosis: 20-30%","tnm_stage_clinical: cT2N3M0","nac_drug: AC+T","er_status_surgery: Positive","er_score_surgery: 7","pr_status_surgery: Negative","pr_score_surgery: 0","her2_status_surgery: Negative","her2_score_surgery: 0","ki67_status_surgery: 1","ki67_surgery: <1%","histological_grade: 2","nuclear_grade: 2","lymphovascular_invasion: 0","bilaterality: 0","multiplicity: 0","surgery_type: 1","surgical_site: 1","tumor_size: 0.6","regional_lymph_nodes: 0","tnm_stage_pathologic: 2","pcr_status: 1","proliferative_index: 9.989700835","cyt_score: 42.07247319","subtype_pam50: LumB","subtype_nmc: ER+","subtype_ihc: ER+","tumor_purity_pathology: 0.1","cin_score: 15.02565399","tumor_purity_facets: 0.277944376","tumor_purity_consensus: 0.277944376","tumor_ploidy: 2.516105026","cnv_burden_del: 0.006736419","cnv_burden_hemizygote: 0.089593938","loh_burden_burden: 0.001385276","cnv_burden_gain: 0.579663535","cnv_burden_amp: 0.070939904","til_count: 7428","tissue_area: 29430100","til_density: 252.39465717072","time: T2","subtype_consensus: ER+","mut_load: 56","total RNA","For RNA-Seq, sequencing libraries were prepared using TruSeq RNA Sample Preparation kit v2 (RS-122-2001 and RS-122-2002, Illumina). Sequencing of the RNA libraries was performed on an Illumina HiSeq2500 in 100-bp paired-end mode of the TruSeq Rapid PE Cluster kit and the TruSeq Rapid SBS kit.","9606","RNA-Seq data was analyzed using the RSEM42 pipeline with hg19 as the genome reference","Genome_build: hg19","Supplementary_files_format_and_content: expression matrix with gene expression by samples in TPM units","GPL16791","Zhengyan,,Kan","Computational Biology, Oncology Research & Development","Pfizer","10770 Science Center Drive","San Diego","CA","92121","USA","0","Illumina HiSeq 2500","cDNA","transcriptomic","RNA-Seq","BioSample: https://www.ncbi.nlm.nih.gov/biosample/SAMN10593293","NONE","31.68333333","No","0","Not Detected","Not Detected","Invasive ductal carcinoma","15.02565399","0.070939904","0.006736419","0.579663535","0.089593938","42.07247319","8","7","1","Positive","Female","1","0","0","Negative","2","20-30%","2","1","<1%","0.001385276","0","Premenopausal","0","56","AC+T","2","1","7","0","1","Negative","9.989700835","0","ER+","ER+","ER+","LumB","1","1","7428","252.39465717072","T2","29430100","cT2N3M0","2","2.516105026","0.277944376","0.277944376","0.1","0.6"
"GSM3514157","OB_17_0099_1","GSM3514157","Public on Oct 12 2020","Dec 14 2018","Oct 12 2020","SRA","1","Primary Tumor","Homo sapiens","gender: Female","age: 47","menopausal_status: Postmenopausal","bc_family_history: No","brca1_status: 999","brca2_status: 999","cell_type_diagnosis: Invasive ductal carcinoma","er_status_diagnosis: 0","er_score_diagnosis: 0","pr_status_diagnosis: 0","pr_score_diagnosis: 0","her2_status_diagnosis: 1","her2_score_diagnosis: 3","ki67_status_diagnosis: 2","ki67_diagnosis: 20-30%","tnm_stage_clinical: cT2N1-2M0","nac_drug: AC+T+Trastuzumab","er_status_surgery: 999","er_score_surgery: 999","pr_status_surgery: 999","pr_score_surgery: 999","her2_status_surgery: 999","her2_score_surgery: 999","ki67_status_surgery: 999","ki67_surgery: 999","histological_grade: 999","nuclear_grade: 999","lymphovascular_invasion: 999","bilaterality: 0","multiplicity: 0","surgery_type: 1","surgical_site: 1","tumor_size: 0","regional_lymph_nodes: 0","tnm_stage_pathologic: 77","pcr_status: 0","proliferative_index: 14.84258292","cyt_score: 6.272272316","subtype_pam50: Her2","subtype_nmc: HER2+","subtype_ihc: HER2+","tumor_purity_pathology: 0.7","cin_score: 12.58402448","tumor_purity_facets: 0.356082643","tumor_purity_consensus: 0.356082643","tumor_ploidy: 2.896293392","cnv_burden_del: 0","cnv_burden_hemizygote: 0.031452253","loh_burden_burden: 0.007202613","cnv_burden_gain: 0.630594139","cnv_burden_amp: 0.079311447","til_count: 1447","tissue_area: 8961200","til_density: 161.473909744231","time: T1","subtype_consensus: HER2+","mut_load: 51","total RNA","For RNA-Seq, sequencing libraries were prepared using TruSeq RNA Sample Preparation kit v2 (RS-122-2001 and RS-122-2002, Illumina). Sequencing of the RNA libraries was performed on an Illumina HiSeq2500 in 100-bp paired-end mode of the TruSeq Rapid PE Cluster kit and the TruSeq Rapid SBS kit.","9606","RNA-Seq data was analyzed using the RSEM42 pipeline with hg19 as the genome reference","Genome_build: hg19","Supplementary_files_format_and_content: expression matrix with gene expression by samples in TPM units","GPL16791","Zhengyan,,Kan","Computational Biology, Oncology Research & Development","Pfizer","10770 Science Center Drive","San Diego","CA","92121","USA","0","Illumina HiSeq 2500","cDNA","transcriptomic","RNA-Seq","BioSample: https://www.ncbi.nlm.nih.gov/biosample/SAMN10593292","NONE","47","No","0","999","999","Invasive ductal carcinoma","12.58402448","0.079311447","0","0.630594139","0.031452253","6.272272316","0","999","0","999","Female","3","999","1","999","999","20-30%","2","999","999","0.007202613","999","Postmenopausal","0","51","AC+T+Trastuzumab","999","0","0","999","0","999","14.84258292","0","HER2+","HER2+","HER2+","Her2","1","1","1447","161.473909744231","T1","8961200","cT2N1-2M0","77","2.896293392","0.356082643","0.356082643","0.7","0"
"GSM3514158","OB_17_0100_1","GSM3514158","Public on Oct 12 2020","Dec 14 2018","Oct 12 2020","SRA","1","Primary Tumor","Homo sapiens","gender: Female","age: 25","menopausal_status: Premenopausal","bc_family_history: Yes","brca1_status: Not Detected","brca2_status: Not Detected","cell_type_diagnosis: Invasive ductal carcinoma","er_status_diagnosis: 1","er_score_diagnosis: 3","pr_status_diagnosis: 0","pr_score_diagnosis: 0","her2_status_diagnosis: 0","her2_score_diagnosis: 0","ki67_status_diagnosis: 4","ki67_diagnosis: 80-90%","tnm_stage_clinical: cT4aN3M0","nac_drug: AC+T","er_status_surgery: 0","er_score_surgery: 0","pr_status_surgery: 0","pr_score_surgery: 0","her2_status_surgery: 0","her2_score_surgery: 0","ki67_status_surgery: 4","ki67_surgery: 80-90%","histological_grade: 3","nuclear_grade: 3","lymphovascular_invasion: 0","bilaterality: 0","multiplicity: 0","surgery_type: 0","surgical_site: 2","tumor_size: 4","regional_lymph_nodes: 1","tnm_stage_pathologic: 8","pcr_status: 1","proliferative_index: 28.70113071","cyt_score: 8.665996769","subtype_pam50: Basal","subtype_nmc: ER+","subtype_ihc: ER+","tumor_purity_pathology: 0.7","cin_score: 34.54905767","tumor_purity_facets: 0.552825301","tumor_purity_consensus: 0.552825301","tumor_ploidy: 2.887040008","cnv_burden_del: 0.014612915","cnv_burden_hemizygote: 0.087039825","loh_burden_burden: 0.140143512","cnv_burden_gain: 0.307134593","cnv_burden_amp: 0.146392886","til_count: 1043","tissue_area: 32339500","til_density: 32.2515808840582","time: T1","subtype_consensus: ER+","mut_load: 68","total RNA","For RNA-Seq, sequencing libraries were prepared using TruSeq RNA Sample Preparation kit v2 (RS-122-2001 and RS-122-2002, Illumina). Sequencing of the RNA libraries was performed on an Illumina HiSeq2500 in 100-bp paired-end mode of the TruSeq Rapid PE Cluster kit and the TruSeq Rapid SBS kit.","9606","RNA-Seq data was analyzed using the RSEM42 pipeline with hg19 as the genome reference","Genome_build: hg19","Supplementary_files_format_and_content: expression matrix with gene expression by samples in TPM units","GPL16791","Zhengyan,,Kan","Computational Biology, Oncology Research & Development","Pfizer","10770 Science Center Drive","San Diego","CA","92121","USA","0","Illumina HiSeq 2500","cDNA","transcriptomic","RNA-Seq","BioSample: https://www.ncbi.nlm.nih.gov/biosample/SAMN10593291","NONE","25","Yes","0","Not Detected","Not Detected","Invasive ductal carcinoma","34.54905767","0.146392886","0.014612915","0.307134593","0.087039825","8.665996769","3","0","1","0","Female","0","0","0","0","3","80-90%","4","4","80-90%","0.140143512","0","Premenopausal","0","68","AC+T","3","1","0","0","0","0","28.70113071","1","ER+","ER+","ER+","Basal","0","2","1043","32.2515808840582","T1","32339500","cT4aN3M0","8","2.887040008","0.552825301","0.552825301","0.7","4"
"GSM3514159","OB_17_0127_1","GSM3514159","Public on Oct 12 2020","Dec 14 2018","Oct 12 2020","SRA","1","Primary Tumor","Homo sapiens","gender: Female","age: 26.64722222","menopausal_status: Premenopausal","bc_family_history: No","brca1_status: 999","brca2_status: 999","cell_type_diagnosis: Invasive ductal carcinoma","er_status_diagnosis: 0","er_score_diagnosis: 0","pr_status_diagnosis: 0","pr_score_diagnosis: 0","her2_status_diagnosis: 1","her2_score_diagnosis: 3","ki67_status_diagnosis: 2","ki67_diagnosis: 20-30%","tnm_stage_clinical: cT2N1-2M0","nac_drug: AC+T+Trastuzumab","er_status_surgery: 0","er_score_surgery: 0","pr_status_surgery: 0","pr_score_surgery: 0","her2_status_surgery: 1","her2_score_surgery: 3","ki67_status_surgery: 2","ki67_surgery: 20-30%","histological_grade: 3","nuclear_grade: 3","lymphovascular_invasion: 0","bilaterality: 0","multiplicity: 0","surgery_type: 1","surgical_site: 1","tumor_size: 0.6(Tis)","regional_lymph_nodes: 0","tnm_stage_pathologic: 1","pcr_status: 0","proliferative_index: 41.3058169","cyt_score: 13.22176993","subtype_pam50: Her2","subtype_nmc: HER2+","subtype_ihc: HER2+","tumor_purity_pathology: 0.6","cin_score: 13.27203202","tumor_purity_facets: 0.313039353","tumor_purity_consensus: 0.313039353","tumor_ploidy: 2.966336099","cnv_burden_del: 0","cnv_burden_hemizygote: 0.037059248","loh_burden_burden: 0","cnv_burden_gain: 0.736771324","cnv_burden_amp: 0.03165206","til_count: 3959","tissue_area: 18671700","til_density: 212.032112769592","time: T1","subtype_consensus: HER2+","mut_load: 40","total RNA","For RNA-Seq, sequencing libraries were prepared using TruSeq RNA Sample Preparation kit v2 (RS-122-2001 and RS-122-2002, Illumina). Sequencing of the RNA libraries was performed on an Illumina HiSeq2500 in 100-bp paired-end mode of the TruSeq Rapid PE Cluster kit and the TruSeq Rapid SBS kit.","9606","RNA-Seq data was analyzed using the RSEM42 pipeline with hg19 as the genome reference","Genome_build: hg19","Supplementary_files_format_and_content: expression matrix with gene expression by samples in TPM units","GPL16791","Zhengyan,,Kan","Computational Biology, Oncology Research & Development","Pfizer","10770 Science Center Drive","San Diego","CA","92121","USA","0","Illumina HiSeq 2500","cDNA","transcriptomic","RNA-Seq","BioSample: https://www.ncbi.nlm.nih.gov/biosample/SAMN10593290","NONE","26.64722222","No","0","999","999","Invasive ductal carcinoma","13.27203202","0.03165206","0","0.736771324","0.037059248","13.22176993","0","0","0","0","Female","3","3","1","1","3","20-30%","2","2","20-30%","0","0","Premenopausal","0","40","AC+T+Trastuzumab","3","0","0","0","0","0","41.3058169","0","HER2+","HER2+","HER2+","Her2","1","1","3959","212.032112769592","T1","18671700","cT2N1-2M0","1","2.966336099","0.313039353","0.313039353","0.6","0.6(Tis)"
"GSM3514160","OB_17_0127_2","GSM3514160","Public on Oct 12 2020","Dec 14 2018","Oct 12 2020","SRA","1","Primary Tumor","Homo sapiens","gender: Female","age: 26.64722222","menopausal_status: Premenopausal","bc_family_history: No","brca1_status: 999","brca2_status: 999","cell_type_diagnosis: Invasive ductal carcinoma","er_status_diagnosis: 0","er_score_diagnosis: 0","pr_status_diagnosis: 0","pr_score_diagnosis: 0","her2_status_diagnosis: 1","her2_score_diagnosis: 3","ki67_status_diagnosis: 2","ki67_diagnosis: 20-30%","tnm_stage_clinical: cT2N1-2M0","nac_drug: AC+T+Trastuzumab","er_status_surgery: 0","er_score_surgery: 0","pr_status_surgery: 0","pr_score_surgery: 0","her2_status_surgery: 1","her2_score_surgery: 3","ki67_status_surgery: 2","ki67_surgery: 20-30%","histological_grade: 3","nuclear_grade: 3","lymphovascular_invasion: 0","bilaterality: 0","multiplicity: 0","surgery_type: 1","surgical_site: 1","tumor_size: 0.6(Tis)","regional_lymph_nodes: 0","tnm_stage_pathologic: 1","pcr_status: 0","proliferative_index: 19.7236901","cyt_score: 22.61352029","subtype_pam50: Her2","subtype_nmc: HER2+","subtype_ihc: HER2+","tumor_purity_pathology: 0.1","cin_score: 11.82080375","tumor_purity_facets: 0.232647533","tumor_purity_consensus: 0.232647533","tumor_ploidy: 3.169368498","cnv_burden_del: 0.00065518","cnv_burden_hemizygote: 0.034457155","loh_burden_burden: 0","cnv_burden_gain: 0.6989608","cnv_burden_amp: 0.068863823","til_count: 1998","tissue_area: 14630200","til_density: 136.566827521155","time: T2","subtype_consensus: HER2+","mut_load: 13","total RNA","For RNA-Seq, sequencing libraries were prepared using TruSeq RNA Sample Preparation kit v2 (RS-122-2001 and RS-122-2002, Illumina). Sequencing of the RNA libraries was performed on an Illumina HiSeq2500 in 100-bp paired-end mode of the TruSeq Rapid PE Cluster kit and the TruSeq Rapid SBS kit.","9606","RNA-Seq data was analyzed using the RSEM42 pipeline with hg19 as the genome reference","Genome_build: hg19","Supplementary_files_format_and_content: expression matrix with gene expression by samples in TPM units","GPL16791","Zhengyan,,Kan","Computational Biology, Oncology Research & Development","Pfizer","10770 Science Center Drive","San Diego","CA","92121","USA","0","Illumina HiSeq 2500","cDNA","transcriptomic","RNA-Seq","BioSample: https://www.ncbi.nlm.nih.gov/biosample/SAMN10593289","NONE","26.64722222","No","0","999","999","Invasive ductal carcinoma","11.82080375","0.068863823","0.00065518","0.6989608","0.034457155","22.61352029","0","0","0","0","Female","3","3","1","1","3","20-30%","2","2","20-30%","0","0","Premenopausal","0","13","AC+T+Trastuzumab","3","0","0","0","0","0","19.7236901","0","HER2+","HER2+","HER2+","Her2","1","1","1998","136.566827521155","T2","14630200","cT2N1-2M0","1","3.169368498","0.232647533","0.232647533","0.1","0.6(Tis)"
"GSM3514161","OB_17_0128_1","GSM3514161","Public on Oct 12 2020","Dec 14 2018","Oct 12 2020","SRA","1","Primary Tumor","Homo sapiens","gender: Female","age: 32.88055556","menopausal_status: Premenopausal","bc_family_history: Yes","brca1_status: Not Detected","brca2_status: Not Detected","cell_type_diagnosis: Invasive ductal carcinoma","er_status_diagnosis: 1","er_score_diagnosis: 8","pr_status_diagnosis: 1","pr_score_diagnosis: 6","her2_status_diagnosis: 1","her2_score_diagnosis: 3","ki67_status_diagnosis: 1","ki67_diagnosis: 10-20%","tnm_stage_clinical: 999","nac_drug: AC+T+Trastuzumab","er_status_surgery: 1","er_score_surgery: 8","pr_status_surgery: 0","pr_score_surgery: 0","her2_status_surgery: 1","her2_score_surgery: 3","ki67_status_surgery: 1","ki67_surgery: <5%","histological_grade: 1","nuclear_grade: 2","lymphovascular_invasion: 0","bilaterality: 0","multiplicity: 0","surgery_type: 1","surgical_site: 2","tumor_size: 3","regional_lymph_nodes: 0","tnm_stage_pathologic: 7","pcr_status: 1","proliferative_index: 15.74229082","cyt_score: 3.905227266","subtype_pam50: LumA","subtype_nmc: ER+HER2+","subtype_ihc: ER+HER2+","tumor_purity_pathology: 0.6","cin_score: 33.80375555","tumor_purity_facets: 0.37506325","tumor_purity_consensus: 0.37506325","tumor_ploidy: 2.586225645","cnv_burden_del: 0.044627593","cnv_burden_hemizygote: 0.125651924","loh_burden_burden: 0","cnv_burden_gain: 0.483102504","cnv_burden_amp: 0.071221742","til_count: 3337","tissue_area: 27058300","til_density: 123.326299139266","time: T1","subtype_consensus: ER+HER2+","mut_load: 8","total RNA","For RNA-Seq, sequencing libraries were prepared using TruSeq RNA Sample Preparation kit v2 (RS-122-2001 and RS-122-2002, Illumina). Sequencing of the RNA libraries was performed on an Illumina HiSeq2500 in 100-bp paired-end mode of the TruSeq Rapid PE Cluster kit and the TruSeq Rapid SBS kit.","9606","RNA-Seq data was analyzed using the RSEM42 pipeline with hg19 as the genome reference","Genome_build: hg19","Supplementary_files_format_and_content: expression matrix with gene expression by samples in TPM units","GPL16791","Zhengyan,,Kan","Computational Biology, Oncology Research & Development","Pfizer","10770 Science Center Drive","San Diego","CA","92121","USA","0","Illumina HiSeq 2500","cDNA","transcriptomic","RNA-Seq","BioSample: https://www.ncbi.nlm.nih.gov/biosample/SAMN10593288","NONE","32.88055556","Yes","0","Not Detected","Not Detected","Invasive ductal carcinoma","33.80375555","0.071221742","0.044627593","0.483102504","0.125651924","3.905227266","8","8","1","1","Female","3","3","1","1","1","10-20%","1","1","<5%","0","0","Premenopausal","0","8","AC+T+Trastuzumab","2","1","6","0","1","0","15.74229082","0","ER+HER2+","ER+HER2+","ER+HER2+","LumA","1","2","3337","123.326299139266","T1","27058300","999","7","2.586225645","0.37506325","0.37506325","0.6","3"
"GSM3514162","OB_17_0128_2","GSM3514162","Public on Oct 12 2020","Dec 14 2018","Oct 12 2020","SRA","1","Primary Tumor","Homo sapiens","gender: Female","age: 32.88055556","menopausal_status: Premenopausal","bc_family_history: Yes","brca1_status: Not Detected","brca2_status: Not Detected","cell_type_diagnosis: Invasive ductal carcinoma","er_status_diagnosis: 1","er_score_diagnosis: 8","pr_status_diagnosis: 1","pr_score_diagnosis: 6","her2_status_diagnosis: 1","her2_score_diagnosis: 3","ki67_status_diagnosis: 1","ki67_diagnosis: 10-20%","tnm_stage_clinical: 999","nac_drug: AC+T+Trastuzumab","er_status_surgery: 1","er_score_surgery: 8","pr_status_surgery: 0","pr_score_surgery: 0","her2_status_surgery: 1","her2_score_surgery: 3","ki67_status_surgery: 1","ki67_surgery: <5%","histological_grade: 1","nuclear_grade: 2","lymphovascular_invasion: 0","bilaterality: 0","multiplicity: 0","surgery_type: 1","surgical_site: 2","tumor_size: 3","regional_lymph_nodes: 0","tnm_stage_pathologic: 7","pcr_status: 1","proliferative_index: 8.073976708","cyt_score: 6.414047084","subtype_pam50: LumA","subtype_nmc: ER+HER2+","subtype_ihc: ER+HER2+","tumor_purity_pathology: 0.1","cin_score: 20.57042149","tumor_purity_facets: 0.292917976","tumor_purity_consensus: 0.292917976","tumor_ploidy: 1.575935362","cnv_burden_del: 0.121885291","cnv_burden_hemizygote: 0.17608876","loh_burden_burden: 0.001700283","cnv_burden_gain: 0.189530896","cnv_burden_amp: 0.004940513","til_count: 703","tissue_area: 25744500","til_density: 27.3068033948999","time: T2","subtype_consensus: ER+HER2+","mut_load: 7","total RNA","For RNA-Seq, sequencing libraries were prepared using TruSeq RNA Sample Preparation kit v2 (RS-122-2001 and RS-122-2002, Illumina). Sequencing of the RNA libraries was performed on an Illumina HiSeq2500 in 100-bp paired-end mode of the TruSeq Rapid PE Cluster kit and the TruSeq Rapid SBS kit.","9606","RNA-Seq data was analyzed using the RSEM42 pipeline with hg19 as the genome reference","Genome_build: hg19","Supplementary_files_format_and_content: expression matrix with gene expression by samples in TPM units","GPL16791","Zhengyan,,Kan","Computational Biology, Oncology Research & Development","Pfizer","10770 Science Center Drive","San Diego","CA","92121","USA","0","Illumina HiSeq 2500","cDNA","transcriptomic","RNA-Seq","BioSample: https://www.ncbi.nlm.nih.gov/biosample/SAMN10593287","NONE","32.88055556","Yes","0","Not Detected","Not Detected","Invasive ductal carcinoma","20.57042149","0.004940513","0.121885291","0.189530896","0.17608876","6.414047084","8","8","1","1","Female","3","3","1","1","1","10-20%","1","1","<5%","0.001700283","0","Premenopausal","0","7","AC+T+Trastuzumab","2","1","6","0","1","0","8.073976708","0","ER+HER2+","ER+HER2+","ER+HER2+","LumA","1","2","703","27.3068033948999","T2","25744500","999","7","1.575935362","0.292917976","0.292917976","0.1","3"
"GSM3514163","OB_17_0134_1","GSM3514163","Public on Oct 12 2020","Dec 14 2018","Oct 12 2020","SRA","1","Primary Tumor","Homo sapiens","gender: Female","age: 47.75555556","menopausal_status: Premenopausal","bc_family_history: No","brca1_status: 999","brca2_status: 999","cell_type_diagnosis: Invasive ductal carcinoma","er_status_diagnosis: 1","er_score_diagnosis: 8","pr_status_diagnosis: 1","pr_score_diagnosis: 8","her2_status_diagnosis: 1","her2_score_diagnosis: 3","ki67_status_diagnosis: 3","ki67_diagnosis: 70-80%","tnm_stage_clinical: cT2N2M0","nac_drug: AC+T+Trastuzumab","er_status_surgery: 1","er_score_surgery: 8","pr_status_surgery: 1","pr_score_surgery: 7","her2_status_surgery: 1","her2_score_surgery: 3","ki67_status_surgery: 1","ki67_surgery: <5%","histological_grade: 2","nuclear_grade: 2","lymphovascular_invasion: 0","bilaterality: 0","multiplicity: 0","surgery_type: 1","surgical_site: 1","tumor_size: 940x900 <U+339B>","regional_lymph_nodes: 0","tnm_stage_pathologic: 2","pcr_status: 1","proliferative_index: 15.86408105","cyt_score: 34.53333607","subtype_pam50: LumB","subtype_nmc: ER+HER2+","subtype_ihc: ER+HER2+","tumor_purity_pathology: 0.6","cin_score: 27.37271492","tumor_purity_facets: 0.610964628","tumor_purity_consensus: 0.610964628","tumor_ploidy: 3.929513295","cnv_burden_del: 0.000512145","cnv_burden_hemizygote: 0.008713206","loh_burden_burden: 0.003404363","cnv_burden_gain: 0.460506769","cnv_burden_amp: 0.33511443","til_count: 2986","tissue_area: 19042300","til_density: 156.808788854288","time: T1","subtype_consensus: ER+HER2+","mut_load: 35","total RNA","For RNA-Seq, sequencing libraries were prepared using TruSeq RNA Sample Preparation kit v2 (RS-122-2001 and RS-122-2002, Illumina). Sequencing of the RNA libraries was performed on an Illumina HiSeq2500 in 100-bp paired-end mode of the TruSeq Rapid PE Cluster kit and the TruSeq Rapid SBS kit.","9606","RNA-Seq data was analyzed using the RSEM42 pipeline with hg19 as the genome reference","Genome_build: hg19","Supplementary_files_format_and_content: expression matrix with gene expression by samples in TPM units","GPL16791","Zhengyan,,Kan","Computational Biology, Oncology Research & Development","Pfizer","10770 Science Center Drive","San Diego","CA","92121","USA","0","Illumina HiSeq 2500","cDNA","transcriptomic","RNA-Seq","BioSample: https://www.ncbi.nlm.nih.gov/biosample/SAMN10593286","NONE","47.75555556","No","0","999","999","Invasive ductal carcinoma","27.37271492","0.33511443","0.000512145","0.460506769","0.008713206","34.53333607","8","8","1","1","Female","3","3","1","1","2","70-80%","3","1","<5%","0.003404363","0","Premenopausal","0","35","AC+T+Trastuzumab","2","1","8","7","1","1","15.86408105","0","ER+HER2+","ER+HER2+","ER+HER2+","LumB","1","1","2986","156.808788854288","T1","19042300","cT2N2M0","2","3.929513295","0.610964628","0.610964628","0.6","940x900 <U+339B>"
"GSM3514164","OB_17_0134_2","GSM3514164","Public on Oct 12 2020","Dec 14 2018","Oct 12 2020","SRA","1","Primary Tumor","Homo sapiens","gender: Female","age: 47.75555556","menopausal_status: Premenopausal","bc_family_history: No","brca1_status: 999","brca2_status: 999","cell_type_diagnosis: Invasive ductal carcinoma","er_status_diagnosis: 1","er_score_diagnosis: 8","pr_status_diagnosis: 1","pr_score_diagnosis: 8","her2_status_diagnosis: 1","her2_score_diagnosis: 3","ki67_status_diagnosis: 3","ki67_diagnosis: 70-80%","tnm_stage_clinical: cT2N2M0","nac_drug: AC+T+Trastuzumab","er_status_surgery: 1","er_score_surgery: 8","pr_status_surgery: 1","pr_score_surgery: 7","her2_status_surgery: 1","her2_score_surgery: 3","ki67_status_surgery: 1","ki67_surgery: <5%","histological_grade: 2","nuclear_grade: 2","lymphovascular_invasion: 0","bilaterality: 0","multiplicity: 0","surgery_type: 1","surgical_site: 1","tumor_size: 940x900 <U+339B>","regional_lymph_nodes: 0","tnm_stage_pathologic: 2","pcr_status: 1","proliferative_index: 7.288722258","cyt_score: 15.30333297","subtype_pam50: LumA","subtype_nmc: ER+HER2+","subtype_ihc: ER+HER2+","tumor_purity_pathology: 0.05","cin_score: 8.841122559","tumor_purity_facets: 0.27305546","tumor_purity_consensus: 0.27305546","tumor_ploidy: 2.127287902","cnv_burden_del: 0.000576508","cnv_burden_hemizygote: 0.129003178","loh_burden_burden: 0","cnv_burden_gain: 0.196349256","cnv_burden_amp: 0.000278197","til_count: 3517","tissue_area: 21906400","til_density: 160.546689551912","time: T2","subtype_consensus: ER+HER2+","mut_load: 3","total RNA","For RNA-Seq, sequencing libraries were prepared using TruSeq RNA Sample Preparation kit v2 (RS-122-2001 and RS-122-2002, Illumina). Sequencing of the RNA libraries was performed on an Illumina HiSeq2500 in 100-bp paired-end mode of the TruSeq Rapid PE Cluster kit and the TruSeq Rapid SBS kit.","9606","RNA-Seq data was analyzed using the RSEM42 pipeline with hg19 as the genome reference","Genome_build: hg19","Supplementary_files_format_and_content: expression matrix with gene expression by samples in TPM units","GPL16791","Zhengyan,,Kan","Computational Biology, Oncology Research & Development","Pfizer","10770 Science Center Drive","San Diego","CA","92121","USA","0","Illumina HiSeq 2500","cDNA","transcriptomic","RNA-Seq","BioSample: https://www.ncbi.nlm.nih.gov/biosample/SAMN10593285","NONE","47.75555556","No","0","999","999","Invasive ductal carcinoma","8.841122559","0.000278197","0.000576508","0.196349256","0.129003178","15.30333297","8","8","1","1","Female","3","3","1","1","2","70-80%","3","1","<5%","0","0","Premenopausal","0","3","AC+T+Trastuzumab","2","1","8","7","1","1","7.288722258","0","ER+HER2+","ER+HER2+","ER+HER2+","LumA","1","1","3517","160.546689551912","T2","21906400","cT2N2M0","2","2.127287902","0.27305546","0.27305546","0.05","940x900 <U+339B>"
"GSM3514165","OB_17_0155_1","GSM3514165","Public on Oct 12 2020","Dec 14 2018","Oct 12 2020","SRA","1","Primary Tumor","Homo sapiens","gender: Female","age: 52.675","menopausal_status: Premenopausal","bc_family_history: Yes","brca1_status: 999","brca2_status: 999","cell_type_diagnosis: Invasive ductal carcinoma","er_status_diagnosis: 0","er_score_diagnosis: 0","pr_status_diagnosis: 0","pr_score_diagnosis: 0","her2_status_diagnosis: 1","her2_score_diagnosis: 3","ki67_status_diagnosis: 1","ki67_diagnosis: 10-20%","tnm_stage_clinical: cT2N2-3M0","nac_drug: AC+T+Trastuzumab","er_status_surgery: 0","er_score_surgery: 0","pr_status_surgery: 0","pr_score_surgery: 0","her2_status_surgery: 1","her2_score_surgery: 3","ki67_status_surgery: 2","ki67_surgery: 30-40%","histological_grade: 3","nuclear_grade: 3","lymphovascular_invasion: 0","bilaterality: 0","multiplicity: 0","surgery_type: 0","surgical_site: 2","tumor_size: 1.3","regional_lymph_nodes: 0","tnm_stage_pathologic: 2","pcr_status: 1","proliferative_index: 22.16868346","cyt_score: 3.382957286","subtype_pam50: Her2","subtype_nmc: HER2+","subtype_ihc: HER2+","tumor_purity_pathology: 0.7","cin_score: 19.83939076","tumor_purity_facets: 0.341260036","tumor_purity_consensus: 0.341260036","tumor_ploidy: 2.969517354","cnv_burden_del: 0.000401582","cnv_burden_hemizygote: 0.078701024","loh_burden_burden: 0.014202003","cnv_burden_gain: 0.331708302","cnv_burden_amp: 0.33674061","til_count: 1232","tissue_area: 29013600","til_density: 42.4628450106157","time: T1","subtype_consensus: HER2+","mut_load: 44","total RNA","For RNA-Seq, sequencing libraries were prepared using TruSeq RNA Sample Preparation kit v2 (RS-122-2001 and RS-122-2002, Illumina). Sequencing of the RNA libraries was performed on an Illumina HiSeq2500 in 100-bp paired-end mode of the TruSeq Rapid PE Cluster kit and the TruSeq Rapid SBS kit.","9606","RNA-Seq data was analyzed using the RSEM42 pipeline with hg19 as the genome reference","Genome_build: hg19","Supplementary_files_format_and_content: expression matrix with gene expression by samples in TPM units","GPL16791","Zhengyan,,Kan","Computational Biology, Oncology Research & Development","Pfizer","10770 Science Center Drive","San Diego","CA","92121","USA","0","Illumina HiSeq 2500","cDNA","transcriptomic","RNA-Seq","BioSample: https://www.ncbi.nlm.nih.gov/biosample/SAMN10593284","NONE","52.675","Yes","0","999","999","Invasive ductal carcinoma","19.83939076","0.33674061","0.000401582","0.331708302","0.078701024","3.382957286","0","0","0","0","Female","3","3","1","1","3","10-20%","1","2","30-40%","0.014202003","0","Premenopausal","0","44","AC+T+Trastuzumab","3","1","0","0","0","0","22.16868346","0","HER2+","HER2+","HER2+","Her2","0","2","1232","42.4628450106157","T1","29013600","cT2N2-3M0","2","2.969517354","0.341260036","0.341260036","0.7","1.3"
"GSM3514166","OB_17_0155_2","GSM3514166","Public on Oct 12 2020","Dec 14 2018","Oct 12 2020","SRA","1","Primary Tumor","Homo sapiens","gender: Female","age: 52.675","menopausal_status: Premenopausal","bc_family_history: Yes","brca1_status: 999","brca2_status: 999","cell_type_diagnosis: Invasive ductal carcinoma","er_status_diagnosis: 0","er_score_diagnosis: 0","pr_status_diagnosis: 0","pr_score_diagnosis: 0","her2_status_diagnosis: 1","her2_score_diagnosis: 3","ki67_status_diagnosis: 1","ki67_diagnosis: 10-20%","tnm_stage_clinical: cT2N2-3M0","nac_drug: AC+T+Trastuzumab","er_status_surgery: 0","er_score_surgery: 0","pr_status_surgery: 0","pr_score_surgery: 0","her2_status_surgery: 1","her2_score_surgery: 3","ki67_status_surgery: 2","ki67_surgery: 30-40%","histological_grade: 3","nuclear_grade: 3","lymphovascular_invasion: 0","bilaterality: 0","multiplicity: 0","surgery_type: 0","surgical_site: 2","tumor_size: 1.3","regional_lymph_nodes: 0","tnm_stage_pathologic: 2","pcr_status: 1","proliferative_index: 18.12441739","cyt_score: 3.687180495","subtype_pam50: Her2","subtype_nmc: HER2+","subtype_ihc: HER2+","tumor_purity_pathology: 0.7","cin_score: 24.76829399","tumor_purity_facets: 0.289276531","tumor_purity_consensus: 0.289276531","tumor_ploidy: 2.823503337","cnv_burden_del: 0.024052979","cnv_burden_hemizygote: 0.125076707","loh_burden_burden: 0.005614829","cnv_burden_gain: 0.510171377","cnv_burden_amp: 0.096313647","til_count: 2713","tissue_area: 30504100","til_density: 88.9388639559928","time: T2","subtype_consensus: HER2+","mut_load: 22","total RNA","For RNA-Seq, sequencing libraries were prepared using TruSeq RNA Sample Preparation kit v2 (RS-122-2001 and RS-122-2002, Illumina). Sequencing of the RNA libraries was performed on an Illumina HiSeq2500 in 100-bp paired-end mode of the TruSeq Rapid PE Cluster kit and the TruSeq Rapid SBS kit.","9606","RNA-Seq data was analyzed using the RSEM42 pipeline with hg19 as the genome reference","Genome_build: hg19","Supplementary_files_format_and_content: expression matrix with gene expression by samples in TPM units","GPL16791","Zhengyan,,Kan","Computational Biology, Oncology Research & Development","Pfizer","10770 Science Center Drive","San Diego","CA","92121","USA","0","Illumina HiSeq 2500","cDNA","transcriptomic","RNA-Seq","BioSample: https://www.ncbi.nlm.nih.gov/biosample/SAMN10593283","NONE","52.675","Yes","0","999","999","Invasive ductal carcinoma","24.76829399","0.096313647","0.024052979","0.510171377","0.125076707","3.687180495","0","0","0","0","Female","3","3","1","1","3","10-20%","1","2","30-40%","0.005614829","0","Premenopausal","0","22","AC+T+Trastuzumab","3","1","0","0","0","0","18.12441739","0","HER2+","HER2+","HER2+","Her2","0","2","2713","88.9388639559928","T2","30504100","cT2N2-3M0","2","2.823503337","0.289276531","0.289276531","0.7","1.3"
"GSM3514167","OB_17_0155_3","GSM3514167","Public on Oct 12 2020","Dec 14 2018","Oct 12 2020","SRA","1","Primary Tumor","Homo sapiens","gender: Female","age: 52.675","menopausal_status: Premenopausal","bc_family_history: Yes","brca1_status: 999","brca2_status: 999","cell_type_diagnosis: Invasive ductal carcinoma","er_status_diagnosis: 0","er_score_diagnosis: 0","pr_status_diagnosis: 0","pr_score_diagnosis: 0","her2_status_diagnosis: 1","her2_score_diagnosis: 3","ki67_status_diagnosis: 1","ki67_diagnosis: 10-20%","tnm_stage_clinical: cT2N2-3M0","nac_drug: AC+T+Trastuzumab","er_status_surgery: 0","er_score_surgery: 0","pr_status_surgery: 0","pr_score_surgery: 0","her2_status_surgery: 1","her2_score_surgery: 3","ki67_status_surgery: 2","ki67_surgery: 30-40%","histological_grade: 3","nuclear_grade: 3","lymphovascular_invasion: 0","bilaterality: 0","multiplicity: 0","surgery_type: 0","surgical_site: 2","tumor_size: 1.3","regional_lymph_nodes: 0","tnm_stage_pathologic: 2","pcr_status: 1","proliferative_index: 27.67939805","cyt_score: 2.874995652","subtype_pam50: Her2","subtype_nmc: HER2+","subtype_ihc: HER2+","tumor_purity_pathology: 0.7","cin_score: 27.16671654","tumor_purity_facets: 0.298670094","tumor_purity_consensus: 0.298670094","tumor_ploidy: 2.555026384","cnv_burden_del: 0.054110874","cnv_burden_hemizygote: 0.125312061","loh_burden_burden: 0.009905655","cnv_burden_gain: 0.381494673","cnv_burden_amp: 0.135146349","til_count: 713","tissue_area: 27826800","til_density: 25.622780916239","time: T3","subtype_consensus: HER2+","mut_load: 21","total RNA","For RNA-Seq, sequencing libraries were prepared using TruSeq RNA Sample Preparation kit v2 (RS-122-2001 and RS-122-2002, Illumina). Sequencing of the RNA libraries was performed on an Illumina HiSeq2500 in 100-bp paired-end mode of the TruSeq Rapid PE Cluster kit and the TruSeq Rapid SBS kit.","9606","RNA-Seq data was analyzed using the RSEM42 pipeline with hg19 as the genome reference","Genome_build: hg19","Supplementary_files_format_and_content: expression matrix with gene expression by samples in TPM units","GPL16791","Zhengyan,,Kan","Computational Biology, Oncology Research & Development","Pfizer","10770 Science Center Drive","San Diego","CA","92121","USA","0","Illumina HiSeq 2500","cDNA","transcriptomic","RNA-Seq","BioSample: https://www.ncbi.nlm.nih.gov/biosample/SAMN10593282","NONE","52.675","Yes","0","999","999","Invasive ductal carcinoma","27.16671654","0.135146349","0.054110874","0.381494673","0.125312061","2.874995652","0","0","0","0","Female","3","3","1","1","3","10-20%","1","2","30-40%","0.009905655","0","Premenopausal","0","21","AC+T+Trastuzumab","3","1","0","0","0","0","27.67939805","0","HER2+","HER2+","HER2+","Her2","0","2","713","25.622780916239","T3","27826800","cT2N2-3M0","2","2.555026384","0.298670094","0.298670094","0.7","1.3"
"GSM3514168","OB_17_0169_1","GSM3514168","Public on Oct 12 2020","Dec 14 2018","Oct 12 2020","SRA","1","Primary Tumor","Homo sapiens","gender: Female","age: 50.66944444","menopausal_status: Postmenopausal","bc_family_history: Yes","brca1_status: 999","brca2_status: 999","cell_type_diagnosis: Invasive ductal carcinoma","er_status_diagnosis: 1","er_score_diagnosis: 3","pr_status_diagnosis: 0","pr_score_diagnosis: 0","her2_status_diagnosis: 1","her2_score_diagnosis: 3","ki67_status_diagnosis: 2","ki67_diagnosis: 30-40%","tnm_stage_clinical: cT2-3N0-1M0","nac_drug: AC+T+Trastuzumab","er_status_surgery: 999","er_score_surgery: 999","pr_status_surgery: 999","pr_score_surgery: 999","her2_status_surgery: 999","her2_score_surgery: 999","ki67_status_surgery: 999","ki67_surgery: 999","histological_grade: 999","nuclear_grade: 999","lymphovascular_invasion: 999","bilaterality: 0","multiplicity: 0","surgery_type: 1","surgical_site: 2","tumor_size: 0","regional_lymph_nodes: 0","tnm_stage_pathologic: 77","pcr_status: 0","proliferative_index: 19.13660312","cyt_score: 35.68157087","subtype_pam50: Basal","subtype_nmc: HER2+","subtype_ihc: ER+HER2+","tumor_purity_pathology: 0.1","cin_score: 22.12775181","tumor_purity_facets: 0.29113332","tumor_purity_consensus: 0.29113332","tumor_ploidy: 1.209220801","cnv_burden_del: 0.179551746","cnv_burden_hemizygote: 0.227909174","loh_burden_burden: 0","cnv_burden_gain: 0.191018802","cnv_burden_amp: 0.000958379","til_count: 4416","tissue_area: 19973700","til_density: 221.090734315625","time: T1","subtype_consensus: HER2+","mut_load: 4","total RNA","For RNA-Seq, sequencing libraries were prepared using TruSeq RNA Sample Preparation kit v2 (RS-122-2001 and RS-122-2002, Illumina). Sequencing of the RNA libraries was performed on an Illumina HiSeq2500 in 100-bp paired-end mode of the TruSeq Rapid PE Cluster kit and the TruSeq Rapid SBS kit.","9606","RNA-Seq data was analyzed using the RSEM42 pipeline with hg19 as the genome reference","Genome_build: hg19","Supplementary_files_format_and_content: expression matrix with gene expression by samples in TPM units","GPL16791","Zhengyan,,Kan","Computational Biology, Oncology Research & Development","Pfizer","10770 Science Center Drive","San Diego","CA","92121","USA","0","Illumina HiSeq 2500","cDNA","transcriptomic","RNA-Seq","BioSample: https://www.ncbi.nlm.nih.gov/biosample/SAMN10593281","NONE","50.66944444","Yes","0","999","999","Invasive ductal carcinoma","22.12775181","0.000958379","0.179551746","0.191018802","0.227909174","35.68157087","3","999","1","999","Female","3","999","1","999","999","30-40%","2","999","999","0","999","Postmenopausal","0","4","AC+T+Trastuzumab","999","0","0","999","0","999","19.13660312","0","HER2+","ER+HER2+","HER2+","Basal","1","2","4416","221.090734315625","T1","19973700","cT2-3N0-1M0","77","1.209220801","0.29113332","0.29113332","0.1","0"
"GSM3514169","OB_17_0169_2","GSM3514169","Public on Oct 12 2020","Dec 14 2018","Oct 12 2020","SRA","1","Primary Tumor","Homo sapiens","gender: Female","age: 50.66944444","menopausal_status: Postmenopausal","bc_family_history: Yes","brca1_status: 999","brca2_status: 999","cell_type_diagnosis: Invasive ductal carcinoma","er_status_diagnosis: 1","er_score_diagnosis: 3","pr_status_diagnosis: 0","pr_score_diagnosis: 0","her2_status_diagnosis: 1","her2_score_diagnosis: 3","ki67_status_diagnosis: 2","ki67_diagnosis: 30-40%","tnm_stage_clinical: cT2-3N0-1M0","nac_drug: AC+T+Trastuzumab","er_status_surgery: 999","er_score_surgery: 999","pr_status_surgery: 999","pr_score_surgery: 999","her2_status_surgery: 999","her2_score_surgery: 999","ki67_status_surgery: 999","ki67_surgery: 999","histological_grade: 999","nuclear_grade: 999","lymphovascular_invasion: 999","bilaterality: 0","multiplicity: 0","surgery_type: 1","surgical_site: 2","tumor_size: 0","regional_lymph_nodes: 0","tnm_stage_pathologic: 77","pcr_status: 0","proliferative_index: 23.54435629","cyt_score: 55.11486914","subtype_pam50: Her2","subtype_nmc: HER2+","subtype_ihc: ER+HER2+","tumor_purity_pathology: 0.3","cin_score: 12.74066295","tumor_purity_facets: 0.289690622","tumor_purity_consensus: 0.289690622","tumor_ploidy: 1.604162999","cnv_burden_del: 0.033955353","cnv_burden_hemizygote: 0.201094891","loh_burden_burden: 0","cnv_burden_gain: 0.109704587","cnv_burden_amp: 0.001390858","til_count: 3031","tissue_area: 19619300","til_density: 154.490731065838","time: T2","subtype_consensus: HER2+","mut_load: 5","total RNA","For RNA-Seq, sequencing libraries were prepared using TruSeq RNA Sample Preparation kit v2 (RS-122-2001 and RS-122-2002, Illumina). Sequencing of the RNA libraries was performed on an Illumina HiSeq2500 in 100-bp paired-end mode of the TruSeq Rapid PE Cluster kit and the TruSeq Rapid SBS kit.","9606","RNA-Seq data was analyzed using the RSEM42 pipeline with hg19 as the genome reference","Genome_build: hg19","Supplementary_files_format_and_content: expression matrix with gene expression by samples in TPM units","GPL16791","Zhengyan,,Kan","Computational Biology, Oncology Research & Development","Pfizer","10770 Science Center Drive","San Diego","CA","92121","USA","0","Illumina HiSeq 2500","cDNA","transcriptomic","RNA-Seq","BioSample: https://www.ncbi.nlm.nih.gov/biosample/SAMN10593280","NONE","50.66944444","Yes","0","999","999","Invasive ductal carcinoma","12.74066295","0.001390858","0.033955353","0.109704587","0.201094891","55.11486914","3","999","1","999","Female","3","999","1","999","999","30-40%","2","999","999","0","999","Postmenopausal","0","5","AC+T+Trastuzumab","999","0","0","999","0","999","23.54435629","0","HER2+","ER+HER2+","HER2+","Her2","1","2","3031","154.490731065838","T2","19619300","cT2-3N0-1M0","77","1.604162999","0.289690622","0.289690622","0.3","0"
"GSM3514170","OB_17_0179_1","GSM3514170","Public on Oct 12 2020","Dec 14 2018","Oct 12 2020","SRA","1","Primary Tumor","Homo sapiens","gender: Female","age: 52.61666667","menopausal_status: Postmenopausal","bc_family_history: No","brca1_status: 999","brca2_status: 999","cell_type_diagnosis: Invasive ductal carcinoma","er_status_diagnosis: 0","er_score_diagnosis: 0","pr_status_diagnosis: 0","pr_score_diagnosis: 0","her2_status_diagnosis: 0","her2_score_diagnosis: 0","ki67_status_diagnosis: 4","ki67_diagnosis: 70-80%","tnm_stage_clinical: cT2N0-1M0","nac_drug: AC+T","er_status_surgery: 999","er_score_surgery: 999","pr_status_surgery: 999","pr_score_surgery: 999","her2_status_surgery: 999","her2_score_surgery: 999","ki67_status_surgery: 999","ki67_surgery: 999","histological_grade: 999","nuclear_grade: 999","lymphovascular_invasion: 999","bilaterality: 0","multiplicity: 0","surgery_type: 1","surgical_site: 1","tumor_size: 0","regional_lymph_nodes: 0","tnm_stage_pathologic: 77","pcr_status: 0","proliferative_index: 38.78637744","cyt_score: 6.300238091","subtype_pam50: Basal","subtype_nmc: TN","subtype_ihc: TN","tumor_purity_pathology: 0.6","cin_score: 28.90868633","tumor_purity_facets: 0.708357358","tumor_purity_consensus: 0.708357358","tumor_ploidy: 3.640658296","cnv_burden_del: 0","cnv_burden_hemizygote: 0.003344602","loh_burden_burden: 0","cnv_burden_gain: 0.483936711","cnv_burden_amp: 0.233607465","til_count: 3580","tissue_area: 28206800","til_density: 126.919749847554","time: T1","subtype_consensus: TN","mut_load: 95","total RNA","For RNA-Seq, sequencing libraries were prepared using TruSeq RNA Sample Preparation kit v2 (RS-122-2001 and RS-122-2002, Illumina). Sequencing of the RNA libraries was performed on an Illumina HiSeq2500 in 100-bp paired-end mode of the TruSeq Rapid PE Cluster kit and the TruSeq Rapid SBS kit.","9606","RNA-Seq data was analyzed using the RSEM42 pipeline with hg19 as the genome reference","Genome_build: hg19","Supplementary_files_format_and_content: expression matrix with gene expression by samples in TPM units","GPL16791","Zhengyan,,Kan","Computational Biology, Oncology Research & Development","Pfizer","10770 Science Center Drive","San Diego","CA","92121","USA","0","Illumina HiSeq 2500","cDNA","transcriptomic","RNA-Seq","BioSample: https://www.ncbi.nlm.nih.gov/biosample/SAMN10593369","NONE","52.61666667","No","0","999","999","Invasive ductal carcinoma","28.90868633","0.233607465","0","0.483936711","0.003344602","6.300238091","0","999","0","999","Female","0","999","0","999","999","70-80%","4","999","999","0","999","Postmenopausal","0","95","AC+T","999","0","0","999","0","999","38.78637744","0","TN","TN","TN","Basal","1","1","3580","126.919749847554","T1","28206800","cT2N0-1M0","77","3.640658296","0.708357358","0.708357358","0.6","0"
"GSM3514171","OB_17_0179_2","GSM3514171","Public on Oct 12 2020","Dec 14 2018","Oct 12 2020","SRA","1","Primary Tumor","Homo sapiens","gender: Female","age: 52.61666667","menopausal_status: Postmenopausal","bc_family_history: No","brca1_status: 999","brca2_status: 999","cell_type_diagnosis: Invasive ductal carcinoma","er_status_diagnosis: 0","er_score_diagnosis: 0","pr_status_diagnosis: 0","pr_score_diagnosis: 0","her2_status_diagnosis: 0","her2_score_diagnosis: 0","ki67_status_diagnosis: 4","ki67_diagnosis: 70-80%","tnm_stage_clinical: cT2N0-1M0","nac_drug: AC+T","er_status_surgery: 999","er_score_surgery: 999","pr_status_surgery: 999","pr_score_surgery: 999","her2_status_surgery: 999","her2_score_surgery: 999","ki67_status_surgery: 999","ki67_surgery: 999","histological_grade: 999","nuclear_grade: 999","lymphovascular_invasion: 999","bilaterality: 0","multiplicity: 0","surgery_type: 1","surgical_site: 1","tumor_size: 0","regional_lymph_nodes: 0","tnm_stage_pathologic: 77","pcr_status: 0","proliferative_index: 19.98609688","cyt_score: 41.83452163","subtype_pam50: Basal","subtype_nmc: TN","subtype_ihc: TN","tumor_purity_pathology: 0.05","cin_score: 19.23531089","tumor_purity_facets: 0.292565173","tumor_purity_consensus: 0.292565173","tumor_ploidy: 1.387844816","cnv_burden_del: 0.11168264","cnv_burden_hemizygote: 0.187541098","loh_burden_burden: 0","cnv_burden_gain: 0.135730937","cnv_burden_amp: 0","til_count: 1131","tissue_area: 12640900","til_density: 89.4714775055574","time: T2","subtype_consensus: TN","mut_load: 4","total RNA","For RNA-Seq, sequencing libraries were prepared using TruSeq RNA Sample Preparation kit v2 (RS-122-2001 and RS-122-2002, Illumina). Sequencing of the RNA libraries was performed on an Illumina HiSeq2500 in 100-bp paired-end mode of the TruSeq Rapid PE Cluster kit and the TruSeq Rapid SBS kit.","9606","RNA-Seq data was analyzed using the RSEM42 pipeline with hg19 as the genome reference","Genome_build: hg19","Supplementary_files_format_and_content: expression matrix with gene expression by samples in TPM units","GPL16791","Zhengyan,,Kan","Computational Biology, Oncology Research & Development","Pfizer","10770 Science Center Drive","San Diego","CA","92121","USA","0","Illumina HiSeq 2500","cDNA","transcriptomic","RNA-Seq","BioSample: https://www.ncbi.nlm.nih.gov/biosample/SAMN10593368","NONE","52.61666667","No","0","999","999","Invasive ductal carcinoma","19.23531089","0","0.11168264","0.135730937","0.187541098","41.83452163","0","999","0","999","Female","0","999","0","999","999","70-80%","4","999","999","0","999","Postmenopausal","0","4","AC+T","999","0","0","999","0","999","19.98609688","0","TN","TN","TN","Basal","1","1","1131","89.4714775055574","T2","12640900","cT2N0-1M0","77","1.387844816","0.292565173","0.292565173","0.05","0"
"GSM3514172","OB_17_0166_1","GSM3514172","Public on Oct 12 2020","Dec 14 2018","Oct 12 2020","SRA","1","Primary Tumor","Homo sapiens","gender: Female","age: 49.92222222","menopausal_status: Postmenopausal","bc_family_history: Yes","brca1_status: Not Detected","brca2_status: Not Detected","cell_type_diagnosis: Invasive ductal carcinoma","er_status_diagnosis: 1","er_score_diagnosis: 4","pr_status_diagnosis: 0","pr_score_diagnosis: 0","her2_status_diagnosis: 1","her2_score_diagnosis: 3","ki67_status_diagnosis: 1","ki67_diagnosis: 0.2","tnm_stage_clinical: cT3N1M0","nac_drug: AC+T+Trastuzumab","er_status_surgery: 1","er_score_surgery: 5","pr_status_surgery: 0","pr_score_surgery: 0","her2_status_surgery: 1","her2_score_surgery: 3","ki67_status_surgery: 1","ki67_surgery: <5%","histological_grade: 3","nuclear_grade: 3","lymphovascular_invasion: 0","bilaterality: 0","multiplicity: 0","surgery_type: 0","surgical_site: 2","tumor_size: 7(Tis)","regional_lymph_nodes: 0","tnm_stage_pathologic: 1","pcr_status: 0","proliferative_index: 8.753243877","cyt_score: 14.71616798","subtype_pam50: LumA","subtype_nmc: ER+HER2+","subtype_ihc: ER+HER2+","tumor_purity_pathology: 0.05","cin_score: 21.93436694","tumor_purity_facets: 0.348392848","tumor_purity_consensus: 0.348392848","tumor_ploidy: 3.003753906","cnv_burden_del: 0.000142893","cnv_burden_hemizygote: 0.043788856","loh_burden_burden: 0","cnv_burden_gain: 0.736483465","cnv_burden_amp: 0.007021253","til_count: 2392","tissue_area: 20981900","til_density: 114.003021651995","time: T1","subtype_consensus: ER+HER2+","mut_load: 1","total RNA","For RNA-Seq, sequencing libraries were prepared using TruSeq RNA Sample Preparation kit v2 (RS-122-2001 and RS-122-2002, Illumina). Sequencing of the RNA libraries was performed on an Illumina HiSeq2500 in 100-bp paired-end mode of the TruSeq Rapid PE Cluster kit and the TruSeq Rapid SBS kit.","9606","RNA-Seq data was analyzed using the RSEM42 pipeline with hg19 as the genome reference","Genome_build: hg19","Supplementary_files_format_and_content: expression matrix with gene expression by samples in TPM units","GPL16791","Zhengyan,,Kan","Computational Biology, Oncology Research & Development","Pfizer","10770 Science Center Drive","San Diego","CA","92121","USA","0","Illumina HiSeq 2500","cDNA","transcriptomic","RNA-Seq","BioSample: https://www.ncbi.nlm.nih.gov/biosample/SAMN10593367","NONE","49.92222222","Yes","0","Not Detected","Not Detected","Invasive ductal carcinoma","21.93436694","0.007021253","0.000142893","0.736483465","0.043788856","14.71616798","4","5","1","1","Female","3","3","1","1","3","0.2","1","1","<5%","0","0","Postmenopausal","0","1","AC+T+Trastuzumab","3","0","0","0","0","0","8.753243877","0","ER+HER2+","ER+HER2+","ER+HER2+","LumA","0","2","2392","114.003021651995","T1","20981900","cT3N1M0","1","3.003753906","0.348392848","0.348392848","0.05","7(Tis)"
"GSM3514173","OB_17_0166_2","GSM3514173","Public on Oct 12 2020","Dec 14 2018","Oct 12 2020","SRA","1","Primary Tumor","Homo sapiens","gender: Female","age: 50","menopausal_status: Postmenopausal","bc_family_history: Yes","brca1_status: Not Detected","brca2_status: Not Detected","cell_type_diagnosis: Invasive ductal carcinoma","er_status_diagnosis: 1","er_score_diagnosis: 4","pr_status_diagnosis: 0","pr_score_diagnosis: 0","her2_status_diagnosis: 1","her2_score_diagnosis: 3","ki67_status_diagnosis: 1","ki67_diagnosis: 0.2","tnm_stage_clinical: cT3N1M0","nac_drug: AC+T+Trastuzumab","er_status_surgery: 1","er_score_surgery: 5","pr_status_surgery: 0","pr_score_surgery: 0","her2_status_surgery: 1","her2_score_surgery: 3","ki67_status_surgery: 1","ki67_surgery: <5%","histological_grade: 3","nuclear_grade: 3","lymphovascular_invasion: 0","bilaterality: 0","multiplicity: 0","surgery_type: 0","surgical_site: 2","tumor_size: 7(Tis)","regional_lymph_nodes: 0","tnm_stage_pathologic: 1","pcr_status: 0","proliferative_index: 7.261670697","cyt_score: 17.18073922","subtype_pam50: LumA","subtype_nmc: ER+HER2+","subtype_ihc: ER+HER2+","tumor_purity_pathology: 0.1","cin_score: 17.14102524","tumor_purity_facets: 0.266645409","tumor_purity_consensus: 0.266645409","tumor_ploidy: 1.657096795","cnv_burden_del: 0.039539079","cnv_burden_hemizygote: 0.138678924","loh_burden_burden: 0","cnv_burden_gain: 0.151568085","cnv_burden_amp: 0","til_count: 3470","tissue_area: 18597100","til_density: 186.588231498459","time: T2","subtype_consensus: ER+HER2+","mut_load: 3","total RNA","For RNA-Seq, sequencing libraries were prepared using TruSeq RNA Sample Preparation kit v2 (RS-122-2001 and RS-122-2002, Illumina). Sequencing of the RNA libraries was performed on an Illumina HiSeq2500 in 100-bp paired-end mode of the TruSeq Rapid PE Cluster kit and the TruSeq Rapid SBS kit.","9606","RNA-Seq data was analyzed using the RSEM42 pipeline with hg19 as the genome reference","Genome_build: hg19","Supplementary_files_format_and_content: expression matrix with gene expression by samples in TPM units","GPL16791","Zhengyan,,Kan","Computational Biology, Oncology Research & Development","Pfizer","10770 Science Center Drive","San Diego","CA","92121","USA","0","Illumina HiSeq 2500","cDNA","transcriptomic","RNA-Seq","BioSample: https://www.ncbi.nlm.nih.gov/biosample/SAMN10593366","NONE","50","Yes","0","Not Detected","Not Detected","Invasive ductal carcinoma","17.14102524","0","0.039539079","0.151568085","0.138678924","17.18073922","4","5","1","1","Female","3","3","1","1","3","0.2","1","1","<5%","0","0","Postmenopausal","0","3","AC+T+Trastuzumab","3","0","0","0","0","0","7.261670697","0","ER+HER2+","ER+HER2+","ER+HER2+","LumA","0","2","3470","186.588231498459","T2","18597100","cT3N1M0","1","1.657096795","0.266645409","0.266645409","0.1","7(Tis)"
"GSM3514174","OB_17_0171_1","GSM3514174","Public on Oct 12 2020","Dec 14 2018","Oct 12 2020","SRA","1","Primary Tumor","Homo sapiens","gender: Female","age: 24.87222222","menopausal_status: Premenopausal","bc_family_history: No","brca1_status: Not Detected","brca2_status: Not Detected","cell_type_diagnosis: Invasive ductal carcinoma","er_status_diagnosis: 1","er_score_diagnosis: 8","pr_status_diagnosis: 1","pr_score_diagnosis: 7","her2_status_diagnosis: 0","her2_score_diagnosis: 1","ki67_status_diagnosis: 3","ki67_diagnosis: 50-60%","tnm_stage_clinical: 999","nac_drug: AC+T","er_status_surgery: 1","er_score_surgery: 8","pr_status_surgery: 1","pr_score_surgery: 4","her2_status_surgery: 7","her2_score_surgery: 2","ki67_status_surgery: 1","ki67_surgery: <5%","histological_grade: 2","nuclear_grade: 3","lymphovascular_invasion: 1","bilaterality: 0","multiplicity: 0","surgery_type: 0","surgical_site: 1","tumor_size: 11.5","regional_lymph_nodes: 17","tnm_stage_pathologic: 18","pcr_status: 1","proliferative_index: 7.977427262","cyt_score: 2.820992733","subtype_pam50: LumA","subtype_nmc: ER+","subtype_ihc: ER+","tumor_purity_pathology: 0.6","cin_score: 27.94039795","tumor_purity_facets: 0.451264057","tumor_purity_consensus: 0.451264057","tumor_ploidy: 3.323971559","cnv_burden_del: 0.003386422","cnv_burden_hemizygote: 0.050496201","loh_burden_burden: 0.035827481","cnv_burden_gain: 0.309803307","cnv_burden_amp: 0.231461532","til_count: 2453","tissue_area: 44993400","til_density: 54.5191072468406","time: T1","subtype_consensus: ER+","mut_load: 43","total RNA","For RNA-Seq, sequencing libraries were prepared using TruSeq RNA Sample Preparation kit v2 (RS-122-2001 and RS-122-2002, Illumina). Sequencing of the RNA libraries was performed on an Illumina HiSeq2500 in 100-bp paired-end mode of the TruSeq Rapid PE Cluster kit and the TruSeq Rapid SBS kit.","9606","RNA-Seq data was analyzed using the RSEM42 pipeline with hg19 as the genome reference","Genome_build: hg19","Supplementary_files_format_and_content: expression matrix with gene expression by samples in TPM units","GPL16791","Zhengyan,,Kan","Computational Biology, Oncology Research & Development","Pfizer","10770 Science Center Drive","San Diego","CA","92121","USA","0","Illumina HiSeq 2500","cDNA","transcriptomic","RNA-Seq","BioSample: https://www.ncbi.nlm.nih.gov/biosample/SAMN10593365","NONE","24.87222222","No","0","Not Detected","Not Detected","Invasive ductal carcinoma","27.94039795","0.231461532","0.003386422","0.309803307","0.050496201","2.820992733","8","8","1","1","Female","1","2","0","7","2","50-60%","3","1","<5%","0.035827481","1","Premenopausal","0","43","AC+T","3","1","7","4","1","1","7.977427262","17","ER+","ER+","ER+","LumA","0","1","2453","54.5191072468406","T1","44993400","999","18","3.323971559","0.451264057","0.451264057","0.6","11.5"
"GSM3514175","OB_17_0171_2","GSM3514175","Public on Oct 12 2020","Dec 14 2018","Oct 12 2020","SRA","1","Primary Tumor","Homo sapiens","gender: Female","age: 24.87222222","menopausal_status: Premenopausal","bc_family_history: No","brca1_status: Not Detected","brca2_status: Not Detected","cell_type_diagnosis: Invasive ductal carcinoma","er_status_diagnosis: 1","er_score_diagnosis: 8","pr_status_diagnosis: 1","pr_score_diagnosis: 7","her2_status_diagnosis: 0","her2_score_diagnosis: 1","ki67_status_diagnosis: 3","ki67_diagnosis: 50-60%","tnm_stage_clinical: 999","nac_drug: AC+T","er_status_surgery: 1","er_score_surgery: 8","pr_status_surgery: 1","pr_score_surgery: 4","her2_status_surgery: 7","her2_score_surgery: 2","ki67_status_surgery: 1","ki67_surgery: <5%","histological_grade: 2","nuclear_grade: 3","lymphovascular_invasion: 1","bilaterality: 0","multiplicity: 0","surgery_type: 0","surgical_site: 1","tumor_size: 11.5","regional_lymph_nodes: 17","tnm_stage_pathologic: 18","pcr_status: 1","proliferative_index: 2.581884433","cyt_score: 3.136941185","subtype_pam50: LumA","subtype_nmc: ER+","subtype_ihc: ER+","tumor_purity_pathology: 0.3","cin_score: 19.59680614","tumor_purity_facets: 0.538286515","tumor_purity_consensus: 0.538286515","tumor_ploidy: 3.777879916","cnv_burden_del: 0","cnv_burden_hemizygote: 0.006898482","loh_burden_burden: 0.011532057","cnv_burden_gain: 0.262176197","cnv_burden_amp: 0.55775414","til_count: 1615","tissue_area: 27061800","til_density: 59.6782180047151","time: T2","subtype_consensus: ER+","mut_load: 39","total RNA","For RNA-Seq, sequencing libraries were prepared using TruSeq RNA Sample Preparation kit v2 (RS-122-2001 and RS-122-2002, Illumina). Sequencing of the RNA libraries was performed on an Illumina HiSeq2500 in 100-bp paired-end mode of the TruSeq Rapid PE Cluster kit and the TruSeq Rapid SBS kit.","9606","RNA-Seq data was analyzed using the RSEM42 pipeline with hg19 as the genome reference","Genome_build: hg19","Supplementary_files_format_and_content: expression matrix with gene expression by samples in TPM units","GPL16791","Zhengyan,,Kan","Computational Biology, Oncology Research & Development","Pfizer","10770 Science Center Drive","San Diego","CA","92121","USA","0","Illumina HiSeq 2500","cDNA","transcriptomic","RNA-Seq","BioSample: https://www.ncbi.nlm.nih.gov/biosample/SAMN10593364","NONE","24.87222222","No","0","Not Detected","Not Detected","Invasive ductal carcinoma","19.59680614","0.55775414","0","0.262176197","0.006898482","3.136941185","8","8","1","1","Female","1","2","0","7","2","50-60%","3","1","<5%","0.011532057","1","Premenopausal","0","39","AC+T","3","1","7","4","1","1","2.581884433","17","ER+","ER+","ER+","LumA","0","1","1615","59.6782180047151","T2","27061800","999","18","3.777879916","0.538286515","0.538286515","0.3","11.5"
"GSM3514176","OB_17_0181_1","GSM3514176","Public on Oct 12 2020","Dec 14 2018","Oct 12 2020","SRA","1","Primary Tumor","Homo sapiens","gender: Female","age: 59.18888889","menopausal_status: Postmenopausal","bc_family_history: No","brca1_status: Not Detected","brca2_status: Not Detected","cell_type_diagnosis: Invasive ductal carcinoma","er_status_diagnosis: 1","er_score_diagnosis: 8","pr_status_diagnosis: 1","pr_score_diagnosis: 8","her2_status_diagnosis: 1","her2_score_diagnosis: 3","ki67_status_diagnosis: 3","ki67_diagnosis: 50-60%","tnm_stage_clinical: cT2N1-2M0","nac_drug: AC+T+Trastuzumab","er_status_surgery: 1","er_score_surgery: 8","pr_status_surgery: 1","pr_score_surgery: 8","her2_status_surgery: 1","her2_score_surgery: 3","ki67_status_surgery: 2","ki67_surgery: 30-40%","histological_grade: 3","nuclear_grade: 3","lymphovascular_invasion: 0","bilaterality: 0","multiplicity: 0","surgery_type: 0","surgical_site: 2","tumor_size: 1.3","regional_lymph_nodes: 0","tnm_stage_pathologic: 2","pcr_status: 1","proliferative_index: 35.03505638","cyt_score: 5.213012565","subtype_pam50: LumB","subtype_nmc: ER+HER2+","subtype_ihc: ER+HER2+","tumor_purity_pathology: 0.6","cin_score: 27.87349817","tumor_purity_facets: 0.434598847","tumor_purity_consensus: 0.434598847","tumor_ploidy: 3.298614836","cnv_burden_del: 0.003214046","cnv_burden_hemizygote: 0.05078211","loh_burden_burden: 0","cnv_burden_gain: 0.312858637","cnv_burden_amp: 0.362925306","til_count: 1817","tissue_area: 27962400","til_density: 64.9801161559809","time: T1","subtype_consensus: ER+HER2+","mut_load: 57","total RNA","For RNA-Seq, sequencing libraries were prepared using TruSeq RNA Sample Preparation kit v2 (RS-122-2001 and RS-122-2002, Illumina). Sequencing of the RNA libraries was performed on an Illumina HiSeq2500 in 100-bp paired-end mode of the TruSeq Rapid PE Cluster kit and the TruSeq Rapid SBS kit.","9606","RNA-Seq data was analyzed using the RSEM42 pipeline with hg19 as the genome reference","Genome_build: hg19","Supplementary_files_format_and_content: expression matrix with gene expression by samples in TPM units","GPL16791","Zhengyan,,Kan","Computational Biology, Oncology Research & Development","Pfizer","10770 Science Center Drive","San Diego","CA","92121","USA","0","Illumina HiSeq 2500","cDNA","transcriptomic","RNA-Seq","BioSample: https://www.ncbi.nlm.nih.gov/biosample/SAMN10593363","NONE","59.18888889","No","0","Not Detected","Not Detected","Invasive ductal carcinoma","27.87349817","0.362925306","0.003214046","0.312858637","0.05078211","5.213012565","8","8","1","1","Female","3","3","1","1","3","50-60%","3","2","30-40%","0","0","Postmenopausal","0","57","AC+T+Trastuzumab","3","1","8","8","1","1","35.03505638","0","ER+HER2+","ER+HER2+","ER+HER2+","LumB","0","2","1817","64.9801161559809","T1","27962400","cT2N1-2M0","2","3.298614836","0.434598847","0.434598847","0.6","1.3"
"GSM3514177","OB_17_0181_2","GSM3514177","Public on Oct 12 2020","Dec 14 2018","Oct 12 2020","SRA","1","Primary Tumor","Homo sapiens","gender: Female","age: 59.18888889","menopausal_status: Postmenopausal","bc_family_history: No","brca1_status: Not Detected","brca2_status: Not Detected","cell_type_diagnosis: Invasive ductal carcinoma","er_status_diagnosis: 1","er_score_diagnosis: 8","pr_status_diagnosis: 1","pr_score_diagnosis: 8","her2_status_diagnosis: 1","her2_score_diagnosis: 3","ki67_status_diagnosis: 3","ki67_diagnosis: 50-60%","tnm_stage_clinical: cT2N1-2M0","nac_drug: AC+T+Trastuzumab","er_status_surgery: 1","er_score_surgery: 8","pr_status_surgery: 1","pr_score_surgery: 8","her2_status_surgery: 1","her2_score_surgery: 3","ki67_status_surgery: 2","ki67_surgery: 30-40%","histological_grade: 3","nuclear_grade: 3","lymphovascular_invasion: 0","bilaterality: 0","multiplicity: 0","surgery_type: 0","surgical_site: 2","tumor_size: 1.3","regional_lymph_nodes: 0","tnm_stage_pathologic: 2","pcr_status: 1","proliferative_index: 11.12742594","cyt_score: 7.680768191","subtype_pam50: LumA","subtype_nmc: ER+HER2+","subtype_ihc: ER+HER2+","tumor_purity_pathology: 0.8","cin_score: 27.0492739","tumor_purity_facets: 0.322828948","tumor_purity_consensus: 0.322828948","tumor_ploidy: 2.193390361","cnv_burden_del: 0.075843441","cnv_burden_hemizygote: 0.106416154","loh_burden_burden: 0.000306359","cnv_burden_gain: 0.461058246","cnv_burden_amp: 0.042373579","til_count: 2126","tissue_area: 22142700","til_density: 96.013584612536","time: T2","subtype_consensus: ER+HER2+","mut_load: 24","total RNA","For RNA-Seq, sequencing libraries were prepared using TruSeq RNA Sample Preparation kit v2 (RS-122-2001 and RS-122-2002, Illumina). Sequencing of the RNA libraries was performed on an Illumina HiSeq2500 in 100-bp paired-end mode of the TruSeq Rapid PE Cluster kit and the TruSeq Rapid SBS kit.","9606","RNA-Seq data was analyzed using the RSEM42 pipeline with hg19 as the genome reference","Genome_build: hg19","Supplementary_files_format_and_content: expression matrix with gene expression by samples in TPM units","GPL16791","Zhengyan,,Kan","Computational Biology, Oncology Research & Development","Pfizer","10770 Science Center Drive","San Diego","CA","92121","USA","0","Illumina HiSeq 2500","cDNA","transcriptomic","RNA-Seq","BioSample: https://www.ncbi.nlm.nih.gov/biosample/SAMN10593362","NONE","59.18888889","No","0","Not Detected","Not Detected","Invasive ductal carcinoma","27.0492739","0.042373579","0.075843441","0.461058246","0.106416154","7.680768191","8","8","1","1","Female","3","3","1","1","3","50-60%","3","2","30-40%","0.000306359","0","Postmenopausal","0","24","AC+T+Trastuzumab","3","1","8","8","1","1","11.12742594","0","ER+HER2+","ER+HER2+","ER+HER2+","LumA","0","2","2126","96.013584612536","T2","22142700","cT2N1-2M0","2","2.193390361","0.322828948","0.322828948","0.8","1.3"
"GSM3514178","OB_17_0183_1","GSM3514178","Public on Oct 12 2020","Dec 14 2018","Oct 12 2020","SRA","1","Primary Tumor","Homo sapiens","gender: Female","age: 33.78055556","menopausal_status: Premenopausal","bc_family_history: No","brca1_status: Not Detected","brca2_status: Not Detected","cell_type_diagnosis: Invasive ductal carcinoma","er_status_diagnosis: 1","er_score_diagnosis: 8","pr_status_diagnosis: 1","pr_score_diagnosis: 7","her2_status_diagnosis: 0","her2_score_diagnosis: 1","ki67_status_diagnosis: 1","ki67_diagnosis: 10-20%","tnm_stage_clinical: cT2N3M0","nac_drug: AC+T","er_status_surgery: 1","er_score_surgery: 8","pr_status_surgery: 1","pr_score_surgery: 7","her2_status_surgery: 0","her2_score_surgery: 1","ki67_status_surgery: 1","ki67_surgery: 10-20%","histological_grade: 2","nuclear_grade: 2","lymphovascular_invasion: 0","bilaterality: 0","multiplicity: 0","surgery_type: 1","surgical_site: 1","tumor_size: 0.6","regional_lymph_nodes: 1(mi)","tnm_stage_pathologic: 4","pcr_status: 1","proliferative_index: 21.11465936","cyt_score: 5.335025773","subtype_pam50: LumB","subtype_nmc: ER+","subtype_ihc: ER+","tumor_purity_pathology: 0.6","cin_score: 23.98871915","tumor_purity_facets: 0.556128011","tumor_purity_consensus: 0.556128011","tumor_ploidy: 4.097050136","cnv_burden_del: 0","cnv_burden_hemizygote: 0.002379973","loh_burden_burden: 0.013811299","cnv_burden_gain: 0.122211139","cnv_burden_amp: 0.658707911","til_count: 2187","tissue_area: 22289500","til_density: 98.1179479126943","time: T1","subtype_consensus: ER+","mut_load: 45","total RNA","For RNA-Seq, sequencing libraries were prepared using TruSeq RNA Sample Preparation kit v2 (RS-122-2001 and RS-122-2002, Illumina). Sequencing of the RNA libraries was performed on an Illumina HiSeq2500 in 100-bp paired-end mode of the TruSeq Rapid PE Cluster kit and the TruSeq Rapid SBS kit.","9606","RNA-Seq data was analyzed using the RSEM42 pipeline with hg19 as the genome reference","Genome_build: hg19","Supplementary_files_format_and_content: expression matrix with gene expression by samples in TPM units","GPL16791","Zhengyan,,Kan","Computational Biology, Oncology Research & Development","Pfizer","10770 Science Center Drive","San Diego","CA","92121","USA","0","Illumina HiSeq 2500","cDNA","transcriptomic","RNA-Seq","BioSample: https://www.ncbi.nlm.nih.gov/biosample/SAMN10593361","NONE","33.78055556","No","0","Not Detected","Not Detected","Invasive ductal carcinoma","23.98871915","0.658707911","0","0.122211139","0.002379973","5.335025773","8","8","1","1","Female","1","1","0","0","2","10-20%","1","1","10-20%","0.013811299","0","Premenopausal","0","45","AC+T","2","1","7","7","1","1","21.11465936","1(mi)","ER+","ER+","ER+","LumB","1","1","2187","98.1179479126943","T1","22289500","cT2N3M0","4","4.097050136","0.556128011","0.556128011","0.6","0.6"
"GSM3514179","OB_17_0202_1","GSM3514179","Public on Oct 12 2020","Dec 14 2018","Oct 12 2020","SRA","1","Primary Tumor","Homo sapiens","gender: Female","age: 37.18611111","menopausal_status: Premenopausal","bc_family_history: Yes","brca1_status: Detected","brca2_status: Not Detected","cell_type_diagnosis: Invasive ductal carcinoma","er_status_diagnosis: 0","er_score_diagnosis: 0","pr_status_diagnosis: 0","pr_score_diagnosis: 0","her2_status_diagnosis: 0","her2_score_diagnosis: 0","ki67_status_diagnosis: 4","ki67_diagnosis: 0.9","tnm_stage_clinical: cT2N0-1M0","nac_drug: AC+T","er_status_surgery: 999","er_score_surgery: 999","pr_status_surgery: 999","pr_score_surgery: 999","her2_status_surgery: 999","her2_score_surgery: 999","ki67_status_surgery: 999","ki67_surgery: 999","histological_grade: 999","nuclear_grade: 999","lymphovascular_invasion: 999","bilaterality: 0","multiplicity: 0","surgery_type: 0","surgical_site: 1","tumor_size: 0","regional_lymph_nodes: 0","tnm_stage_pathologic: 77","pcr_status: 0","proliferative_index: 57.3145922","cyt_score: 17.35664426","subtype_pam50: Basal","subtype_nmc: TN","subtype_ihc: TN","tumor_purity_pathology: 0.8","cin_score: 23.57757624","tumor_purity_facets: 0.330252602","tumor_purity_consensus: 0.330252602","tumor_ploidy: 4.721839982","cnv_burden_del: 0.000533612","cnv_burden_hemizygote: 0.036826934","loh_burden_burden: 0.026749012","cnv_burden_gain: 0.244947641","cnv_burden_amp: 0.409387122","til_count: 5496","tissue_area: 23552100","til_density: 233.354987453348","time: T1","subtype_consensus: TN","mut_load: 82","total RNA","For RNA-Seq, sequencing libraries were prepared using TruSeq RNA Sample Preparation kit v2 (RS-122-2001 and RS-122-2002, Illumina). Sequencing of the RNA libraries was performed on an Illumina HiSeq2500 in 100-bp paired-end mode of the TruSeq Rapid PE Cluster kit and the TruSeq Rapid SBS kit.","9606","RNA-Seq data was analyzed using the RSEM42 pipeline with hg19 as the genome reference","Genome_build: hg19","Supplementary_files_format_and_content: expression matrix with gene expression by samples in TPM units","GPL16791","Zhengyan,,Kan","Computational Biology, Oncology Research & Development","Pfizer","10770 Science Center Drive","San Diego","CA","92121","USA","0","Illumina HiSeq 2500","cDNA","transcriptomic","RNA-Seq","BioSample: https://www.ncbi.nlm.nih.gov/biosample/SAMN10593360","NONE","37.18611111","Yes","0","Detected","Not Detected","Invasive ductal carcinoma","23.57757624","0.409387122","0.000533612","0.244947641","0.036826934","17.35664426","0","999","0","999","Female","0","999","0","999","999","0.9","4","999","999","0.026749012","999","Premenopausal","0","82","AC+T","999","0","0","999","0","999","57.3145922","0","TN","TN","TN","Basal","0","1","5496","233.354987453348","T1","23552100","cT2N0-1M0","77","4.721839982","0.330252602","0.330252602","0.8","0"
"GSM3514180","OB_17_0230_1","GSM3514180","Public on Oct 12 2020","Dec 14 2018","Oct 12 2020","SRA","1","Primary Tumor","Homo sapiens","gender: Female","age: 43.86944444","menopausal_status: Premenopausal","bc_family_history: Yes","brca1_status: Not Detected","brca2_status: Not Detected","cell_type_diagnosis: Invasive ductal carcinoma","er_status_diagnosis: 0","er_score_diagnosis: 2","pr_status_diagnosis: 0","pr_score_diagnosis: 3","her2_status_diagnosis: 0","her2_score_diagnosis: 2","ki67_status_diagnosis: 3","ki67_diagnosis: 60-70%","tnm_stage_clinical: 999","nac_drug: AC+T","er_status_surgery: 0","er_score_surgery: 2","pr_status_surgery: 0","pr_score_surgery: 0","her2_status_surgery: 0","her2_score_surgery: 1","ki67_status_surgery: 1","ki67_surgery: 0.1","histological_grade: 2","nuclear_grade: 3","lymphovascular_invasion: 0","bilaterality: 0","multiplicity: 0","surgery_type: 1","surgical_site: 2","tumor_size: 2.8(Tis)","regional_lymph_nodes: 0","tnm_stage_pathologic: 1","pcr_status: 0","proliferative_index: 34.4123631","cyt_score: 12.66265375","subtype_pam50: Basal","subtype_nmc: TN","subtype_ihc: TN","tumor_purity_pathology: 0.4","cin_score: 15.93424629","tumor_purity_facets: 0.289149898","tumor_purity_consensus: 0.289149898","tumor_ploidy: 2.36657153","cnv_burden_del: 0.005358501","cnv_burden_hemizygote: 0.096212226","loh_burden_burden: 0.006220417","cnv_burden_gain: 0.54721863","cnv_burden_amp: 0.047850996","til_count: 2124","tissue_area: 21236900","til_density: 100.01459723406","time: T1","subtype_consensus: TN","mut_load: 25","total RNA","For RNA-Seq, sequencing libraries were prepared using TruSeq RNA Sample Preparation kit v2 (RS-122-2001 and RS-122-2002, Illumina). Sequencing of the RNA libraries was performed on an Illumina HiSeq2500 in 100-bp paired-end mode of the TruSeq Rapid PE Cluster kit and the TruSeq Rapid SBS kit.","9606","RNA-Seq data was analyzed using the RSEM42 pipeline with hg19 as the genome reference","Genome_build: hg19","Supplementary_files_format_and_content: expression matrix with gene expression by samples in TPM units","GPL16791","Zhengyan,,Kan","Computational Biology, Oncology Research & Development","Pfizer","10770 Science Center Drive","San Diego","CA","92121","USA","0","Illumina HiSeq 2500","cDNA","transcriptomic","RNA-Seq","BioSample: https://www.ncbi.nlm.nih.gov/biosample/SAMN10593359","NONE","43.86944444","Yes","0","Not Detected","Not Detected","Invasive ductal carcinoma","15.93424629","0.047850996","0.005358501","0.54721863","0.096212226","12.66265375","2","2","0","0","Female","2","1","0","0","2","60-70%","3","1","0.1","0.006220417","0","Premenopausal","0","25","AC+T","3","0","3","0","0","0","34.4123631","0","TN","TN","TN","Basal","1","2","2124","100.01459723406","T1","21236900","999","1","2.36657153","0.289149898","0.289149898","0.4","2.8(Tis)"
"GSM3514181","OB_17_0230_2","GSM3514181","Public on Oct 12 2020","Dec 14 2018","Oct 12 2020","SRA","1","Primary Tumor","Homo sapiens","gender: Female","age: 43.86944444","menopausal_status: Premenopausal","bc_family_history: Yes","brca1_status: Not Detected","brca2_status: Not Detected","cell_type_diagnosis: Invasive ductal carcinoma","er_status_diagnosis: 0","er_score_diagnosis: 2","pr_status_diagnosis: 0","pr_score_diagnosis: 3","her2_status_diagnosis: 0","her2_score_diagnosis: 2","ki67_status_diagnosis: 3","ki67_diagnosis: 60-70%","tnm_stage_clinical: 999","nac_drug: AC+T","er_status_surgery: 0","er_score_surgery: 2","pr_status_surgery: 0","pr_score_surgery: 0","her2_status_surgery: 0","her2_score_surgery: 1","ki67_status_surgery: 1","ki67_surgery: 0.1","histological_grade: 2","nuclear_grade: 3","lymphovascular_invasion: 0","bilaterality: 0","multiplicity: 0","surgery_type: 1","surgical_site: 2","tumor_size: 2.8(Tis)","regional_lymph_nodes: 0","tnm_stage_pathologic: 1","pcr_status: 0","proliferative_index: 5.033203128","cyt_score: 28.44475347","subtype_pam50: Normal","subtype_nmc: ER+","subtype_ihc: TN","tumor_purity_pathology: 0.4","cin_score: 37.43809118","tumor_purity_facets: 0.523482272","tumor_purity_consensus: 0.523482272","tumor_ploidy: 3.46857633","cnv_burden_del: 0.00095588","cnv_burden_hemizygote: 0.009557178","loh_burden_burden: 0","cnv_burden_gain: 0.488360337","cnv_burden_amp: 0.183743224","til_count: 319","tissue_area: 10841400","til_density: 29.4242441013153","time: T2","subtype_consensus: TN","mut_load: 11","total RNA","For RNA-Seq, sequencing libraries were prepared using TruSeq RNA Sample Preparation kit v2 (RS-122-2001 and RS-122-2002, Illumina). Sequencing of the RNA libraries was performed on an Illumina HiSeq2500 in 100-bp paired-end mode of the TruSeq Rapid PE Cluster kit and the TruSeq Rapid SBS kit.","9606","RNA-Seq data was analyzed using the RSEM42 pipeline with hg19 as the genome reference","Genome_build: hg19","Supplementary_files_format_and_content: expression matrix with gene expression by samples in TPM units","GPL16791","Zhengyan,,Kan","Computational Biology, Oncology Research & Development","Pfizer","10770 Science Center Drive","San Diego","CA","92121","USA","0","Illumina HiSeq 2500","cDNA","transcriptomic","RNA-Seq","BioSample: https://www.ncbi.nlm.nih.gov/biosample/SAMN10593358","NONE","43.86944444","Yes","0","Not Detected","Not Detected","Invasive ductal carcinoma","37.43809118","0.183743224","0.00095588","0.488360337","0.009557178","28.44475347","2","2","0","0","Female","2","1","0","0","2","60-70%","3","1","0.1","0","0","Premenopausal","0","11","AC+T","3","0","3","0","0","0","5.033203128","0","TN","TN","ER+","Normal","1","2","319","29.4242441013153","T2","10841400","999","1","3.46857633","0.523482272","0.523482272","0.4","2.8(Tis)"
"GSM3514182","OB_17_0234_1","GSM3514182","Public on Oct 12 2020","Dec 14 2018","Oct 12 2020","SRA","1","Primary Tumor","Homo sapiens","gender: Female","age: 49.44166667","menopausal_status: Premenopausal","bc_family_history: No","brca1_status: 999","brca2_status: 999","cell_type_diagnosis: Invasive ductal carcinoma","er_status_diagnosis: 0","er_score_diagnosis: 0","pr_status_diagnosis: 0","pr_score_diagnosis: 0","her2_status_diagnosis: 0","her2_score_diagnosis: 0","ki67_status_diagnosis: 1","ki67_diagnosis: 5-10%","tnm_stage_clinical: cT2N1-2M0","nac_drug: AC+T","er_status_surgery: 0","er_score_surgery: 0","pr_status_surgery: 0","pr_score_surgery: 0","her2_status_surgery: 0","her2_score_surgery: 1","ki67_status_surgery: 3","ki67_surgery: 60-70%","histological_grade: 3","nuclear_grade: 3","lymphovascular_invasion: 0","bilaterality: 0","multiplicity: 0","surgery_type: 0","surgical_site: 1","tumor_size: 2.1","regional_lymph_nodes: 0","tnm_stage_pathologic: 7","pcr_status: 1","proliferative_index: 20.4482816","cyt_score: 7.486588008","subtype_pam50: Her2","subtype_nmc: TN","subtype_ihc: TN","tumor_purity_pathology: 0.8","cin_score: 20.94403464","tumor_purity_facets: 0.348659988","tumor_purity_consensus: 0.348659988","tumor_ploidy: 3.585259437","cnv_burden_del: 0","cnv_burden_hemizygote: 0.015175838","loh_burden_burden: 0","cnv_burden_gain: 0.455358413","cnv_burden_amp: 0.327273345","til_count: 261","tissue_area: 22679500","til_density: 11.5081902158337","time: T1","subtype_consensus: TN","mut_load: 12","total RNA","For RNA-Seq, sequencing libraries were prepared using TruSeq RNA Sample Preparation kit v2 (RS-122-2001 and RS-122-2002, Illumina). Sequencing of the RNA libraries was performed on an Illumina HiSeq2500 in 100-bp paired-end mode of the TruSeq Rapid PE Cluster kit and the TruSeq Rapid SBS kit.","9606","RNA-Seq data was analyzed using the RSEM42 pipeline with hg19 as the genome reference","Genome_build: hg19","Supplementary_files_format_and_content: expression matrix with gene expression by samples in TPM units","GPL16791","Zhengyan,,Kan","Computational Biology, Oncology Research & Development","Pfizer","10770 Science Center Drive","San Diego","CA","92121","USA","0","Illumina HiSeq 2500","cDNA","transcriptomic","RNA-Seq","BioSample: https://www.ncbi.nlm.nih.gov/biosample/SAMN10593357","NONE","49.44166667","No","0","999","999","Invasive ductal carcinoma","20.94403464","0.327273345","0","0.455358413","0.015175838","7.486588008","0","0","0","0","Female","0","1","0","0","3","5-10%","1","3","60-70%","0","0","Premenopausal","0","12","AC+T","3","1","0","0","0","0","20.4482816","0","TN","TN","TN","Her2","0","1","261","11.5081902158337","T1","22679500","cT2N1-2M0","7","3.585259437","0.348659988","0.348659988","0.8","2.1"
"GSM3514183","OB_17_0234_2","GSM3514183","Public on Oct 12 2020","Dec 14 2018","Oct 12 2020","SRA","1","Primary Tumor","Homo sapiens","gender: Female","age: 49.44166667","menopausal_status: Premenopausal","bc_family_history: No","brca1_status: 999","brca2_status: 999","cell_type_diagnosis: Invasive ductal carcinoma","er_status_diagnosis: 0","er_score_diagnosis: 0","pr_status_diagnosis: 0","pr_score_diagnosis: 0","her2_status_diagnosis: 0","her2_score_diagnosis: 0","ki67_status_diagnosis: 1","ki67_diagnosis: 5-10%","tnm_stage_clinical: cT2N1-2M0","nac_drug: AC+T","er_status_surgery: 0","er_score_surgery: 0","pr_status_surgery: 0","pr_score_surgery: 0","her2_status_surgery: 0","her2_score_surgery: 1","ki67_status_surgery: 3","ki67_surgery: 60-70%","histological_grade: 3","nuclear_grade: 3","lymphovascular_invasion: 0","bilaterality: 0","multiplicity: 0","surgery_type: 0","surgical_site: 1","tumor_size: 2.1","regional_lymph_nodes: 0","tnm_stage_pathologic: 7","pcr_status: 1","proliferative_index: 14.87724884","cyt_score: 37.8011058","subtype_pam50: LumA","subtype_nmc: TN","subtype_ihc: TN","tumor_purity_pathology: 0.02","cin_score: 19.86588368","tumor_purity_facets: 0.281994901","tumor_purity_consensus: 0.281994901","tumor_ploidy: 1.657450872","cnv_burden_del: 0.090482252","cnv_burden_hemizygote: 0.166712098","loh_burden_burden: 0","cnv_burden_gain: 0.333731258","cnv_burden_amp: 0.000116133","til_count: 565","tissue_area: 34062500","til_density: 16.5871559633028","time: T2","subtype_consensus: TN","mut_load: 12","total RNA","For RNA-Seq, sequencing libraries were prepared using TruSeq RNA Sample Preparation kit v2 (RS-122-2001 and RS-122-2002, Illumina). Sequencing of the RNA libraries was performed on an Illumina HiSeq2500 in 100-bp paired-end mode of the TruSeq Rapid PE Cluster kit and the TruSeq Rapid SBS kit.","9606","RNA-Seq data was analyzed using the RSEM42 pipeline with hg19 as the genome reference","Genome_build: hg19","Supplementary_files_format_and_content: expression matrix with gene expression by samples in TPM units","GPL16791","Zhengyan,,Kan","Computational Biology, Oncology Research & Development","Pfizer","10770 Science Center Drive","San Diego","CA","92121","USA","0","Illumina HiSeq 2500","cDNA","transcriptomic","RNA-Seq","BioSample: https://www.ncbi.nlm.nih.gov/biosample/SAMN10593277","NONE","49.44166667","No","0","999","999","Invasive ductal carcinoma","19.86588368","0.000116133","0.090482252","0.333731258","0.166712098","37.8011058","0","0","0","0","Female","0","1","0","0","3","5-10%","1","3","60-70%","0","0","Premenopausal","0","12","AC+T","3","1","0","0","0","0","14.87724884","0","TN","TN","TN","LumA","0","1","565","16.5871559633028","T2","34062500","cT2N1-2M0","7","1.657450872","0.281994901","0.281994901","0.02","2.1"
"GSM3514184","OB_17_0234_3","GSM3514184","Public on Oct 12 2020","Dec 14 2018","Oct 12 2020","SRA","1","Primary Tumor","Homo sapiens","gender: Female","age: 49.44166667","menopausal_status: Premenopausal","bc_family_history: No","brca1_status: 999","brca2_status: 999","cell_type_diagnosis: Invasive ductal carcinoma","er_status_diagnosis: 0","er_score_diagnosis: 0","pr_status_diagnosis: 0","pr_score_diagnosis: 0","her2_status_diagnosis: 0","her2_score_diagnosis: 0","ki67_status_diagnosis: 1","ki67_diagnosis: 5-10%","tnm_stage_clinical: cT2N1-2M0","nac_drug: AC+T","er_status_surgery: 0","er_score_surgery: 0","pr_status_surgery: 0","pr_score_surgery: 0","her2_status_surgery: 0","her2_score_surgery: 1","ki67_status_surgery: 3","ki67_surgery: 60-70%","histological_grade: 3","nuclear_grade: 3","lymphovascular_invasion: 0","bilaterality: 0","multiplicity: 0","surgery_type: 0","surgical_site: 1","tumor_size: 2.1","regional_lymph_nodes: 0","tnm_stage_pathologic: 7","pcr_status: 1","proliferative_index: 46.43975616","cyt_score: 2.672377219","subtype_pam50: Basal","subtype_nmc: TN","subtype_ihc: TN","tumor_purity_pathology: 0.8","cin_score: 14.38579513","tumor_purity_facets: 0.422865597","tumor_purity_consensus: 0.422865597","tumor_ploidy: 2.806949709","cnv_burden_del: 0.00057418","cnv_burden_hemizygote: 0.038596809","loh_burden_burden: 0.240336832","cnv_burden_gain: 0.370060288","cnv_burden_amp: 0.047082596","til_count: 2645","tissue_area: 83397000","til_density: 31.7157691523676","time: T3","subtype_consensus: TN","mut_load: 19","total RNA","For RNA-Seq, sequencing libraries were prepared using TruSeq RNA Sample Preparation kit v2 (RS-122-2001 and RS-122-2002, Illumina). Sequencing of the RNA libraries was performed on an Illumina HiSeq2500 in 100-bp paired-end mode of the TruSeq Rapid PE Cluster kit and the TruSeq Rapid SBS kit.","9606","RNA-Seq data was analyzed using the RSEM42 pipeline with hg19 as the genome reference","Genome_build: hg19","Supplementary_files_format_and_content: expression matrix with gene expression by samples in TPM units","GPL16791","Zhengyan,,Kan","Computational Biology, Oncology Research & Development","Pfizer","10770 Science Center Drive","San Diego","CA","92121","USA","0","Illumina HiSeq 2500","cDNA","transcriptomic","RNA-Seq","BioSample: https://www.ncbi.nlm.nih.gov/biosample/SAMN10593276","NONE","49.44166667","No","0","999","999","Invasive ductal carcinoma","14.38579513","0.047082596","0.00057418","0.370060288","0.038596809","2.672377219","0","0","0","0","Female","0","1","0","0","3","5-10%","1","3","60-70%","0.240336832","0","Premenopausal","0","19","AC+T","3","1","0","0","0","0","46.43975616","0","TN","TN","TN","Basal","0","1","2645","31.7157691523676","T3","83397000","cT2N1-2M0","7","2.806949709","0.422865597","0.422865597","0.8","2.1"
"GSM3514185","OB_17_0249_1","GSM3514185","Public on Oct 12 2020","Dec 14 2018","Oct 12 2020","SRA","1","Primary Tumor","Homo sapiens","gender: Female","age: 60.88611111","menopausal_status: Postmenopausal","bc_family_history: No","brca1_status: 999","brca2_status: 999","cell_type_diagnosis: Invasive ductal carcinoma","er_status_diagnosis: 1","er_score_diagnosis: 8","pr_status_diagnosis: 0","pr_score_diagnosis: 3","her2_status_diagnosis: 0","her2_score_diagnosis: 1","ki67_status_diagnosis: 2","ki67_diagnosis: 30-40%","tnm_stage_clinical: cT3N2M0","nac_drug: AC+T","er_status_surgery: 1","er_score_surgery: 8","pr_status_surgery: 1","pr_score_surgery: 5","her2_status_surgery: 0","her2_score_surgery: 2","ki67_status_surgery: 1","ki67_surgery: <5%","histological_grade: 1","nuclear_grade: 2","lymphovascular_invasion: 0","bilaterality: 0","multiplicity: 0","surgery_type: 0","surgical_site: 1","tumor_size: 7","regional_lymph_nodes: 7","tnm_stage_pathologic: 14","pcr_status: 1","proliferative_index: 20.75542232","cyt_score: 1.515519713","subtype_pam50: LumB","subtype_nmc: ER+","subtype_ihc: ER+","tumor_purity_pathology: 0.6","cin_score: 33.32881516","tumor_purity_facets: 0.45191773","tumor_purity_consensus: 0.45191773","tumor_ploidy: 3.37860013","cnv_burden_del: 0.009132977","cnv_burden_hemizygote: 0.027901154","loh_burden_burden: 0.039648622","cnv_burden_gain: 0.285421828","cnv_burden_amp: 0.289271378","til_count: 2913","tissue_area: 24601500","til_density: 118.407414182062","time: T1","subtype_consensus: ER+","mut_load: 27","total RNA","For RNA-Seq, sequencing libraries were prepared using TruSeq RNA Sample Preparation kit v2 (RS-122-2001 and RS-122-2002, Illumina). Sequencing of the RNA libraries was performed on an Illumina HiSeq2500 in 100-bp paired-end mode of the TruSeq Rapid PE Cluster kit and the TruSeq Rapid SBS kit.","9606","RNA-Seq data was analyzed using the RSEM42 pipeline with hg19 as the genome reference","Genome_build: hg19","Supplementary_files_format_and_content: expression matrix with gene expression by samples in TPM units","GPL16791","Zhengyan,,Kan","Computational Biology, Oncology Research & Development","Pfizer","10770 Science Center Drive","San Diego","CA","92121","USA","0","Illumina HiSeq 2500","cDNA","transcriptomic","RNA-Seq","BioSample: https://www.ncbi.nlm.nih.gov/biosample/SAMN10593275","NONE","60.88611111","No","0","999","999","Invasive ductal carcinoma","33.32881516","0.289271378","0.009132977","0.285421828","0.027901154","1.515519713","8","8","1","1","Female","1","2","0","0","1","30-40%","2","1","<5%","0.039648622","0","Postmenopausal","0","27","AC+T","2","1","3","5","0","1","20.75542232","7","ER+","ER+","ER+","LumB","0","1","2913","118.407414182062","T1","24601500","cT3N2M0","14","3.37860013","0.45191773","0.45191773","0.6","7"
"GSM3514186","OB_17_0255_2","GSM3514186","Public on Oct 12 2020","Dec 14 2018","Oct 12 2020","SRA","1","Primary Tumor","Homo sapiens","gender: Female","age: 45.48888889","menopausal_status: Premenopausal","bc_family_history: No","brca1_status: 999","brca2_status: 999","cell_type_diagnosis: Invasive ductal carcinoma","er_status_diagnosis: 0","er_score_diagnosis: 0","pr_status_diagnosis: 0","pr_score_diagnosis: 0","her2_status_diagnosis: 0","her2_score_diagnosis: 1","ki67_status_diagnosis: 1","ki67_diagnosis: 20-30%","tnm_stage_clinical: cT2(multiple)N0N0","nac_drug: AC+T","er_status_surgery: 0","er_score_surgery: 0","pr_status_surgery: 0","pr_score_surgery: 0","her2_status_surgery: 0","her2_score_surgery: 1","ki67_status_surgery: 1","ki67_surgery: <10%","histological_grade: 2","nuclear_grade: 3","lymphovascular_invasion: 0","bilaterality: 0","multiplicity: 1","surgery_type: 1","surgical_site: 2","tumor_size: 0.8","regional_lymph_nodes: 0","tnm_stage_pathologic: 2","pcr_status: 1","proliferative_index: 7.940675401","cyt_score: 2.444176753","subtype_pam50: LumA","subtype_nmc: TN","subtype_ihc: TN","tumor_purity_pathology: 0.05","cin_score: 22.61205249","tumor_purity_facets: 0.281270886","tumor_purity_consensus: 0.281270886","tumor_ploidy: 2.925171452","cnv_burden_del: 0.007002197","cnv_burden_hemizygote: 0.05114816","loh_burden_burden: 0","cnv_burden_gain: 0.668810711","cnv_burden_amp: 0.068864434","til_count: 973","tissue_area: 28806500","til_density: 33.7770989186468","time: T2","subtype_consensus: TN","mut_load: 16","total RNA","For RNA-Seq, sequencing libraries were prepared using TruSeq RNA Sample Preparation kit v2 (RS-122-2001 and RS-122-2002, Illumina). Sequencing of the RNA libraries was performed on an Illumina HiSeq2500 in 100-bp paired-end mode of the TruSeq Rapid PE Cluster kit and the TruSeq Rapid SBS kit.","9606","RNA-Seq data was analyzed using the RSEM42 pipeline with hg19 as the genome reference","Genome_build: hg19","Supplementary_files_format_and_content: expression matrix with gene expression by samples in TPM units","GPL16791","Zhengyan,,Kan","Computational Biology, Oncology Research & Development","Pfizer","10770 Science Center Drive","San Diego","CA","92121","USA","0","Illumina HiSeq 2500","cDNA","transcriptomic","RNA-Seq","BioSample: https://www.ncbi.nlm.nih.gov/biosample/SAMN10593274","NONE","45.48888889","No","0","999","999","Invasive ductal carcinoma","22.61205249","0.068864434","0.007002197","0.668810711","0.05114816","2.444176753","0","0","0","0","Female","1","1","0","0","2","20-30%","1","1","<10%","0","0","Premenopausal","1","16","AC+T","3","1","0","0","0","0","7.940675401","0","TN","TN","TN","LumA","1","2","973","33.7770989186468","T2","28806500","cT2(multiple)N0N0","2","2.925171452","0.281270886","0.281270886","0.05","0.8"
"GSM3514187","OB_17_0257_1","GSM3514187","Public on Oct 12 2020","Dec 14 2018","Oct 12 2020","SRA","1","Primary Tumor","Homo sapiens","gender: Female","age: 58.40277778","menopausal_status: Postmenopausal","bc_family_history: No","brca1_status: Not Detected","brca2_status: Not Detected","cell_type_diagnosis: Invasive ductal carcinoma","er_status_diagnosis: 1","er_score_diagnosis: 8","pr_status_diagnosis: 1","pr_score_diagnosis: 8","her2_status_diagnosis: 0","her2_score_diagnosis: 1","ki67_status_diagnosis: 2","ki67_diagnosis: 30-40%","tnm_stage_clinical: cT2N1M0","nac_drug: AC+T","er_status_surgery: 1","er_score_surgery: 8","pr_status_surgery: 1","pr_score_surgery: 8","her2_status_surgery: 0","her2_score_surgery: 1","ki67_status_surgery: 1","ki67_surgery: 0.05","histological_grade: 2","nuclear_grade: 3","lymphovascular_invasion: 0","bilaterality: 0","multiplicity: 0","surgery_type: 1","surgical_site: 2","tumor_size: 2.1","regional_lymph_nodes: 1","tnm_stage_pathologic: 8","pcr_status: 1","proliferative_index: 19.12010185","cyt_score: 4.967484273","subtype_pam50: LumB","subtype_nmc: ER+","subtype_ihc: ER+","tumor_purity_pathology: 0.7","cin_score: 37.26235639","tumor_purity_facets: 0.437047065","tumor_purity_consensus: 0.437047065","tumor_ploidy: 2.573348243","cnv_burden_del: 0.024738514","cnv_burden_hemizygote: 0.127555766","loh_burden_burden: 0.004031976","cnv_burden_gain: 0.395159339","cnv_burden_amp: 0.121590485","til_count: 5153","tissue_area: 25043400","til_density: 205.762795786515","time: T1","subtype_consensus: ER+","mut_load: 37","total RNA","For RNA-Seq, sequencing libraries were prepared using TruSeq RNA Sample Preparation kit v2 (RS-122-2001 and RS-122-2002, Illumina). Sequencing of the RNA libraries was performed on an Illumina HiSeq2500 in 100-bp paired-end mode of the TruSeq Rapid PE Cluster kit and the TruSeq Rapid SBS kit.","9606","RNA-Seq data was analyzed using the RSEM42 pipeline with hg19 as the genome reference","Genome_build: hg19","Supplementary_files_format_and_content: expression matrix with gene expression by samples in TPM units","GPL16791","Zhengyan,,Kan","Computational Biology, Oncology Research & Development","Pfizer","10770 Science Center Drive","San Diego","CA","92121","USA","0","Illumina HiSeq 2500","cDNA","transcriptomic","RNA-Seq","BioSample: https://www.ncbi.nlm.nih.gov/biosample/SAMN10593273","NONE","58.40277778","No","0","Not Detected","Not Detected","Invasive ductal carcinoma","37.26235639","0.121590485","0.024738514","0.395159339","0.127555766","4.967484273","8","8","1","1","Female","1","1","0","0","2","30-40%","2","1","0.05","0.004031976","0","Postmenopausal","0","37","AC+T","3","1","8","8","1","1","19.12010185","1","ER+","ER+","ER+","LumB","1","2","5153","205.762795786515","T1","25043400","cT2N1M0","8","2.573348243","0.437047065","0.437047065","0.7","2.1"
"GSM3514188","OB_17_0257_2","GSM3514188","Public on Oct 12 2020","Dec 14 2018","Oct 12 2020","SRA","1","Primary Tumor","Homo sapiens","gender: Female","age: 58.40277778","menopausal_status: Postmenopausal","bc_family_history: No","brca1_status: Not Detected","brca2_status: Not Detected","cell_type_diagnosis: Invasive ductal carcinoma","er_status_diagnosis: 1","er_score_diagnosis: 8","pr_status_diagnosis: 1","pr_score_diagnosis: 8","her2_status_diagnosis: 0","her2_score_diagnosis: 1","ki67_status_diagnosis: 2","ki67_diagnosis: 30-40%","tnm_stage_clinical: cT2N1M0","nac_drug: AC+T","er_status_surgery: 1","er_score_surgery: 8","pr_status_surgery: 1","pr_score_surgery: 8","her2_status_surgery: 0","her2_score_surgery: 1","ki67_status_surgery: 1","ki67_surgery: 0.05","histological_grade: 2","nuclear_grade: 3","lymphovascular_invasion: 0","bilaterality: 0","multiplicity: 0","surgery_type: 1","surgical_site: 2","tumor_size: 2.1","regional_lymph_nodes: 1","tnm_stage_pathologic: 8","pcr_status: 1","proliferative_index: 14.01779105","cyt_score: 8.447336858","subtype_pam50: LumA","subtype_nmc: ER+","subtype_ihc: ER+","tumor_purity_pathology: 0.5","cin_score: 12.03300036","tumor_purity_facets: 0.244086111","tumor_purity_consensus: 0.244086111","tumor_ploidy: 2.681776447","cnv_burden_del: 0.000152567","cnv_burden_hemizygote: 0.059558634","loh_burden_burden: 0","cnv_burden_gain: 0.654393657","cnv_burden_amp: 0.016970209","til_count: 1496","tissue_area: 21799200","til_density: 68.6263716099673","time: T2","subtype_consensus: ER+","mut_load: 30","total RNA","For RNA-Seq, sequencing libraries were prepared using TruSeq RNA Sample Preparation kit v2 (RS-122-2001 and RS-122-2002, Illumina). Sequencing of the RNA libraries was performed on an Illumina HiSeq2500 in 100-bp paired-end mode of the TruSeq Rapid PE Cluster kit and the TruSeq Rapid SBS kit.","9606","RNA-Seq data was analyzed using the RSEM42 pipeline with hg19 as the genome reference","Genome_build: hg19","Supplementary_files_format_and_content: expression matrix with gene expression by samples in TPM units","GPL16791","Zhengyan,,Kan","Computational Biology, Oncology Research & Development","Pfizer","10770 Science Center Drive","San Diego","CA","92121","USA","0","Illumina HiSeq 2500","cDNA","transcriptomic","RNA-Seq","BioSample: https://www.ncbi.nlm.nih.gov/biosample/SAMN10593272","NONE","58.40277778","No","0","Not Detected","Not Detected","Invasive ductal carcinoma","12.03300036","0.016970209","0.000152567","0.654393657","0.059558634","8.447336858","8","8","1","1","Female","1","1","0","0","2","30-40%","2","1","0.05","0","0","Postmenopausal","0","30","AC+T","3","1","8","8","1","1","14.01779105","1","ER+","ER+","ER+","LumA","1","2","1496","68.6263716099673","T2","21799200","cT2N1M0","8","2.681776447","0.244086111","0.244086111","0.5","2.1"
"GSM3514189","OB_17_0266_1","GSM3514189","Public on Oct 12 2020","Dec 14 2018","Oct 12 2020","SRA","1","Primary Tumor","Homo sapiens","gender: Female","age: 43.575","menopausal_status: Premenopausal","bc_family_history: No","brca1_status: Not Detected","brca2_status: Not Detected","cell_type_diagnosis: Invasive ductal carcinoma","er_status_diagnosis: 1","er_score_diagnosis: 7","pr_status_diagnosis: 1","pr_score_diagnosis: 8","her2_status_diagnosis: 0","her2_score_diagnosis: 0","ki67_status_diagnosis: 1","ki67_diagnosis: 10-20%","tnm_stage_clinical: cT2N0M0","nac_drug: AC+T","er_status_surgery: 0","er_score_surgery: 1","pr_status_surgery: 7","pr_score_surgery: 1","her2_status_surgery: 5","her2_score_surgery: 0","ki67_status_surgery: 1","ki67_surgery: <5%","histological_grade: 2","nuclear_grade: 2","lymphovascular_invasion: 0","bilaterality: 0","multiplicity: 0","surgery_type: 1","surgical_site: 1","tumor_size: 0.7","regional_lymph_nodes: 0","tnm_stage_pathologic: 2","pcr_status: 1","proliferative_index: 11.12563919","cyt_score: 1.146647287","subtype_pam50: LumA","subtype_nmc: ER+","subtype_ihc: ER+","tumor_purity_pathology: 0.3","cin_score: 26.49542091","tumor_purity_facets: 0.400324354","tumor_purity_consensus: 0.400324354","tumor_ploidy: 3.184586222","cnv_burden_del: 0.010203374","cnv_burden_hemizygote: 0.084724392","loh_burden_burden: 0.046802048","cnv_burden_gain: 0.311935703","cnv_burden_amp: 0.383387588","til_count: 1822","tissue_area: 25082100","til_density: 72.641445493001","time: T1","subtype_consensus: ER+","mut_load: 32","total RNA","For RNA-Seq, sequencing libraries were prepared using TruSeq RNA Sample Preparation kit v2 (RS-122-2001 and RS-122-2002, Illumina). Sequencing of the RNA libraries was performed on an Illumina HiSeq2500 in 100-bp paired-end mode of the TruSeq Rapid PE Cluster kit and the TruSeq Rapid SBS kit.","9606","RNA-Seq data was analyzed using the RSEM42 pipeline with hg19 as the genome reference","Genome_build: hg19","Supplementary_files_format_and_content: expression matrix with gene expression by samples in TPM units","GPL16791","Zhengyan,,Kan","Computational Biology, Oncology Research & Development","Pfizer","10770 Science Center Drive","San Diego","CA","92121","USA","0","Illumina HiSeq 2500","cDNA","transcriptomic","RNA-Seq","BioSample: https://www.ncbi.nlm.nih.gov/biosample/SAMN10593271","NONE","43.575","No","0","Not Detected","Not Detected","Invasive ductal carcinoma","26.49542091","0.383387588","0.010203374","0.311935703","0.084724392","1.146647287","7","1","1","0","Female","0","0","0","5","2","10-20%","1","1","<5%","0.046802048","0","Premenopausal","0","32","AC+T","2","1","8","1","1","7","11.12563919","0","ER+","ER+","ER+","LumA","1","1","1822","72.641445493001","T1","25082100","cT2N0M0","2","3.184586222","0.400324354","0.400324354","0.3","0.7"
"GSM3514190","OB_17_0266_2","GSM3514190","Public on Oct 12 2020","Dec 14 2018","Oct 12 2020","SRA","1","Primary Tumor","Homo sapiens","gender: Female","age: 43.575","menopausal_status: Premenopausal","bc_family_history: No","brca1_status: Not Detected","brca2_status: Not Detected","cell_type_diagnosis: Invasive ductal carcinoma","er_status_diagnosis: 1","er_score_diagnosis: 7","pr_status_diagnosis: 1","pr_score_diagnosis: 8","her2_status_diagnosis: 0","her2_score_diagnosis: 0","ki67_status_diagnosis: 1","ki67_diagnosis: 10-20%","tnm_stage_clinical: cT2N0M0","nac_drug: AC+T","er_status_surgery: 0","er_score_surgery: 1","pr_status_surgery: 7","pr_score_surgery: 1","her2_status_surgery: 5","her2_score_surgery: 0","ki67_status_surgery: 1","ki67_surgery: <5%","histological_grade: 2","nuclear_grade: 2","lymphovascular_invasion: 0","bilaterality: 0","multiplicity: 0","surgery_type: 1","surgical_site: 1","tumor_size: 0.7","regional_lymph_nodes: 0","tnm_stage_pathologic: 2","pcr_status: 1","proliferative_index: 21.18269213","cyt_score: 2.062425756","subtype_pam50: LumB","subtype_nmc: ER+","subtype_ihc: ER+","tumor_purity_pathology: 0.7","cin_score: 33.53688591","tumor_purity_facets: 0.329110927","tumor_purity_consensus: 0.329110927","tumor_ploidy: 2.677713082","cnv_burden_del: 0.068570886","cnv_burden_hemizygote: 0.099020229","loh_burden_burden: 0.001166112","cnv_burden_gain: 0.396589136","cnv_burden_amp: 0.176520845","til_count: 1802","tissue_area: 60731700","til_density: 29.6714895186534","time: T2","subtype_consensus: ER+","mut_load: 35","total RNA","For RNA-Seq, sequencing libraries were prepared using TruSeq RNA Sample Preparation kit v2 (RS-122-2001 and RS-122-2002, Illumina). Sequencing of the RNA libraries was performed on an Illumina HiSeq2500 in 100-bp paired-end mode of the TruSeq Rapid PE Cluster kit and the TruSeq Rapid SBS kit.","9606","RNA-Seq data was analyzed using the RSEM42 pipeline with hg19 as the genome reference","Genome_build: hg19","Supplementary_files_format_and_content: expression matrix with gene expression by samples in TPM units","GPL16791","Zhengyan,,Kan","Computational Biology, Oncology Research & Development","Pfizer","10770 Science Center Drive","San Diego","CA","92121","USA","0","Illumina HiSeq 2500","cDNA","transcriptomic","RNA-Seq","BioSample: https://www.ncbi.nlm.nih.gov/biosample/SAMN10593270","NONE","43.575","No","0","Not Detected","Not Detected","Invasive ductal carcinoma","33.53688591","0.176520845","0.068570886","0.396589136","0.099020229","2.062425756","7","1","1","0","Female","0","0","0","5","2","10-20%","1","1","<5%","0.001166112","0","Premenopausal","0","35","AC+T","2","1","8","1","1","7","21.18269213","0","ER+","ER+","ER+","LumB","1","1","1802","29.6714895186534","T2","60731700","cT2N0M0","2","2.677713082","0.329110927","0.329110927","0.7","0.7"
"GSM3514191","OB_17_0275_1","GSM3514191","Public on Oct 12 2020","Dec 14 2018","Oct 12 2020","SRA","1","Primary Tumor","Homo sapiens","gender: Female","age: 56.77222222","menopausal_status: Postmenopausal","bc_family_history: No","brca1_status: Not Detected","brca2_status: Not Detected","cell_type_diagnosis: Invasive ductal carcinoma","er_status_diagnosis: 0","er_score_diagnosis: 0","pr_status_diagnosis: 0","pr_score_diagnosis: 0","her2_status_diagnosis: 1","her2_score_diagnosis: 3","ki67_status_diagnosis: 3","ki67_diagnosis: 60-70%","tnm_stage_clinical: cT3N2-3M0","nac_drug: AC+T+Trastuzumab","er_status_surgery: 0","er_score_surgery: 0","pr_status_surgery: 0","pr_score_surgery: 0","her2_status_surgery: 1","her2_score_surgery: 3","ki67_status_surgery: 3","ki67_surgery: 50-60%","histological_grade: 3","nuclear_grade: 3","lymphovascular_invasion: 0","bilaterality: 0","multiplicity: 0","surgery_type: 1","surgical_site: 1","tumor_size: 0.7","regional_lymph_nodes: 0","tnm_stage_pathologic: 2","pcr_status: 1","proliferative_index: 25.33092307","cyt_score: 8.842827602","subtype_pam50: Her2","subtype_nmc: HER2+","subtype_ihc: HER2+","tumor_purity_pathology: 0.6","cin_score: 30.2982412","tumor_purity_facets: 0.35206226","tumor_purity_consensus: 0.35206226","tumor_ploidy: 2.690161835","cnv_burden_del: 0.039701469","cnv_burden_hemizygote: 0.122846375","loh_burden_burden: 0.006870083","cnv_burden_gain: 0.435122536","cnv_burden_amp: 0.08863728","til_count: 2996","tissue_area: 23407200","til_density: 127.99480501726","time: T1","subtype_consensus: HER2+","mut_load: 114","total RNA","For RNA-Seq, sequencing libraries were prepared using TruSeq RNA Sample Preparation kit v2 (RS-122-2001 and RS-122-2002, Illumina). Sequencing of the RNA libraries was performed on an Illumina HiSeq2500 in 100-bp paired-end mode of the TruSeq Rapid PE Cluster kit and the TruSeq Rapid SBS kit.","9606","RNA-Seq data was analyzed using the RSEM42 pipeline with hg19 as the genome reference","Genome_build: hg19","Supplementary_files_format_and_content: expression matrix with gene expression by samples in TPM units","GPL16791","Zhengyan,,Kan","Computational Biology, Oncology Research & Development","Pfizer","10770 Science Center Drive","San Diego","CA","92121","USA","0","Illumina HiSeq 2500","cDNA","transcriptomic","RNA-Seq","BioSample: https://www.ncbi.nlm.nih.gov/biosample/SAMN10593269","NONE","56.77222222","No","0","Not Detected","Not Detected","Invasive ductal carcinoma","30.2982412","0.08863728","0.039701469","0.435122536","0.122846375","8.842827602","0","0","0","0","Female","3","3","1","1","3","60-70%","3","3","50-60%","0.006870083","0","Postmenopausal","0","114","AC+T+Trastuzumab","3","1","0","0","0","0","25.33092307","0","HER2+","HER2+","HER2+","Her2","1","1","2996","127.99480501726","T1","23407200","cT3N2-3M0","2","2.690161835","0.35206226","0.35206226","0.6","0.7"
"GSM3514192","OB_17_0275_2","GSM3514192","Public on Oct 12 2020","Dec 14 2018","Oct 12 2020","SRA","1","Primary Tumor","Homo sapiens","gender: Female","age: 56.77222222","menopausal_status: Postmenopausal","bc_family_history: No","brca1_status: Not Detected","brca2_status: Not Detected","cell_type_diagnosis: Invasive ductal carcinoma","er_status_diagnosis: 0","er_score_diagnosis: 0","pr_status_diagnosis: 0","pr_score_diagnosis: 0","her2_status_diagnosis: 1","her2_score_diagnosis: 3","ki67_status_diagnosis: 3","ki67_diagnosis: 60-70%","tnm_stage_clinical: cT3N2-3M0","nac_drug: AC+T+Trastuzumab","er_status_surgery: 0","er_score_surgery: 0","pr_status_surgery: 0","pr_score_surgery: 0","her2_status_surgery: 1","her2_score_surgery: 3","ki67_status_surgery: 3","ki67_surgery: 50-60%","histological_grade: 3","nuclear_grade: 3","lymphovascular_invasion: 0","bilaterality: 0","multiplicity: 0","surgery_type: 1","surgical_site: 1","tumor_size: 0.7","regional_lymph_nodes: 0","tnm_stage_pathologic: 2","pcr_status: 1","proliferative_index: 26.28583362","cyt_score: 4.74215141","subtype_pam50: Her2","subtype_nmc: HER2+","subtype_ihc: HER2+","tumor_purity_pathology: 0.7","cin_score: 31.43002135","tumor_purity_facets: 0.519772921","tumor_purity_consensus: 0.519772921","tumor_ploidy: 3.640176157","cnv_burden_del: 0.003099825","cnv_burden_hemizygote: 0.04898168","loh_burden_burden: 0.023691478","cnv_burden_gain: 0.204635589","cnv_burden_amp: 0.453154703","til_count: 4050","tissue_area: 53851700","til_density: 75.2065394407233","time: T2","subtype_consensus: HER2+","mut_load: 152","total RNA","For RNA-Seq, sequencing libraries were prepared using TruSeq RNA Sample Preparation kit v2 (RS-122-2001 and RS-122-2002, Illumina). Sequencing of the RNA libraries was performed on an Illumina HiSeq2500 in 100-bp paired-end mode of the TruSeq Rapid PE Cluster kit and the TruSeq Rapid SBS kit.","9606","RNA-Seq data was analyzed using the RSEM42 pipeline with hg19 as the genome reference","Genome_build: hg19","Supplementary_files_format_and_content: expression matrix with gene expression by samples in TPM units","GPL16791","Zhengyan,,Kan","Computational Biology, Oncology Research & Development","Pfizer","10770 Science Center Drive","San Diego","CA","92121","USA","0","Illumina HiSeq 2500","cDNA","transcriptomic","RNA-Seq","BioSample: https://www.ncbi.nlm.nih.gov/biosample/SAMN10593268","NONE","56.77222222","No","0","Not Detected","Not Detected","Invasive ductal carcinoma","31.43002135","0.453154703","0.003099825","0.204635589","0.04898168","4.74215141","0","0","0","0","Female","3","3","1","1","3","60-70%","3","3","50-60%","0.023691478","0","Postmenopausal","0","152","AC+T+Trastuzumab","3","1","0","0","0","0","26.28583362","0","HER2+","HER2+","HER2+","Her2","1","1","4050","75.2065394407233","T2","53851700","cT3N2-3M0","2","3.640176157","0.519772921","0.519772921","0.7","0.7"
"GSM3514193","OB_17_0286_1","GSM3514193","Public on Oct 12 2020","Dec 14 2018","Oct 12 2020","SRA","1","Primary Tumor","Homo sapiens","gender: Female","age: 61.825","menopausal_status: Postmenopausal","bc_family_history: No","brca1_status: 999","brca2_status: 999","cell_type_diagnosis: Invasive ductal carcinoma","er_status_diagnosis: 1","er_score_diagnosis: 5","pr_status_diagnosis: 0","pr_score_diagnosis: 0","her2_status_diagnosis: 1","her2_score_diagnosis: 3","ki67_status_diagnosis: 2","ki67_diagnosis: 0.3","tnm_stage_clinical: cT2N1M0","nac_drug: AC+T+Trastuzumab","er_status_surgery: 1","er_score_surgery: 6","pr_status_surgery: 0","pr_score_surgery: 0","her2_status_surgery: 1","her2_score_surgery: 3","ki67_status_surgery: 1","ki67_surgery: 1-5%","histological_grade: 1","nuclear_grade: 2","lymphovascular_invasion: 0","bilaterality: 0","multiplicity: 0","surgery_type: 1","surgical_site: 1","tumor_size: 3(Tis)","regional_lymph_nodes: 0","tnm_stage_pathologic: 1","pcr_status: 0","proliferative_index: 13.42111862","cyt_score: 25.37543103","subtype_pam50: LumA","subtype_nmc: ER+HER2+","subtype_ihc: ER+HER2+","tumor_purity_pathology: 0.3","cin_score: 24.74217477","tumor_purity_facets: 0.341607716","tumor_purity_consensus: 0.341607716","tumor_ploidy: 2.853195914","cnv_burden_del: 0.020808317","cnv_burden_hemizygote: 0.111302459","loh_burden_burden: 0.001033581","cnv_burden_gain: 0.53558017","cnv_burden_amp: 0.080075139","til_count: 762","tissue_area: 20029500","til_density: 38.0438852692279","time: T1","subtype_consensus: ER+HER2+","mut_load: 38","total RNA","For RNA-Seq, sequencing libraries were prepared using TruSeq RNA Sample Preparation kit v2 (RS-122-2001 and RS-122-2002, Illumina). Sequencing of the RNA libraries was performed on an Illumina HiSeq2500 in 100-bp paired-end mode of the TruSeq Rapid PE Cluster kit and the TruSeq Rapid SBS kit.","9606","RNA-Seq data was analyzed using the RSEM42 pipeline with hg19 as the genome reference","Genome_build: hg19","Supplementary_files_format_and_content: expression matrix with gene expression by samples in TPM units","GPL16791","Zhengyan,,Kan","Computational Biology, Oncology Research & Development","Pfizer","10770 Science Center Drive","San Diego","CA","92121","USA","0","Illumina HiSeq 2500","cDNA","transcriptomic","RNA-Seq","BioSample: https://www.ncbi.nlm.nih.gov/biosample/SAMN10593267","NONE","61.825","No","0","999","999","Invasive ductal carcinoma","24.74217477","0.080075139","0.020808317","0.53558017","0.111302459","25.37543103","5","6","1","1","Female","3","3","1","1","1","0.3","2","1","1-5%","0.001033581","0","Postmenopausal","0","38","AC+T+Trastuzumab","2","0","0","0","0","0","13.42111862","0","ER+HER2+","ER+HER2+","ER+HER2+","LumA","1","1","762","38.0438852692279","T1","20029500","cT2N1M0","1","2.853195914","0.341607716","0.341607716","0.3","3(Tis)"
"GSM3514194","OB_17_0286_2","GSM3514194","Public on Oct 12 2020","Dec 14 2018","Oct 12 2020","SRA","1","Primary Tumor","Homo sapiens","gender: Female","age: 61.825","menopausal_status: Postmenopausal","bc_family_history: No","brca1_status: 999","brca2_status: 999","cell_type_diagnosis: Invasive ductal carcinoma","er_status_diagnosis: 1","er_score_diagnosis: 5","pr_status_diagnosis: 0","pr_score_diagnosis: 0","her2_status_diagnosis: 1","her2_score_diagnosis: 3","ki67_status_diagnosis: 2","ki67_diagnosis: 0.3","tnm_stage_clinical: cT2N1M0","nac_drug: AC+T+Trastuzumab","er_status_surgery: 1","er_score_surgery: 6","pr_status_surgery: 0","pr_score_surgery: 0","her2_status_surgery: 1","her2_score_surgery: 3","ki67_status_surgery: 1","ki67_surgery: 1-5%","histological_grade: 1","nuclear_grade: 2","lymphovascular_invasion: 0","bilaterality: 0","multiplicity: 0","surgery_type: 1","surgical_site: 1","tumor_size: 3(Tis)","regional_lymph_nodes: 0","tnm_stage_pathologic: 1","pcr_status: 0","proliferative_index: 12.15170928","cyt_score: 40.94488979","subtype_pam50: LumA","subtype_nmc: ER+HER2+","subtype_ihc: ER+HER2+","tumor_purity_pathology: 0.3","cin_score: 27.80714073","tumor_purity_facets: 0.294261487","tumor_purity_consensus: 0.294261487","tumor_ploidy: 2.535708347","cnv_burden_del: 0.079021894","cnv_burden_hemizygote: 0.111670899","loh_burden_burden: 0","cnv_burden_gain: 0.51997441","cnv_burden_amp: 0.096417881","til_count: 3852","tissue_area: 24736500","til_density: 155.721302528652","time: T2","subtype_consensus: ER+HER2+","mut_load: 10","total RNA","For RNA-Seq, sequencing libraries were prepared using TruSeq RNA Sample Preparation kit v2 (RS-122-2001 and RS-122-2002, Illumina). Sequencing of the RNA libraries was performed on an Illumina HiSeq2500 in 100-bp paired-end mode of the TruSeq Rapid PE Cluster kit and the TruSeq Rapid SBS kit.","9606","RNA-Seq data was analyzed using the RSEM42 pipeline with hg19 as the genome reference","Genome_build: hg19","Supplementary_files_format_and_content: expression matrix with gene expression by samples in TPM units","GPL16791","Zhengyan,,Kan","Computational Biology, Oncology Research & Development","Pfizer","10770 Science Center Drive","San Diego","CA","92121","USA","0","Illumina HiSeq 2500","cDNA","transcriptomic","RNA-Seq","BioSample: https://www.ncbi.nlm.nih.gov/biosample/SAMN10593266","NONE","61.825","No","0","999","999","Invasive ductal carcinoma","27.80714073","0.096417881","0.079021894","0.51997441","0.111670899","40.94488979","5","6","1","1","Female","3","3","1","1","1","0.3","2","1","1-5%","0","0","Postmenopausal","0","10","AC+T+Trastuzumab","2","0","0","0","0","0","12.15170928","0","ER+HER2+","ER+HER2+","ER+HER2+","LumA","1","1","3852","155.721302528652","T2","24736500","cT2N1M0","1","2.535708347","0.294261487","0.294261487","0.3","3(Tis)"
"GSM3514195","OB_17_0290_1","GSM3514195","Public on Oct 12 2020","Dec 14 2018","Oct 12 2020","SRA","1","Primary Tumor","Homo sapiens","gender: Female","age: 37.58333333","menopausal_status: Premenopausal","bc_family_history: No","brca1_status: 999","brca2_status: 999","cell_type_diagnosis: Invasive ductal carcinoma","er_status_diagnosis: 0","er_score_diagnosis: 0","pr_status_diagnosis: 1","pr_score_diagnosis: 6","her2_status_diagnosis: 0","her2_score_diagnosis: 2","ki67_status_diagnosis: 4","ki67_diagnosis: 70-80%","tnm_stage_clinical: cT3N2M0","nac_drug: AC+T","er_status_surgery: 999","er_score_surgery: 999","pr_status_surgery: 999","pr_score_surgery: 999","her2_status_surgery: 999","her2_score_surgery: 999","ki67_status_surgery: 999","ki67_surgery: 999","histological_grade: 999","nuclear_grade: 999","lymphovascular_invasion: 999","bilaterality: 0","multiplicity: 0","surgery_type: 1","surgical_site: 2","tumor_size: 0","regional_lymph_nodes: 0","tnm_stage_pathologic: 77","pcr_status: 0","proliferative_index: 37.08214174","cyt_score: 20.08804122","subtype_pam50: Basal","subtype_nmc: TN","subtype_ihc: ER+","tumor_purity_pathology: 0.2","cin_score: 20.47950177","tumor_purity_facets: 0.319539912","tumor_purity_consensus: 0.319539912","tumor_ploidy: 2.376680301","cnv_burden_del: 0.032082218","cnv_burden_hemizygote: 0.158683457","loh_burden_burden: 0.008285095","cnv_burden_gain: 0.471300858","cnv_burden_amp: 0.039784552","til_count: 8432","tissue_area: 31947500","til_density: 263.933015102903","time: T1","subtype_consensus: TN","mut_load: 48","total RNA","For RNA-Seq, sequencing libraries were prepared using TruSeq RNA Sample Preparation kit v2 (RS-122-2001 and RS-122-2002, Illumina). Sequencing of the RNA libraries was performed on an Illumina HiSeq2500 in 100-bp paired-end mode of the TruSeq Rapid PE Cluster kit and the TruSeq Rapid SBS kit.","9606","RNA-Seq data was analyzed using the RSEM42 pipeline with hg19 as the genome reference","Genome_build: hg19","Supplementary_files_format_and_content: expression matrix with gene expression by samples in TPM units","GPL16791","Zhengyan,,Kan","Computational Biology, Oncology Research & Development","Pfizer","10770 Science Center Drive","San Diego","CA","92121","USA","0","Illumina HiSeq 2500","cDNA","transcriptomic","RNA-Seq","BioSample: https://www.ncbi.nlm.nih.gov/biosample/SAMN10593265","NONE","37.58333333","No","0","999","999","Invasive ductal carcinoma","20.47950177","0.039784552","0.032082218","0.471300858","0.158683457","20.08804122","0","999","0","999","Female","2","999","0","999","999","70-80%","4","999","999","0.008285095","999","Premenopausal","0","48","AC+T","999","0","6","999","1","999","37.08214174","0","TN","ER+","TN","Basal","1","2","8432","263.933015102903","T1","31947500","cT3N2M0","77","2.376680301","0.319539912","0.319539912","0.2","0"
"GSM3514196","OB_17_0294_1","GSM3514196","Public on Oct 12 2020","Dec 14 2018","Oct 12 2020","SRA","1","Primary Tumor","Homo sapiens","gender: Female","age: 37.65","menopausal_status: Premenopausal","bc_family_history: Yes","brca1_status: Detected","brca2_status: Not Detected","cell_type_diagnosis: Invasive ductal carcinoma","er_status_diagnosis: 0","er_score_diagnosis: 0","pr_status_diagnosis: 1","pr_score_diagnosis: 3","her2_status_diagnosis: 0","her2_score_diagnosis: 0","ki67_status_diagnosis: 2","ki67_diagnosis: 30-40%","tnm_stage_clinical: cT2N1M0","nac_drug: AC+T","er_status_surgery: 0","er_score_surgery: 0","pr_status_surgery: 0","pr_score_surgery: 0","her2_status_surgery: 0","her2_score_surgery: 999","ki67_status_surgery: 2","ki67_surgery: 60-70%","histological_grade: 3","nuclear_grade: 3","lymphovascular_invasion: 0","bilaterality: 1","multiplicity: 0","surgery_type: 0","surgical_site: 3","tumor_size: 1.4","regional_lymph_nodes: 1","tnm_stage_pathologic: 6","pcr_status: 1","proliferative_index: 20.41123374","cyt_score: 1.661144184","subtype_pam50: Basal","subtype_nmc: TN","subtype_ihc: ER+","tumor_purity_pathology: 0.7","cin_score: 33.38237602","tumor_purity_facets: 0.492777408","tumor_purity_consensus: 0.492777408","tumor_ploidy: 2.712050619","cnv_burden_del: 0.008899945","cnv_burden_hemizygote: 0.130683456","loh_burden_burden: 0.164543926","cnv_burden_gain: 0.197203463","cnv_burden_amp: 0.114782409","til_count: 1242","tissue_area: 19428700","til_density: 63.9260475482148","time: T1","subtype_consensus: TN","mut_load: 44","total RNA","For RNA-Seq, sequencing libraries were prepared using TruSeq RNA Sample Preparation kit v2 (RS-122-2001 and RS-122-2002, Illumina). Sequencing of the RNA libraries was performed on an Illumina HiSeq2500 in 100-bp paired-end mode of the TruSeq Rapid PE Cluster kit and the TruSeq Rapid SBS kit.","9606","RNA-Seq data was analyzed using the RSEM42 pipeline with hg19 as the genome reference","Genome_build: hg19","Supplementary_files_format_and_content: expression matrix with gene expression by samples in TPM units","GPL16791","Zhengyan,,Kan","Computational Biology, Oncology Research & Development","Pfizer","10770 Science Center Drive","San Diego","CA","92121","USA","0","Illumina HiSeq 2500","cDNA","transcriptomic","RNA-Seq","BioSample: https://www.ncbi.nlm.nih.gov/biosample/SAMN10593264","NONE","37.65","Yes","1","Detected","Not Detected","Invasive ductal carcinoma","33.38237602","0.114782409","0.008899945","0.197203463","0.130683456","1.661144184","0","0","0","0","Female","0","999","0","0","3","30-40%","2","2","60-70%","0.164543926","0","Premenopausal","0","44","AC+T","3","1","3","0","1","0","20.41123374","1","TN","ER+","TN","Basal","0","3","1242","63.9260475482148","T1","19428700","cT2N1M0","6","2.712050619","0.492777408","0.492777408","0.7","1.4"
"GSM3514197","OB_17_0294_2","GSM3514197","Public on Oct 12 2020","Dec 14 2018","Oct 12 2020","SRA","1","Primary Tumor","Homo sapiens","gender: Female","age: 37.65","menopausal_status: Premenopausal","bc_family_history: Yes","brca1_status: Detected","brca2_status: Not Detected","cell_type_diagnosis: Invasive ductal carcinoma","er_status_diagnosis: 0","er_score_diagnosis: 0","pr_status_diagnosis: 1","pr_score_diagnosis: 3","her2_status_diagnosis: 0","her2_score_diagnosis: 0","ki67_status_diagnosis: 2","ki67_diagnosis: 30-40%","tnm_stage_clinical: cT2N1M0","nac_drug: AC+T","er_status_surgery: 0","er_score_surgery: 0","pr_status_surgery: 0","pr_score_surgery: 0","her2_status_surgery: 0","her2_score_surgery: 999","ki67_status_surgery: 2","ki67_surgery: 60-70%","histological_grade: 3","nuclear_grade: 3","lymphovascular_invasion: 0","bilaterality: 1","multiplicity: 0","surgery_type: 0","surgical_site: 3","tumor_size: 1.4","regional_lymph_nodes: 1","tnm_stage_pathologic: 6","pcr_status: 1","proliferative_index: 35.15378964","cyt_score: 6.018371873","subtype_pam50: Basal","subtype_nmc: TN","subtype_ihc: ER+","tumor_purity_pathology: 0.6","cin_score: 25.80332857","tumor_purity_facets: 0.490517603","tumor_purity_consensus: 0.490517603","tumor_ploidy: 3.056614004","cnv_burden_del: 0.017747822","cnv_burden_hemizygote: 0.041552405","loh_burden_burden: 0.034830335","cnv_burden_gain: 0.283145208","cnv_burden_amp: 0.425159068","til_count: 2813","tissue_area: 27447300","til_density: 102.487312048908","time: T2","subtype_consensus: TN","mut_load: 36","total RNA","For RNA-Seq, sequencing libraries were prepared using TruSeq RNA Sample Preparation kit v2 (RS-122-2001 and RS-122-2002, Illumina). Sequencing of the RNA libraries was performed on an Illumina HiSeq2500 in 100-bp paired-end mode of the TruSeq Rapid PE Cluster kit and the TruSeq Rapid SBS kit.","9606","RNA-Seq data was analyzed using the RSEM42 pipeline with hg19 as the genome reference","Genome_build: hg19","Supplementary_files_format_and_content: expression matrix with gene expression by samples in TPM units","GPL16791","Zhengyan,,Kan","Computational Biology, Oncology Research & Development","Pfizer","10770 Science Center Drive","San Diego","CA","92121","USA","0","Illumina HiSeq 2500","cDNA","transcriptomic","RNA-Seq","BioSample: https://www.ncbi.nlm.nih.gov/biosample/SAMN10593263","NONE","37.65","Yes","1","Detected","Not Detected","Invasive ductal carcinoma","25.80332857","0.425159068","0.017747822","0.283145208","0.041552405","6.018371873","0","0","0","0","Female","0","999","0","0","3","30-40%","2","2","60-70%","0.034830335","0","Premenopausal","0","36","AC+T","3","1","3","0","1","0","35.15378964","1","TN","ER+","TN","Basal","0","3","2813","102.487312048908","T2","27447300","cT2N1M0","6","3.056614004","0.490517603","0.490517603","0.6","1.4"
"GSM3514198","OB_17_0312_1","GSM3514198","Public on Oct 12 2020","Dec 14 2018","Oct 12 2020","SRA","1","Primary Tumor","Homo sapiens","gender: Female","age: 36.20833333","menopausal_status: Premenopausal","bc_family_history: No","brca1_status: Not Detected","brca2_status: Not Detected","cell_type_diagnosis: Invasive ductal carcinoma","er_status_diagnosis: 1","er_score_diagnosis: 7","pr_status_diagnosis: 1","pr_score_diagnosis: 8","her2_status_diagnosis: 0","her2_score_diagnosis: 0","ki67_status_diagnosis: 2","ki67_diagnosis: 30-40%","tnm_stage_clinical: 999","nac_drug: AC+T","er_status_surgery: 1","er_score_surgery: 8","pr_status_surgery: 1","pr_score_surgery: 8","her2_status_surgery: 0","her2_score_surgery: 0","ki67_status_surgery: 2","ki67_surgery: 60-70%","histological_grade: 2","nuclear_grade: 3","lymphovascular_invasion: 0","bilaterality: 0","multiplicity: 0","surgery_type: 1","surgical_site: 1","tumor_size: 2","regional_lymph_nodes: 1","tnm_stage_pathologic: 6","pcr_status: 1","proliferative_index: 17.94648728","cyt_score: 1.886796226","subtype_pam50: LumA","subtype_nmc: ER+","subtype_ihc: ER+","tumor_purity_pathology: 0.7","cin_score: 27.84362647","tumor_purity_facets: 0.648229979","tumor_purity_consensus: 0.648229979","tumor_ploidy: 4.503366284","cnv_burden_del: 0.0003117","cnv_burden_hemizygote: 0.005534352","loh_burden_burden: 0.037668436","cnv_burden_gain: 0.230100571","cnv_burden_amp: 0.550094156","til_count: 5082","tissue_area: 26245900","til_density: 193.63024319989","time: T1","subtype_consensus: ER+","mut_load: 21","total RNA","For RNA-Seq, sequencing libraries were prepared using TruSeq RNA Sample Preparation kit v2 (RS-122-2001 and RS-122-2002, Illumina). Sequencing of the RNA libraries was performed on an Illumina HiSeq2500 in 100-bp paired-end mode of the TruSeq Rapid PE Cluster kit and the TruSeq Rapid SBS kit.","9606","RNA-Seq data was analyzed using the RSEM42 pipeline with hg19 as the genome reference","Genome_build: hg19","Supplementary_files_format_and_content: expression matrix with gene expression by samples in TPM units","GPL16791","Zhengyan,,Kan","Computational Biology, Oncology Research & Development","Pfizer","10770 Science Center Drive","San Diego","CA","92121","USA","0","Illumina HiSeq 2500","cDNA","transcriptomic","RNA-Seq","BioSample: https://www.ncbi.nlm.nih.gov/biosample/SAMN10593262","NONE","36.20833333","No","0","Not Detected","Not Detected","Invasive ductal carcinoma","27.84362647","0.550094156","0.0003117","0.230100571","0.005534352","1.886796226","7","8","1","1","Female","0","0","0","0","2","30-40%","2","2","60-70%","0.037668436","0","Premenopausal","0","21","AC+T","3","1","8","8","1","1","17.94648728","1","ER+","ER+","ER+","LumA","1","1","5082","193.63024319989","T1","26245900","999","6","4.503366284","0.648229979","0.648229979","0.7","2"
"GSM3514199","OB_17_0312_2","GSM3514199","Public on Oct 12 2020","Dec 14 2018","Oct 12 2020","SRA","1","Primary Tumor","Homo sapiens","gender: Female","age: 36.20833333","menopausal_status: Premenopausal","bc_family_history: No","brca1_status: Not Detected","brca2_status: Not Detected","cell_type_diagnosis: Invasive ductal carcinoma","er_status_diagnosis: 1","er_score_diagnosis: 7","pr_status_diagnosis: 1","pr_score_diagnosis: 8","her2_status_diagnosis: 0","her2_score_diagnosis: 0","ki67_status_diagnosis: 2","ki67_diagnosis: 30-40%","tnm_stage_clinical: 999","nac_drug: AC+T","er_status_surgery: 1","er_score_surgery: 8","pr_status_surgery: 1","pr_score_surgery: 8","her2_status_surgery: 0","her2_score_surgery: 0","ki67_status_surgery: 2","ki67_surgery: 60-70%","histological_grade: 2","nuclear_grade: 3","lymphovascular_invasion: 0","bilaterality: 0","multiplicity: 0","surgery_type: 1","surgical_site: 1","tumor_size: 2","regional_lymph_nodes: 1","tnm_stage_pathologic: 6","pcr_status: 1","proliferative_index: 16.50982434","cyt_score: 2.465664211","subtype_pam50: LumA","subtype_nmc: ER+","subtype_ihc: ER+","tumor_purity_pathology: 0.7","cin_score: 12.19849203","tumor_purity_facets: 0.257330986","tumor_purity_consensus: 0.257330986","tumor_ploidy: 2.553120733","cnv_burden_del: 0.003955325","cnv_burden_hemizygote: 0.012866943","loh_burden_burden: 0.215829257","cnv_burden_gain: 0.537864417","cnv_burden_amp: 0.035864454","til_count: 409","tissue_area: 13583900","til_density: 30.109173359639","time: T2","subtype_consensus: ER+","mut_load: 14","total RNA","For RNA-Seq, sequencing libraries were prepared using TruSeq RNA Sample Preparation kit v2 (RS-122-2001 and RS-122-2002, Illumina). Sequencing of the RNA libraries was performed on an Illumina HiSeq2500 in 100-bp paired-end mode of the TruSeq Rapid PE Cluster kit and the TruSeq Rapid SBS kit.","9606","RNA-Seq data was analyzed using the RSEM42 pipeline with hg19 as the genome reference","Genome_build: hg19","Supplementary_files_format_and_content: expression matrix with gene expression by samples in TPM units","GPL16791","Zhengyan,,Kan","Computational Biology, Oncology Research & Development","Pfizer","10770 Science Center Drive","San Diego","CA","92121","USA","0","Illumina HiSeq 2500","cDNA","transcriptomic","RNA-Seq","BioSample: https://www.ncbi.nlm.nih.gov/biosample/SAMN10593261","NONE","36.20833333","No","0","Not Detected","Not Detected","Invasive ductal carcinoma","12.19849203","0.035864454","0.003955325","0.537864417","0.012866943","2.465664211","7","8","1","1","Female","0","0","0","0","2","30-40%","2","2","60-70%","0.215829257","0","Premenopausal","0","14","AC+T","3","1","8","8","1","1","16.50982434","1","ER+","ER+","ER+","LumA","1","1","409","30.109173359639","T2","13583900","999","6","2.553120733","0.257330986","0.257330986","0.7","2"
