"","title","geo_accession","status","submission_date","last_update_date","type","channel_count","source_name_ch1","organism_ch1","characteristics_ch1","characteristics_ch1.1","characteristics_ch1.2","characteristics_ch1.3","characteristics_ch1.4","characteristics_ch1.5","characteristics_ch1.6","characteristics_ch1.7","characteristics_ch1.8","characteristics_ch1.9","characteristics_ch1.10","characteristics_ch1.11","characteristics_ch1.12","characteristics_ch1.13","characteristics_ch1.14","characteristics_ch1.15","characteristics_ch1.16","characteristics_ch1.17","characteristics_ch1.18","characteristics_ch1.19","characteristics_ch1.20","characteristics_ch1.21","characteristics_ch1.22","characteristics_ch1.23","characteristics_ch1.24","characteristics_ch1.25","characteristics_ch1.26","characteristics_ch1.27","characteristics_ch1.28","molecule_ch1","extract_protocol_ch1","label_ch1","label_protocol_ch1","taxid_ch1","hyb_protocol","scan_protocol","data_processing","platform_id","contact_name","contact_laboratory","contact_department","contact_institute","contact_address","contact_city","contact_zip/postal_code","contact_country","supplementary_file","data_row_count","age:ch1","arm:ch1","bgus.ct:ch1","cell_number_dissected:ch1","centerid:ch1","ecog:ch1","er.ct:ch1","er:ch1","her2.ct:ch1","her2:ch1","inflammatory.brca:ch1","inflammatory_cells [%]:ch1","invasive_tumor_area_size1 [mm]:ch1","invasive_tumor_area_size2 [mm]:ch1","invasive_tumor_cells [%]:ch1","invasive_tumor_grade:ch1","menopausal.status:ch1","necrotic_cells [%]:ch1","normal_epithelial_cells [%]:ch1","patid:ch1","pcr:ch1","percentage_tumor_cells:ch1","pr.ct:ch1","pr:ch1","preneoplastic_tumor_cells [%]:ch1","race:ch1","size_dissected_area:ch1","stroma_cells [%]:ch1","treatment:ch1"
"GSM1232992","BreastCancer_S002","GSM1232992","Public on Jan 21 2014","Sep 17 2013","Jun 06 2022","RNA","1","breast cancer","Homo sapiens","centerid: 40","patid: 161","size_dissected_area: 40","percentage_tumor_cells: 70","cell_number_dissected: 22400","inflammatory_cells [%]: 10","invasive_tumor_area_size1 [mm]: 4","invasive_tumor_area_size2 [mm]: 10","invasive_tumor_cells [%]: 70","invasive_tumor_grade: 3","necrotic_cells [%]: 0","normal_epithelial_cells [%]: 0","preneoplastic_tumor_cells [%]: 10","stroma_cells [%]: 10","bgus.ct: 28.77","er.ct: 30.04","her2.ct: 24.3","pr.ct: 45.26","race: Caucasian","er: ER-","pr: PR-","her2: HER2+","arm: HER2+ CT","treatment: neoadjuvant doxorubicin/paclitaxel (AT) followed by cyclophosphamide/methotrexate/fluorouracil (CMF)","age: 66","ecog: 0","inflammatory.brca: yes","menopausal.status: post","pcr: RD","total RNA","Formalin-fixed, paraffin-embedded (FFPE) core biopsies were prospectively collected prior to treatment. The yield and purity of RNA was determined using a NanoDrop 1000 Spectrophotometer (Thermo Scientific). RNA integrity was measured using a Bioanalyzer (Agilent Technologies) with either the RNA Nano or Pico Kit, depending on sample concentration. The RNA Integrity Number (RIN) and average length of the RNA were used for sample characterization. mRNA integrity was measured using a semiquantitative reverse transcription-polymerase chain reaction assay (rtPCR). This assay is based on quantitative amplification of 5'- and 3'-end sequences of the housekeeping gene β-actin. Calculating the ratio of 3' to 5' amplicons allows for assessment of mRNA integrity: intact RNA transcripts exhibit a ratio of 1, while degraded RNA increases the ratio.","biotin","A Transcriptor First Strand cDNA Synthesis Kit (Roche) was used to prepare cDNA from 100 ng of total RNA, using an anchored oligo(dT)-primer followed by a subsequent amplification step with the SYBR Green I Master on a LightCycler® 480 instrument (Roche Applied Science). Formalin-fixed paraffin-embedded tumor (FFPET)-derived RNA was amplified with the WT-Ovation™ FFPE System V2 (NuGEN). Biotin labeling of the cDNA was performed using the FL-Ovation cDNA Biotin Module V2 (NuGEN).","9606","Hybridization of labeled probes on the Affymetrix GeneChip Human Genome U133 Plus 2.0 Array were conducted using the GeneChip® Hybridization, Wash, and Stain Kit (Affymetrix).","For this workflow a GeneChip Fluidics Station 450 and a GeneChip Scanner 3000 7G were used","R (3.0.1) & Bioconductor (2.20.1)","GPL570","Anton,,Belousov","TTB Biostatistics","NCS-TTB","Roche","Nonnenwald 2","Penzberg","82377","Germany","ftp://ftp.ncbi.nlm.nih.gov/geo/samples/GSM1232nnn/GSM1232992/suppl/GSM1232992_CJL002_20081020.CEL.gz","54675","66","HER2+ CT","28.77","22400","40","0","30.04","ER-","24.3","HER2+","yes","10","4","10","70","3","post","0","0","161","RD","70","45.26","PR-","10","Caucasian","40","10","neoadjuvant doxorubicin/paclitaxel (AT) followed by cyclophosphamide/methotrexate/fluorouracil (CMF)"
"GSM1232993","BreastCancer_S003","GSM1232993","Public on Jan 21 2014","Sep 17 2013","Jun 06 2022","RNA","1","breast cancer","Homo sapiens","centerid: 40","patid: 171","size_dissected_area: 4","percentage_tumor_cells: 60","cell_number_dissected: 1500","inflammatory_cells [%]: 10","invasive_tumor_area_size1 [mm]: 2","invasive_tumor_area_size2 [mm]: 7","invasive_tumor_cells [%]: 80","invasive_tumor_grade: 2","necrotic_cells [%]: 0","normal_epithelial_cells [%]: 0","preneoplastic_tumor_cells [%]: 0","stroma_cells [%]: 10","bgus.ct: 32.3","er.ct: 34.03","her2.ct: 28.16","pr.ct: 0","race: Caucasian","er: ER-","pr: PR-","her2: HER2+","arm: HER2+ CT","treatment: neoadjuvant doxorubicin/paclitaxel (AT) followed by cyclophosphamide/methotrexate/fluorouracil (CMF)","age: 58","ecog: 1","inflammatory.brca: yes","menopausal.status: post","pcr: RD","total RNA","Formalin-fixed, paraffin-embedded (FFPE) core biopsies were prospectively collected prior to treatment. The yield and purity of RNA was determined using a NanoDrop 1000 Spectrophotometer (Thermo Scientific). RNA integrity was measured using a Bioanalyzer (Agilent Technologies) with either the RNA Nano or Pico Kit, depending on sample concentration. The RNA Integrity Number (RIN) and average length of the RNA were used for sample characterization. mRNA integrity was measured using a semiquantitative reverse transcription-polymerase chain reaction assay (rtPCR). This assay is based on quantitative amplification of 5'- and 3'-end sequences of the housekeeping gene β-actin. Calculating the ratio of 3' to 5' amplicons allows for assessment of mRNA integrity: intact RNA transcripts exhibit a ratio of 1, while degraded RNA increases the ratio.","biotin","A Transcriptor First Strand cDNA Synthesis Kit (Roche) was used to prepare cDNA from 100 ng of total RNA, using an anchored oligo(dT)-primer followed by a subsequent amplification step with the SYBR Green I Master on a LightCycler® 480 instrument (Roche Applied Science). Formalin-fixed paraffin-embedded tumor (FFPET)-derived RNA was amplified with the WT-Ovation™ FFPE System V2 (NuGEN). Biotin labeling of the cDNA was performed using the FL-Ovation cDNA Biotin Module V2 (NuGEN).","9606","Hybridization of labeled probes on the Affymetrix GeneChip Human Genome U133 Plus 2.0 Array were conducted using the GeneChip® Hybridization, Wash, and Stain Kit (Affymetrix).","For this workflow a GeneChip Fluidics Station 450 and a GeneChip Scanner 3000 7G were used","R (3.0.1) & Bioconductor (2.20.1)","GPL570","Anton,,Belousov","TTB Biostatistics","NCS-TTB","Roche","Nonnenwald 2","Penzberg","82377","Germany","ftp://ftp.ncbi.nlm.nih.gov/geo/samples/GSM1232nnn/GSM1232993/suppl/GSM1232993_CJL003_20081020.CEL.gz","54675","58","HER2+ CT","32.3","1500","40","1","34.03","ER-","28.16","HER2+","yes","10","2","7","80","2","post","0","0","171","RD","60","0","PR-","0","Caucasian","4","10","neoadjuvant doxorubicin/paclitaxel (AT) followed by cyclophosphamide/methotrexate/fluorouracil (CMF)"
"GSM1232994","BreastCancer_S004","GSM1232994","Public on Jan 21 2014","Sep 17 2013","Jun 06 2022","RNA","1","breast cancer","Homo sapiens","centerid: 40","patid: 191","size_dissected_area: 19","percentage_tumor_cells: 45","cell_number_dissected: 5130","inflammatory_cells [%]: 10","invasive_tumor_area_size1 [mm]: 6","invasive_tumor_area_size2 [mm]: 10","invasive_tumor_cells [%]: 60","invasive_tumor_grade: 2","necrotic_cells [%]: 10","normal_epithelial_cells [%]: 0","preneoplastic_tumor_cells [%]: 10","stroma_cells [%]: 10","bgus.ct: 30.75","er.ct: 33.38","her2.ct: 26.65","pr.ct: 44.87","race: Caucasian","er: ER-","pr: PR-","her2: HER2+","arm: HER2+ CT H","treatment: neoadjuvant doxorubicin/paclitaxel (AT) followed by cyclophosphamide/methotrexate/fluorouracil (CMF) + Trastuzumab for 1 year","age: 55","ecog: 0","inflammatory.brca: no","menopausal.status: pre","pcr: RD","total RNA","Formalin-fixed, paraffin-embedded (FFPE) core biopsies were prospectively collected prior to treatment. The yield and purity of RNA was determined using a NanoDrop 1000 Spectrophotometer (Thermo Scientific). RNA integrity was measured using a Bioanalyzer (Agilent Technologies) with either the RNA Nano or Pico Kit, depending on sample concentration. The RNA Integrity Number (RIN) and average length of the RNA were used for sample characterization. mRNA integrity was measured using a semiquantitative reverse transcription-polymerase chain reaction assay (rtPCR). This assay is based on quantitative amplification of 5'- and 3'-end sequences of the housekeeping gene β-actin. Calculating the ratio of 3' to 5' amplicons allows for assessment of mRNA integrity: intact RNA transcripts exhibit a ratio of 1, while degraded RNA increases the ratio.","biotin","A Transcriptor First Strand cDNA Synthesis Kit (Roche) was used to prepare cDNA from 100 ng of total RNA, using an anchored oligo(dT)-primer followed by a subsequent amplification step with the SYBR Green I Master on a LightCycler® 480 instrument (Roche Applied Science). Formalin-fixed paraffin-embedded tumor (FFPET)-derived RNA was amplified with the WT-Ovation™ FFPE System V2 (NuGEN). Biotin labeling of the cDNA was performed using the FL-Ovation cDNA Biotin Module V2 (NuGEN).","9606","Hybridization of labeled probes on the Affymetrix GeneChip Human Genome U133 Plus 2.0 Array were conducted using the GeneChip® Hybridization, Wash, and Stain Kit (Affymetrix).","For this workflow a GeneChip Fluidics Station 450 and a GeneChip Scanner 3000 7G were used","R (3.0.1) & Bioconductor (2.20.1)","GPL570","Anton,,Belousov","TTB Biostatistics","NCS-TTB","Roche","Nonnenwald 2","Penzberg","82377","Germany","ftp://ftp.ncbi.nlm.nih.gov/geo/samples/GSM1232nnn/GSM1232994/suppl/GSM1232994_CJL004_20081020.CEL.gz","54675","55","HER2+ CT H","30.75","5130","40","0","33.38","ER-","26.65","HER2+","no","10","6","10","60","2","pre","10","0","191","RD","45","44.87","PR-","10","Caucasian","19","10","neoadjuvant doxorubicin/paclitaxel (AT) followed by cyclophosphamide/methotrexate/fluorouracil (CMF) + Trastuzumab for 1 year"
"GSM1232995","BreastCancer_S005","GSM1232995","Public on Jan 21 2014","Sep 17 2013","Jun 06 2022","RNA","1","breast cancer","Homo sapiens","centerid: 40","patid: 141","size_dissected_area: 40","percentage_tumor_cells: 90","cell_number_dissected: 28800","inflammatory_cells [%]: 5","invasive_tumor_area_size1 [mm]: 10","invasive_tumor_area_size2 [mm]: 4","invasive_tumor_cells [%]: 90","invasive_tumor_grade: 2","necrotic_cells [%]: 0","normal_epithelial_cells [%]: 0","preneoplastic_tumor_cells [%]: 0","stroma_cells [%]: 5","bgus.ct: 29.77","er.ct: 29.66","her2.ct: 25.74","pr.ct: 47.62","race: Caucasian","er: ER+","pr: PR-","her2: HER2+","arm: HER2+ CT","treatment: neoadjuvant doxorubicin/paclitaxel (AT) followed by cyclophosphamide/methotrexate/fluorouracil (CMF)","age: 49","ecog: 0","inflammatory.brca: no","menopausal.status: pre","pcr: pCR","total RNA","Formalin-fixed, paraffin-embedded (FFPE) core biopsies were prospectively collected prior to treatment. The yield and purity of RNA was determined using a NanoDrop 1000 Spectrophotometer (Thermo Scientific). RNA integrity was measured using a Bioanalyzer (Agilent Technologies) with either the RNA Nano or Pico Kit, depending on sample concentration. The RNA Integrity Number (RIN) and average length of the RNA were used for sample characterization. mRNA integrity was measured using a semiquantitative reverse transcription-polymerase chain reaction assay (rtPCR). This assay is based on quantitative amplification of 5'- and 3'-end sequences of the housekeeping gene β-actin. Calculating the ratio of 3' to 5' amplicons allows for assessment of mRNA integrity: intact RNA transcripts exhibit a ratio of 1, while degraded RNA increases the ratio.","biotin","A Transcriptor First Strand cDNA Synthesis Kit (Roche) was used to prepare cDNA from 100 ng of total RNA, using an anchored oligo(dT)-primer followed by a subsequent amplification step with the SYBR Green I Master on a LightCycler® 480 instrument (Roche Applied Science). Formalin-fixed paraffin-embedded tumor (FFPET)-derived RNA was amplified with the WT-Ovation™ FFPE System V2 (NuGEN). Biotin labeling of the cDNA was performed using the FL-Ovation cDNA Biotin Module V2 (NuGEN).","9606","Hybridization of labeled probes on the Affymetrix GeneChip Human Genome U133 Plus 2.0 Array were conducted using the GeneChip® Hybridization, Wash, and Stain Kit (Affymetrix).","For this workflow a GeneChip Fluidics Station 450 and a GeneChip Scanner 3000 7G were used","R (3.0.1) & Bioconductor (2.20.1)","GPL570","Anton,,Belousov","TTB Biostatistics","NCS-TTB","Roche","Nonnenwald 2","Penzberg","82377","Germany","ftp://ftp.ncbi.nlm.nih.gov/geo/samples/GSM1232nnn/GSM1232995/suppl/GSM1232995_CJL005_20081020.CEL.gz","54675","49","HER2+ CT","29.77","28800","40","0","29.66","ER+","25.74","HER2+","no","5","10","4","90","2","pre","0","0","141","pCR","90","47.62","PR-","0","Caucasian","40","5","neoadjuvant doxorubicin/paclitaxel (AT) followed by cyclophosphamide/methotrexate/fluorouracil (CMF)"
"GSM1232996","BreastCancer_S006","GSM1232996","Public on Jan 21 2014","Sep 17 2013","Jun 06 2022","RNA","1","breast cancer","Homo sapiens","centerid: 40","patid: 131","size_dissected_area: 40","percentage_tumor_cells: 90","cell_number_dissected: 28800","inflammatory_cells [%]: 5","invasive_tumor_area_size1 [mm]: 4","invasive_tumor_area_size2 [mm]: 10","invasive_tumor_cells [%]: 90","invasive_tumor_grade: 2","necrotic_cells [%]: 0","normal_epithelial_cells [%]: 0","preneoplastic_tumor_cells [%]: 0","stroma_cells [%]: 5","bgus.ct: 30.09","er.ct: 32.16","her2.ct: 26.54","pr.ct: 33.01","race: Caucasian","er: ER+","pr: PR-","her2: HER2+","arm: HER2+ CT H","treatment: neoadjuvant doxorubicin/paclitaxel (AT) followed by cyclophosphamide/methotrexate/fluorouracil (CMF) + Trastuzumab for 1 year","age: 73","ecog: 1","inflammatory.brca: no","menopausal.status: post","pcr: RD","total RNA","Formalin-fixed, paraffin-embedded (FFPE) core biopsies were prospectively collected prior to treatment. The yield and purity of RNA was determined using a NanoDrop 1000 Spectrophotometer (Thermo Scientific). RNA integrity was measured using a Bioanalyzer (Agilent Technologies) with either the RNA Nano or Pico Kit, depending on sample concentration. The RNA Integrity Number (RIN) and average length of the RNA were used for sample characterization. mRNA integrity was measured using a semiquantitative reverse transcription-polymerase chain reaction assay (rtPCR). This assay is based on quantitative amplification of 5'- and 3'-end sequences of the housekeeping gene β-actin. Calculating the ratio of 3' to 5' amplicons allows for assessment of mRNA integrity: intact RNA transcripts exhibit a ratio of 1, while degraded RNA increases the ratio.","biotin","A Transcriptor First Strand cDNA Synthesis Kit (Roche) was used to prepare cDNA from 100 ng of total RNA, using an anchored oligo(dT)-primer followed by a subsequent amplification step with the SYBR Green I Master on a LightCycler® 480 instrument (Roche Applied Science). Formalin-fixed paraffin-embedded tumor (FFPET)-derived RNA was amplified with the WT-Ovation™ FFPE System V2 (NuGEN). Biotin labeling of the cDNA was performed using the FL-Ovation cDNA Biotin Module V2 (NuGEN).","9606","Hybridization of labeled probes on the Affymetrix GeneChip Human Genome U133 Plus 2.0 Array were conducted using the GeneChip® Hybridization, Wash, and Stain Kit (Affymetrix).","For this workflow a GeneChip Fluidics Station 450 and a GeneChip Scanner 3000 7G were used","R (3.0.1) & Bioconductor (2.20.1)","GPL570","Anton,,Belousov","TTB Biostatistics","NCS-TTB","Roche","Nonnenwald 2","Penzberg","82377","Germany","ftp://ftp.ncbi.nlm.nih.gov/geo/samples/GSM1232nnn/GSM1232996/suppl/GSM1232996_CJL006_20081020.CEL.gz","54675","73","HER2+ CT H","30.09","28800","40","1","32.16","ER+","26.54","HER2+","no","5","4","10","90","2","post","0","0","131","RD","90","33.01","PR-","0","Caucasian","40","5","neoadjuvant doxorubicin/paclitaxel (AT) followed by cyclophosphamide/methotrexate/fluorouracil (CMF) + Trastuzumab for 1 year"
"GSM1232997","BreastCancer_S007","GSM1232997","Public on Jan 21 2014","Sep 17 2013","Jun 06 2022","RNA","1","breast cancer","Homo sapiens","centerid: 40","patid: 91","size_dissected_area: 40","percentage_tumor_cells: 70","cell_number_dissected: 22400","inflammatory_cells [%]: 10","invasive_tumor_area_size1 [mm]: 4","invasive_tumor_area_size2 [mm]: 10","invasive_tumor_cells [%]: 70","invasive_tumor_grade: 3","necrotic_cells [%]: 0","normal_epithelial_cells [%]: 10","preneoplastic_tumor_cells [%]: 0","stroma_cells [%]: 10","bgus.ct: 31.9","er.ct: 33.01","her2.ct: 27.45","pr.ct: 42.76","race: Caucasian","er: ER+","pr: PR+","her2: HER2+","arm: HER2+ CT H","treatment: neoadjuvant doxorubicin/paclitaxel (AT) followed by cyclophosphamide/methotrexate/fluorouracil (CMF) + Trastuzumab for 1 year","age: 49","ecog: 0","inflammatory.brca: no","menopausal.status: pre","pcr: RD","total RNA","Formalin-fixed, paraffin-embedded (FFPE) core biopsies were prospectively collected prior to treatment. The yield and purity of RNA was determined using a NanoDrop 1000 Spectrophotometer (Thermo Scientific). RNA integrity was measured using a Bioanalyzer (Agilent Technologies) with either the RNA Nano or Pico Kit, depending on sample concentration. The RNA Integrity Number (RIN) and average length of the RNA were used for sample characterization. mRNA integrity was measured using a semiquantitative reverse transcription-polymerase chain reaction assay (rtPCR). This assay is based on quantitative amplification of 5'- and 3'-end sequences of the housekeeping gene β-actin. Calculating the ratio of 3' to 5' amplicons allows for assessment of mRNA integrity: intact RNA transcripts exhibit a ratio of 1, while degraded RNA increases the ratio.","biotin","A Transcriptor First Strand cDNA Synthesis Kit (Roche) was used to prepare cDNA from 100 ng of total RNA, using an anchored oligo(dT)-primer followed by a subsequent amplification step with the SYBR Green I Master on a LightCycler® 480 instrument (Roche Applied Science). Formalin-fixed paraffin-embedded tumor (FFPET)-derived RNA was amplified with the WT-Ovation™ FFPE System V2 (NuGEN). Biotin labeling of the cDNA was performed using the FL-Ovation cDNA Biotin Module V2 (NuGEN).","9606","Hybridization of labeled probes on the Affymetrix GeneChip Human Genome U133 Plus 2.0 Array were conducted using the GeneChip® Hybridization, Wash, and Stain Kit (Affymetrix).","For this workflow a GeneChip Fluidics Station 450 and a GeneChip Scanner 3000 7G were used","R (3.0.1) & Bioconductor (2.20.1)","GPL570","Anton,,Belousov","TTB Biostatistics","NCS-TTB","Roche","Nonnenwald 2","Penzberg","82377","Germany","ftp://ftp.ncbi.nlm.nih.gov/geo/samples/GSM1232nnn/GSM1232997/suppl/GSM1232997_CJL007_20081020.CEL.gz","54675","49","HER2+ CT H","31.9","22400","40","0","33.01","ER+","27.45","HER2+","no","10","4","10","70","3","pre","0","10","91","RD","70","42.76","PR+","0","Caucasian","40","10","neoadjuvant doxorubicin/paclitaxel (AT) followed by cyclophosphamide/methotrexate/fluorouracil (CMF) + Trastuzumab for 1 year"
"GSM1232998","BreastCancer_S008","GSM1232998","Public on Jan 21 2014","Sep 17 2013","Jun 06 2022","RNA","1","breast cancer","Homo sapiens","centerid: 40","patid: 151","size_dissected_area: 10","percentage_tumor_cells: 20","cell_number_dissected: 1200","inflammatory_cells [%]: 20","invasive_tumor_area_size1 [mm]: 4","invasive_tumor_area_size2 [mm]: 2","invasive_tumor_cells [%]: 60","invasive_tumor_grade: 3","necrotic_cells [%]: 0","normal_epithelial_cells [%]: 0","preneoplastic_tumor_cells [%]: 0","stroma_cells [%]: 20","bgus.ct: 30.98","er.ct: 33.37","her2.ct: 28.27","pr.ct: 33.84","race: Caucasian","er: ER-","pr: PR-","her2: HER2+","arm: HER2+ CT H","treatment: neoadjuvant doxorubicin/paclitaxel (AT) followed by cyclophosphamide/methotrexate/fluorouracil (CMF) + Trastuzumab for 1 year","age: 47","ecog: 1","inflammatory.brca: no","menopausal.status: pre","pcr: RD","total RNA","Formalin-fixed, paraffin-embedded (FFPE) core biopsies were prospectively collected prior to treatment. The yield and purity of RNA was determined using a NanoDrop 1000 Spectrophotometer (Thermo Scientific). RNA integrity was measured using a Bioanalyzer (Agilent Technologies) with either the RNA Nano or Pico Kit, depending on sample concentration. The RNA Integrity Number (RIN) and average length of the RNA were used for sample characterization. mRNA integrity was measured using a semiquantitative reverse transcription-polymerase chain reaction assay (rtPCR). This assay is based on quantitative amplification of 5'- and 3'-end sequences of the housekeeping gene β-actin. Calculating the ratio of 3' to 5' amplicons allows for assessment of mRNA integrity: intact RNA transcripts exhibit a ratio of 1, while degraded RNA increases the ratio.","biotin","A Transcriptor First Strand cDNA Synthesis Kit (Roche) was used to prepare cDNA from 100 ng of total RNA, using an anchored oligo(dT)-primer followed by a subsequent amplification step with the SYBR Green I Master on a LightCycler® 480 instrument (Roche Applied Science). Formalin-fixed paraffin-embedded tumor (FFPET)-derived RNA was amplified with the WT-Ovation™ FFPE System V2 (NuGEN). Biotin labeling of the cDNA was performed using the FL-Ovation cDNA Biotin Module V2 (NuGEN).","9606","Hybridization of labeled probes on the Affymetrix GeneChip Human Genome U133 Plus 2.0 Array were conducted using the GeneChip® Hybridization, Wash, and Stain Kit (Affymetrix).","For this workflow a GeneChip Fluidics Station 450 and a GeneChip Scanner 3000 7G were used","R (3.0.1) & Bioconductor (2.20.1)","GPL570","Anton,,Belousov","TTB Biostatistics","NCS-TTB","Roche","Nonnenwald 2","Penzberg","82377","Germany","ftp://ftp.ncbi.nlm.nih.gov/geo/samples/GSM1232nnn/GSM1232998/suppl/GSM1232998_CJL008_20081020.CEL.gz","54675","47","HER2+ CT H","30.98","1200","40","1","33.37","ER-","28.27","HER2+","no","20","4","2","60","3","pre","0","0","151","RD","20","33.84","PR-","0","Caucasian","10","20","neoadjuvant doxorubicin/paclitaxel (AT) followed by cyclophosphamide/methotrexate/fluorouracil (CMF) + Trastuzumab for 1 year"
"GSM1232999","BreastCancer_S009","GSM1232999","Public on Jan 21 2014","Sep 17 2013","Jun 06 2022","RNA","1","breast cancer","Homo sapiens","centerid: 40","patid: 71","size_dissected_area: 11","percentage_tumor_cells: 55","cell_number_dissected: 3600","inflammatory_cells [%]: 20","invasive_tumor_area_size1 [mm]: 4","invasive_tumor_area_size2 [mm]: 4","invasive_tumor_cells [%]: 0","invasive_tumor_grade: 3","necrotic_cells [%]: 10","normal_epithelial_cells [%]: 0","preneoplastic_tumor_cells [%]: 60","stroma_cells [%]: 10","bgus.ct: 31.62","er.ct: 33.58","her2.ct: 27.6","pr.ct: 44.98","race: Caucasian","er: ER-","pr: PR-","her2: HER2+","arm: HER2+ CT H","treatment: neoadjuvant doxorubicin/paclitaxel (AT) followed by cyclophosphamide/methotrexate/fluorouracil (CMF) + Trastuzumab for 1 year","age: 60","ecog: 0","inflammatory.brca: no","menopausal.status: post","pcr: RD","total RNA","Formalin-fixed, paraffin-embedded (FFPE) core biopsies were prospectively collected prior to treatment. The yield and purity of RNA was determined using a NanoDrop 1000 Spectrophotometer (Thermo Scientific). RNA integrity was measured using a Bioanalyzer (Agilent Technologies) with either the RNA Nano or Pico Kit, depending on sample concentration. The RNA Integrity Number (RIN) and average length of the RNA were used for sample characterization. mRNA integrity was measured using a semiquantitative reverse transcription-polymerase chain reaction assay (rtPCR). This assay is based on quantitative amplification of 5'- and 3'-end sequences of the housekeeping gene β-actin. Calculating the ratio of 3' to 5' amplicons allows for assessment of mRNA integrity: intact RNA transcripts exhibit a ratio of 1, while degraded RNA increases the ratio.","biotin","A Transcriptor First Strand cDNA Synthesis Kit (Roche) was used to prepare cDNA from 100 ng of total RNA, using an anchored oligo(dT)-primer followed by a subsequent amplification step with the SYBR Green I Master on a LightCycler® 480 instrument (Roche Applied Science). Formalin-fixed paraffin-embedded tumor (FFPET)-derived RNA was amplified with the WT-Ovation™ FFPE System V2 (NuGEN). Biotin labeling of the cDNA was performed using the FL-Ovation cDNA Biotin Module V2 (NuGEN).","9606","Hybridization of labeled probes on the Affymetrix GeneChip Human Genome U133 Plus 2.0 Array were conducted using the GeneChip® Hybridization, Wash, and Stain Kit (Affymetrix).","For this workflow a GeneChip Fluidics Station 450 and a GeneChip Scanner 3000 7G were used","R (3.0.1) & Bioconductor (2.20.1)","GPL570","Anton,,Belousov","TTB Biostatistics","NCS-TTB","Roche","Nonnenwald 2","Penzberg","82377","Germany","ftp://ftp.ncbi.nlm.nih.gov/geo/samples/GSM1232nnn/GSM1232999/suppl/GSM1232999_CJL009_20081020.CEL.gz","54675","60","HER2+ CT H","31.62","3600","40","0","33.58","ER-","27.6","HER2+","no","20","4","4","0","3","post","10","0","71","RD","55","44.98","PR-","60","Caucasian","11","10","neoadjuvant doxorubicin/paclitaxel (AT) followed by cyclophosphamide/methotrexate/fluorouracil (CMF) + Trastuzumab for 1 year"
"GSM1233000","BreastCancer_S010","GSM1233000","Public on Jan 21 2014","Sep 17 2013","Jun 06 2022","RNA","1","breast cancer","Homo sapiens","centerid: 40","patid: 111","size_dissected_area: 20","percentage_tumor_cells: 90","cell_number_dissected: 14400","inflammatory_cells [%]: 5","invasive_tumor_area_size1 [mm]: 4","invasive_tumor_area_size2 [mm]: 5","invasive_tumor_cells [%]: 90","invasive_tumor_grade: 3","necrotic_cells [%]: 0","normal_epithelial_cells [%]: 0","preneoplastic_tumor_cells [%]: 0","stroma_cells [%]: 5","bgus.ct: 29.22","er.ct: 41.6","her2.ct: 24.95","pr.ct: 40.67","race: Caucasian","er: ER-","pr: PR-","her2: HER2+","arm: HER2+ CT H","treatment: neoadjuvant doxorubicin/paclitaxel (AT) followed by cyclophosphamide/methotrexate/fluorouracil (CMF) + Trastuzumab for 1 year","age: 53","ecog: 0","inflammatory.brca: yes","menopausal.status: post","pcr: RD","total RNA","Formalin-fixed, paraffin-embedded (FFPE) core biopsies were prospectively collected prior to treatment. The yield and purity of RNA was determined using a NanoDrop 1000 Spectrophotometer (Thermo Scientific). RNA integrity was measured using a Bioanalyzer (Agilent Technologies) with either the RNA Nano or Pico Kit, depending on sample concentration. The RNA Integrity Number (RIN) and average length of the RNA were used for sample characterization. mRNA integrity was measured using a semiquantitative reverse transcription-polymerase chain reaction assay (rtPCR). This assay is based on quantitative amplification of 5'- and 3'-end sequences of the housekeeping gene β-actin. Calculating the ratio of 3' to 5' amplicons allows for assessment of mRNA integrity: intact RNA transcripts exhibit a ratio of 1, while degraded RNA increases the ratio.","biotin","A Transcriptor First Strand cDNA Synthesis Kit (Roche) was used to prepare cDNA from 100 ng of total RNA, using an anchored oligo(dT)-primer followed by a subsequent amplification step with the SYBR Green I Master on a LightCycler® 480 instrument (Roche Applied Science). Formalin-fixed paraffin-embedded tumor (FFPET)-derived RNA was amplified with the WT-Ovation™ FFPE System V2 (NuGEN). Biotin labeling of the cDNA was performed using the FL-Ovation cDNA Biotin Module V2 (NuGEN).","9606","Hybridization of labeled probes on the Affymetrix GeneChip Human Genome U133 Plus 2.0 Array were conducted using the GeneChip® Hybridization, Wash, and Stain Kit (Affymetrix).","For this workflow a GeneChip Fluidics Station 450 and a GeneChip Scanner 3000 7G were used","R (3.0.1) & Bioconductor (2.20.1)","GPL570","Anton,,Belousov","TTB Biostatistics","NCS-TTB","Roche","Nonnenwald 2","Penzberg","82377","Germany","ftp://ftp.ncbi.nlm.nih.gov/geo/samples/GSM1233nnn/GSM1233000/suppl/GSM1233000_CJL010_20081020.CEL.gz","54675","53","HER2+ CT H","29.22","14400","40","0","41.6","ER-","24.95","HER2+","yes","5","4","5","90","3","post","0","0","111","RD","90","40.67","PR-","0","Caucasian","20","5","neoadjuvant doxorubicin/paclitaxel (AT) followed by cyclophosphamide/methotrexate/fluorouracil (CMF) + Trastuzumab for 1 year"
"GSM1233001","BreastCancer_S011","GSM1233001","Public on Jan 21 2014","Sep 17 2013","Jun 06 2022","RNA","1","breast cancer","Homo sapiens","centerid: 40","patid: 41","size_dissected_area: 11","percentage_tumor_cells: 80","cell_number_dissected: 11000","inflammatory_cells [%]: 10","invasive_tumor_area_size1 [mm]: 4","invasive_tumor_area_size2 [mm]: 12","invasive_tumor_cells [%]: 60","invasive_tumor_grade: 3","necrotic_cells [%]: 0","normal_epithelial_cells [%]: 15","preneoplastic_tumor_cells [%]: 10","stroma_cells [%]: 5","bgus.ct: 29.34","er.ct: 38.08","her2.ct: 26.64","pr.ct: 39.89","race: Caucasian","er: ER-","pr: PR-","her2: HER2+","arm: HER2+ CT H","treatment: neoadjuvant doxorubicin/paclitaxel (AT) followed by cyclophosphamide/methotrexate/fluorouracil (CMF) + Trastuzumab for 1 year","age: 44","ecog: 0","inflammatory.brca: no","menopausal.status: post","pcr: pCR","total RNA","Formalin-fixed, paraffin-embedded (FFPE) core biopsies were prospectively collected prior to treatment. The yield and purity of RNA was determined using a NanoDrop 1000 Spectrophotometer (Thermo Scientific). RNA integrity was measured using a Bioanalyzer (Agilent Technologies) with either the RNA Nano or Pico Kit, depending on sample concentration. The RNA Integrity Number (RIN) and average length of the RNA were used for sample characterization. mRNA integrity was measured using a semiquantitative reverse transcription-polymerase chain reaction assay (rtPCR). This assay is based on quantitative amplification of 5'- and 3'-end sequences of the housekeeping gene β-actin. Calculating the ratio of 3' to 5' amplicons allows for assessment of mRNA integrity: intact RNA transcripts exhibit a ratio of 1, while degraded RNA increases the ratio.","biotin","A Transcriptor First Strand cDNA Synthesis Kit (Roche) was used to prepare cDNA from 100 ng of total RNA, using an anchored oligo(dT)-primer followed by a subsequent amplification step with the SYBR Green I Master on a LightCycler® 480 instrument (Roche Applied Science). Formalin-fixed paraffin-embedded tumor (FFPET)-derived RNA was amplified with the WT-Ovation™ FFPE System V2 (NuGEN). Biotin labeling of the cDNA was performed using the FL-Ovation cDNA Biotin Module V2 (NuGEN).","9606","Hybridization of labeled probes on the Affymetrix GeneChip Human Genome U133 Plus 2.0 Array were conducted using the GeneChip® Hybridization, Wash, and Stain Kit (Affymetrix).","For this workflow a GeneChip Fluidics Station 450 and a GeneChip Scanner 3000 7G were used","R (3.0.1) & Bioconductor (2.20.1)","GPL570","Anton,,Belousov","TTB Biostatistics","NCS-TTB","Roche","Nonnenwald 2","Penzberg","82377","Germany","ftp://ftp.ncbi.nlm.nih.gov/geo/samples/GSM1233nnn/GSM1233001/suppl/GSM1233001_CJL011_20081027.CEL.gz","54675","44","HER2+ CT H","29.34","11000","40","0","38.08","ER-","26.64","HER2+","no","10","4","12","60","3","post","0","15","41","pCR","80","39.89","PR-","10","Caucasian","11","5","neoadjuvant doxorubicin/paclitaxel (AT) followed by cyclophosphamide/methotrexate/fluorouracil (CMF) + Trastuzumab for 1 year"
"GSM1233002","BreastCancer_S012","GSM1233002","Public on Jan 21 2014","Sep 17 2013","Jun 06 2022","RNA","1","breast cancer","Homo sapiens","centerid: 40","patid: 61","size_dissected_area: 11","percentage_tumor_cells: 50","cell_number_dissected: 5500","inflammatory_cells [%]: 15","invasive_tumor_area_size1 [mm]: 4","invasive_tumor_area_size2 [mm]: 8","invasive_tumor_cells [%]: 65","invasive_tumor_grade: 3","necrotic_cells [%]: 0","normal_epithelial_cells [%]: 0","preneoplastic_tumor_cells [%]: 10","stroma_cells [%]: 10","bgus.ct: 32.34","er.ct: 33.79","her2.ct: 26.98","pr.ct: 40.67","race: Caucasian","er: ER-","pr: PR-","her2: HER2+","arm: HER2+ CT","treatment: neoadjuvant doxorubicin/paclitaxel (AT) followed by cyclophosphamide/methotrexate/fluorouracil (CMF)","age: 52","ecog: 0","inflammatory.brca: no","menopausal.status: post","pcr: pCR","total RNA","Formalin-fixed, paraffin-embedded (FFPE) core biopsies were prospectively collected prior to treatment. The yield and purity of RNA was determined using a NanoDrop 1000 Spectrophotometer (Thermo Scientific). RNA integrity was measured using a Bioanalyzer (Agilent Technologies) with either the RNA Nano or Pico Kit, depending on sample concentration. The RNA Integrity Number (RIN) and average length of the RNA were used for sample characterization. mRNA integrity was measured using a semiquantitative reverse transcription-polymerase chain reaction assay (rtPCR). This assay is based on quantitative amplification of 5'- and 3'-end sequences of the housekeeping gene β-actin. Calculating the ratio of 3' to 5' amplicons allows for assessment of mRNA integrity: intact RNA transcripts exhibit a ratio of 1, while degraded RNA increases the ratio.","biotin","A Transcriptor First Strand cDNA Synthesis Kit (Roche) was used to prepare cDNA from 100 ng of total RNA, using an anchored oligo(dT)-primer followed by a subsequent amplification step with the SYBR Green I Master on a LightCycler® 480 instrument (Roche Applied Science). Formalin-fixed paraffin-embedded tumor (FFPET)-derived RNA was amplified with the WT-Ovation™ FFPE System V2 (NuGEN). Biotin labeling of the cDNA was performed using the FL-Ovation cDNA Biotin Module V2 (NuGEN).","9606","Hybridization of labeled probes on the Affymetrix GeneChip Human Genome U133 Plus 2.0 Array were conducted using the GeneChip® Hybridization, Wash, and Stain Kit (Affymetrix).","For this workflow a GeneChip Fluidics Station 450 and a GeneChip Scanner 3000 7G were used","R (3.0.1) & Bioconductor (2.20.1)","GPL570","Anton,,Belousov","TTB Biostatistics","NCS-TTB","Roche","Nonnenwald 2","Penzberg","82377","Germany","ftp://ftp.ncbi.nlm.nih.gov/geo/samples/GSM1233nnn/GSM1233002/suppl/GSM1233002_CJL012_20081020.CEL.gz","54675","52","HER2+ CT","32.34","5500","40","0","33.79","ER-","26.98","HER2+","no","15","4","8","65","3","post","0","0","61","pCR","50","40.67","PR-","10","Caucasian","11","10","neoadjuvant doxorubicin/paclitaxel (AT) followed by cyclophosphamide/methotrexate/fluorouracil (CMF)"
"GSM1233003","BreastCancer_S013","GSM1233003","Public on Jan 21 2014","Sep 17 2013","Jun 06 2022","RNA","1","breast cancer","Homo sapiens","centerid: 40","patid: 31","size_dissected_area: 40","percentage_tumor_cells: 70","cell_number_dissected: 22400","inflammatory_cells [%]: 20","invasive_tumor_area_size1 [mm]: 4","invasive_tumor_area_size2 [mm]: 10","invasive_tumor_cells [%]: 70","invasive_tumor_grade: 3","necrotic_cells [%]: 0","normal_epithelial_cells [%]: 0","preneoplastic_tumor_cells [%]: 0","stroma_cells [%]: 10","bgus.ct: 33.35","er.ct: 32.78","her2.ct: 29.45","pr.ct: 50","race: Caucasian","er: ER+","pr: PR-","her2: HER2+","arm: HER2+ CT","treatment: neoadjuvant doxorubicin/paclitaxel (AT) followed by cyclophosphamide/methotrexate/fluorouracil (CMF)","age: 58","ecog: 0","inflammatory.brca: no","menopausal.status: post","pcr: pCR","total RNA","Formalin-fixed, paraffin-embedded (FFPE) core biopsies were prospectively collected prior to treatment. The yield and purity of RNA was determined using a NanoDrop 1000 Spectrophotometer (Thermo Scientific). RNA integrity was measured using a Bioanalyzer (Agilent Technologies) with either the RNA Nano or Pico Kit, depending on sample concentration. The RNA Integrity Number (RIN) and average length of the RNA were used for sample characterization. mRNA integrity was measured using a semiquantitative reverse transcription-polymerase chain reaction assay (rtPCR). This assay is based on quantitative amplification of 5'- and 3'-end sequences of the housekeeping gene β-actin. Calculating the ratio of 3' to 5' amplicons allows for assessment of mRNA integrity: intact RNA transcripts exhibit a ratio of 1, while degraded RNA increases the ratio.","biotin","A Transcriptor First Strand cDNA Synthesis Kit (Roche) was used to prepare cDNA from 100 ng of total RNA, using an anchored oligo(dT)-primer followed by a subsequent amplification step with the SYBR Green I Master on a LightCycler® 480 instrument (Roche Applied Science). Formalin-fixed paraffin-embedded tumor (FFPET)-derived RNA was amplified with the WT-Ovation™ FFPE System V2 (NuGEN). Biotin labeling of the cDNA was performed using the FL-Ovation cDNA Biotin Module V2 (NuGEN).","9606","Hybridization of labeled probes on the Affymetrix GeneChip Human Genome U133 Plus 2.0 Array were conducted using the GeneChip® Hybridization, Wash, and Stain Kit (Affymetrix).","For this workflow a GeneChip Fluidics Station 450 and a GeneChip Scanner 3000 7G were used","R (3.0.1) & Bioconductor (2.20.1)","GPL570","Anton,,Belousov","TTB Biostatistics","NCS-TTB","Roche","Nonnenwald 2","Penzberg","82377","Germany","ftp://ftp.ncbi.nlm.nih.gov/geo/samples/GSM1233nnn/GSM1233003/suppl/GSM1233003_CJL013_20081027.CEL.gz","54675","58","HER2+ CT","33.35","22400","40","0","32.78","ER+","29.45","HER2+","no","20","4","10","70","3","post","0","0","31","pCR","70","50","PR-","0","Caucasian","40","10","neoadjuvant doxorubicin/paclitaxel (AT) followed by cyclophosphamide/methotrexate/fluorouracil (CMF)"
"GSM1233004","BreastCancer_S014","GSM1233004","Public on Jan 21 2014","Sep 17 2013","Jun 06 2022","RNA","1","breast cancer","Homo sapiens","centerid: 40","patid: 81","size_dissected_area: 5","percentage_tumor_cells: 50","cell_number_dissected: 5000","inflammatory_cells [%]: 10","invasive_tumor_area_size1 [mm]: 2","invasive_tumor_area_size2 [mm]: 6","invasive_tumor_cells [%]: 50","invasive_tumor_grade: 3","necrotic_cells [%]: 0","normal_epithelial_cells [%]: 0","preneoplastic_tumor_cells [%]: 0","stroma_cells [%]: 40","bgus.ct: 31.96","er.ct: 31.77","her2.ct: 28.47","pr.ct: 32.87","race: Caucasian","er: ER+","pr: PR+","her2: HER2+","arm: HER2+ CT H","treatment: neoadjuvant doxorubicin/paclitaxel (AT) followed by cyclophosphamide/methotrexate/fluorouracil (CMF) + Trastuzumab for 1 year","age: 67","ecog: 0","inflammatory.brca: no","menopausal.status: post","pcr: RD","total RNA","Formalin-fixed, paraffin-embedded (FFPE) core biopsies were prospectively collected prior to treatment. The yield and purity of RNA was determined using a NanoDrop 1000 Spectrophotometer (Thermo Scientific). RNA integrity was measured using a Bioanalyzer (Agilent Technologies) with either the RNA Nano or Pico Kit, depending on sample concentration. The RNA Integrity Number (RIN) and average length of the RNA were used for sample characterization. mRNA integrity was measured using a semiquantitative reverse transcription-polymerase chain reaction assay (rtPCR). This assay is based on quantitative amplification of 5'- and 3'-end sequences of the housekeeping gene β-actin. Calculating the ratio of 3' to 5' amplicons allows for assessment of mRNA integrity: intact RNA transcripts exhibit a ratio of 1, while degraded RNA increases the ratio.","biotin","A Transcriptor First Strand cDNA Synthesis Kit (Roche) was used to prepare cDNA from 100 ng of total RNA, using an anchored oligo(dT)-primer followed by a subsequent amplification step with the SYBR Green I Master on a LightCycler® 480 instrument (Roche Applied Science). Formalin-fixed paraffin-embedded tumor (FFPET)-derived RNA was amplified with the WT-Ovation™ FFPE System V2 (NuGEN). Biotin labeling of the cDNA was performed using the FL-Ovation cDNA Biotin Module V2 (NuGEN).","9606","Hybridization of labeled probes on the Affymetrix GeneChip Human Genome U133 Plus 2.0 Array were conducted using the GeneChip® Hybridization, Wash, and Stain Kit (Affymetrix).","For this workflow a GeneChip Fluidics Station 450 and a GeneChip Scanner 3000 7G were used","R (3.0.1) & Bioconductor (2.20.1)","GPL570","Anton,,Belousov","TTB Biostatistics","NCS-TTB","Roche","Nonnenwald 2","Penzberg","82377","Germany","ftp://ftp.ncbi.nlm.nih.gov/geo/samples/GSM1233nnn/GSM1233004/suppl/GSM1233004_CJL014_20081020.CEL.gz","54675","67","HER2+ CT H","31.96","5000","40","0","31.77","ER+","28.47","HER2+","no","10","2","6","50","3","post","0","0","81","RD","50","32.87","PR+","0","Caucasian","5","40","neoadjuvant doxorubicin/paclitaxel (AT) followed by cyclophosphamide/methotrexate/fluorouracil (CMF) + Trastuzumab for 1 year"
"GSM1233005","BreastCancer_S015","GSM1233005","Public on Jan 21 2014","Sep 17 2013","Jun 06 2022","RNA","1","breast cancer","Homo sapiens","centerid: 40","patid: 51","size_dissected_area: 10.5","percentage_tumor_cells: 50","cell_number_dissected: 5500","inflammatory_cells [%]: 10","invasive_tumor_area_size1 [mm]: 2","invasive_tumor_area_size2 [mm]: 7","invasive_tumor_cells [%]: 80","invasive_tumor_grade: 3","necrotic_cells [%]: 0","normal_epithelial_cells [%]: 0","preneoplastic_tumor_cells [%]: 0","stroma_cells [%]: 10","bgus.ct: 28.64","er.ct: 30.68","her2.ct: 25.38","pr.ct: 30.5","race: Caucasian","er: ER-","pr: PR-","her2: HER2+","arm: HER2+ CT","treatment: neoadjuvant doxorubicin/paclitaxel (AT) followed by cyclophosphamide/methotrexate/fluorouracil (CMF)","age: 57","ecog: 0","inflammatory.brca: no","menopausal.status: post","pcr: RD","total RNA","Formalin-fixed, paraffin-embedded (FFPE) core biopsies were prospectively collected prior to treatment. The yield and purity of RNA was determined using a NanoDrop 1000 Spectrophotometer (Thermo Scientific). RNA integrity was measured using a Bioanalyzer (Agilent Technologies) with either the RNA Nano or Pico Kit, depending on sample concentration. The RNA Integrity Number (RIN) and average length of the RNA were used for sample characterization. mRNA integrity was measured using a semiquantitative reverse transcription-polymerase chain reaction assay (rtPCR). This assay is based on quantitative amplification of 5'- and 3'-end sequences of the housekeeping gene β-actin. Calculating the ratio of 3' to 5' amplicons allows for assessment of mRNA integrity: intact RNA transcripts exhibit a ratio of 1, while degraded RNA increases the ratio.","biotin","A Transcriptor First Strand cDNA Synthesis Kit (Roche) was used to prepare cDNA from 100 ng of total RNA, using an anchored oligo(dT)-primer followed by a subsequent amplification step with the SYBR Green I Master on a LightCycler® 480 instrument (Roche Applied Science). Formalin-fixed paraffin-embedded tumor (FFPET)-derived RNA was amplified with the WT-Ovation™ FFPE System V2 (NuGEN). Biotin labeling of the cDNA was performed using the FL-Ovation cDNA Biotin Module V2 (NuGEN).","9606","Hybridization of labeled probes on the Affymetrix GeneChip Human Genome U133 Plus 2.0 Array were conducted using the GeneChip® Hybridization, Wash, and Stain Kit (Affymetrix).","For this workflow a GeneChip Fluidics Station 450 and a GeneChip Scanner 3000 7G were used","R (3.0.1) & Bioconductor (2.20.1)","GPL570","Anton,,Belousov","TTB Biostatistics","NCS-TTB","Roche","Nonnenwald 2","Penzberg","82377","Germany","ftp://ftp.ncbi.nlm.nih.gov/geo/samples/GSM1233nnn/GSM1233005/suppl/GSM1233005_CJL015_20081020.CEL.gz","54675","57","HER2+ CT","28.64","5500","40","0","30.68","ER-","25.38","HER2+","no","10","2","7","80","3","post","0","0","51","RD","50","30.5","PR-","0","Caucasian","10.5","10","neoadjuvant doxorubicin/paclitaxel (AT) followed by cyclophosphamide/methotrexate/fluorouracil (CMF)"
"GSM1233006","BreastCancer_S016","GSM1233006","Public on Jan 21 2014","Sep 17 2013","Jun 06 2022","RNA","1","breast cancer","Homo sapiens","centerid: 40","patid: 21","size_dissected_area: 10.5","percentage_tumor_cells: 25","cell_number_dissected: 3000","inflammatory_cells [%]: 30","invasive_tumor_area_size1 [mm]: 4","invasive_tumor_area_size2 [mm]: 5","invasive_tumor_cells [%]: 60","invasive_tumor_grade: 3","necrotic_cells [%]: 0","normal_epithelial_cells [%]: 0","preneoplastic_tumor_cells [%]: 0","stroma_cells [%]: 10","bgus.ct: 31.02","er.ct: 32.35","her2.ct: 27.02","pr.ct: 33.27","race: Caucasian","er: ER-","pr: PR-","her2: HER2+","arm: HER2+ CT H","treatment: neoadjuvant doxorubicin/paclitaxel (AT) followed by cyclophosphamide/methotrexate/fluorouracil (CMF) + Trastuzumab for 1 year","age: 51","ecog: 0","inflammatory.brca: no","menopausal.status: post","pcr: pCR","total RNA","Formalin-fixed, paraffin-embedded (FFPE) core biopsies were prospectively collected prior to treatment. The yield and purity of RNA was determined using a NanoDrop 1000 Spectrophotometer (Thermo Scientific). RNA integrity was measured using a Bioanalyzer (Agilent Technologies) with either the RNA Nano or Pico Kit, depending on sample concentration. The RNA Integrity Number (RIN) and average length of the RNA were used for sample characterization. mRNA integrity was measured using a semiquantitative reverse transcription-polymerase chain reaction assay (rtPCR). This assay is based on quantitative amplification of 5'- and 3'-end sequences of the housekeeping gene β-actin. Calculating the ratio of 3' to 5' amplicons allows for assessment of mRNA integrity: intact RNA transcripts exhibit a ratio of 1, while degraded RNA increases the ratio.","biotin","A Transcriptor First Strand cDNA Synthesis Kit (Roche) was used to prepare cDNA from 100 ng of total RNA, using an anchored oligo(dT)-primer followed by a subsequent amplification step with the SYBR Green I Master on a LightCycler® 480 instrument (Roche Applied Science). Formalin-fixed paraffin-embedded tumor (FFPET)-derived RNA was amplified with the WT-Ovation™ FFPE System V2 (NuGEN). Biotin labeling of the cDNA was performed using the FL-Ovation cDNA Biotin Module V2 (NuGEN).","9606","Hybridization of labeled probes on the Affymetrix GeneChip Human Genome U133 Plus 2.0 Array were conducted using the GeneChip® Hybridization, Wash, and Stain Kit (Affymetrix).","For this workflow a GeneChip Fluidics Station 450 and a GeneChip Scanner 3000 7G were used","R (3.0.1) & Bioconductor (2.20.1)","GPL570","Anton,,Belousov","TTB Biostatistics","NCS-TTB","Roche","Nonnenwald 2","Penzberg","82377","Germany","ftp://ftp.ncbi.nlm.nih.gov/geo/samples/GSM1233nnn/GSM1233006/suppl/GSM1233006_CJL016_20081020.CEL.gz","54675","51","HER2+ CT H","31.02","3000","40","0","32.35","ER-","27.02","HER2+","no","30","4","5","60","3","post","0","0","21","pCR","25","33.27","PR-","0","Caucasian","10.5","10","neoadjuvant doxorubicin/paclitaxel (AT) followed by cyclophosphamide/methotrexate/fluorouracil (CMF) + Trastuzumab for 1 year"
"GSM1233007","BreastCancer_S017","GSM1233007","Public on Jan 21 2014","Sep 17 2013","Jun 06 2022","RNA","1","breast cancer","Homo sapiens","centerid: 40","patid: 101","size_dissected_area: 16","percentage_tumor_cells: 70","cell_number_dissected: 8960","inflammatory_cells [%]: 10","invasive_tumor_area_size1 [mm]: 4","invasive_tumor_area_size2 [mm]: 4","invasive_tumor_cells [%]: 70","invasive_tumor_grade: 3","necrotic_cells [%]: 0","normal_epithelial_cells [%]: 0","preneoplastic_tumor_cells [%]: 0","stroma_cells [%]: 20","bgus.ct: 31.39","er.ct: 33.12","her2.ct: 27.35","pr.ct: 41.15","race: Caucasian","er: ER-","pr: PR-","her2: HER2+","arm: HER2+ CT","treatment: neoadjuvant doxorubicin/paclitaxel (AT) followed by cyclophosphamide/methotrexate/fluorouracil (CMF)","age: 54","ecog: 0","inflammatory.brca: no","menopausal.status: post","pcr: RD","total RNA","Formalin-fixed, paraffin-embedded (FFPE) core biopsies were prospectively collected prior to treatment. The yield and purity of RNA was determined using a NanoDrop 1000 Spectrophotometer (Thermo Scientific). RNA integrity was measured using a Bioanalyzer (Agilent Technologies) with either the RNA Nano or Pico Kit, depending on sample concentration. The RNA Integrity Number (RIN) and average length of the RNA were used for sample characterization. mRNA integrity was measured using a semiquantitative reverse transcription-polymerase chain reaction assay (rtPCR). This assay is based on quantitative amplification of 5'- and 3'-end sequences of the housekeeping gene β-actin. Calculating the ratio of 3' to 5' amplicons allows for assessment of mRNA integrity: intact RNA transcripts exhibit a ratio of 1, while degraded RNA increases the ratio.","biotin","A Transcriptor First Strand cDNA Synthesis Kit (Roche) was used to prepare cDNA from 100 ng of total RNA, using an anchored oligo(dT)-primer followed by a subsequent amplification step with the SYBR Green I Master on a LightCycler® 480 instrument (Roche Applied Science). Formalin-fixed paraffin-embedded tumor (FFPET)-derived RNA was amplified with the WT-Ovation™ FFPE System V2 (NuGEN). Biotin labeling of the cDNA was performed using the FL-Ovation cDNA Biotin Module V2 (NuGEN).","9606","Hybridization of labeled probes on the Affymetrix GeneChip Human Genome U133 Plus 2.0 Array were conducted using the GeneChip® Hybridization, Wash, and Stain Kit (Affymetrix).","For this workflow a GeneChip Fluidics Station 450 and a GeneChip Scanner 3000 7G were used","R (3.0.1) & Bioconductor (2.20.1)","GPL570","Anton,,Belousov","TTB Biostatistics","NCS-TTB","Roche","Nonnenwald 2","Penzberg","82377","Germany","ftp://ftp.ncbi.nlm.nih.gov/geo/samples/GSM1233nnn/GSM1233007/suppl/GSM1233007_CJL017_20081020.CEL.gz","54675","54","HER2+ CT","31.39","8960","40","0","33.12","ER-","27.35","HER2+","no","10","4","4","70","3","post","0","0","101","RD","70","41.15","PR-","0","Caucasian","16","20","neoadjuvant doxorubicin/paclitaxel (AT) followed by cyclophosphamide/methotrexate/fluorouracil (CMF)"
"GSM1233008","BreastCancer_S018","GSM1233008","Public on Jan 21 2014","Sep 17 2013","Jun 06 2022","RNA","1","breast cancer","Homo sapiens","centerid: 40","patid: 381","size_dissected_area: 48","percentage_tumor_cells: 70","cell_number_dissected: 26880","inflammatory_cells [%]: 15","invasive_tumor_area_size1 [mm]: 4","invasive_tumor_area_size2 [mm]: 12","invasive_tumor_cells [%]: 70","invasive_tumor_grade: 2","necrotic_cells [%]: 0","normal_epithelial_cells [%]: 0","preneoplastic_tumor_cells [%]: 0","stroma_cells [%]: 15","bgus.ct: 30.27","er.ct: 33.07","her2.ct: 24.8","pr.ct: 34.11","race: Caucasian","er: ER-","pr: PR-","her2: HER2+","arm: HER2+ CT H","treatment: neoadjuvant doxorubicin/paclitaxel (AT) followed by cyclophosphamide/methotrexate/fluorouracil (CMF) + Trastuzumab for 1 year","age: 64","ecog: 0","inflammatory.brca: no","menopausal.status: post","pcr: pCR","total RNA","Formalin-fixed, paraffin-embedded (FFPE) core biopsies were prospectively collected prior to treatment. The yield and purity of RNA was determined using a NanoDrop 1000 Spectrophotometer (Thermo Scientific). RNA integrity was measured using a Bioanalyzer (Agilent Technologies) with either the RNA Nano or Pico Kit, depending on sample concentration. The RNA Integrity Number (RIN) and average length of the RNA were used for sample characterization. mRNA integrity was measured using a semiquantitative reverse transcription-polymerase chain reaction assay (rtPCR). This assay is based on quantitative amplification of 5'- and 3'-end sequences of the housekeeping gene β-actin. Calculating the ratio of 3' to 5' amplicons allows for assessment of mRNA integrity: intact RNA transcripts exhibit a ratio of 1, while degraded RNA increases the ratio.","biotin","A Transcriptor First Strand cDNA Synthesis Kit (Roche) was used to prepare cDNA from 100 ng of total RNA, using an anchored oligo(dT)-primer followed by a subsequent amplification step with the SYBR Green I Master on a LightCycler® 480 instrument (Roche Applied Science). Formalin-fixed paraffin-embedded tumor (FFPET)-derived RNA was amplified with the WT-Ovation™ FFPE System V2 (NuGEN). Biotin labeling of the cDNA was performed using the FL-Ovation cDNA Biotin Module V2 (NuGEN).","9606","Hybridization of labeled probes on the Affymetrix GeneChip Human Genome U133 Plus 2.0 Array were conducted using the GeneChip® Hybridization, Wash, and Stain Kit (Affymetrix).","For this workflow a GeneChip Fluidics Station 450 and a GeneChip Scanner 3000 7G were used","R (3.0.1) & Bioconductor (2.20.1)","GPL570","Anton,,Belousov","TTB Biostatistics","NCS-TTB","Roche","Nonnenwald 2","Penzberg","82377","Germany","ftp://ftp.ncbi.nlm.nih.gov/geo/samples/GSM1233nnn/GSM1233008/suppl/GSM1233008_CJL018_20081020.CEL.gz","54675","64","HER2+ CT H","30.27","26880","40","0","33.07","ER-","24.8","HER2+","no","15","4","12","70","2","post","0","0","381","pCR","70","34.11","PR-","0","Caucasian","48","15","neoadjuvant doxorubicin/paclitaxel (AT) followed by cyclophosphamide/methotrexate/fluorouracil (CMF) + Trastuzumab for 1 year"
"GSM1233009","BreastCancer_S019","GSM1233009","Public on Jan 21 2014","Sep 17 2013","Jun 06 2022","RNA","1","breast cancer","Homo sapiens","centerid: 40","patid: 321","size_dissected_area: 6","percentage_tumor_cells: 90","cell_number_dissected: 3240","inflammatory_cells [%]: 10","invasive_tumor_area_size2 [mm]: 5","invasive_tumor_cells [%]: 80","invasive_tumor_grade: 2","necrotic_cells [%]: 0","normal_epithelial_cells [%]: 0","preneoplastic_tumor_cells [%]: 0","stroma_cells [%]: 10","bgus.ct: 30.67","er.ct: 35.96","her2.ct: 26.24","pr.ct: 43.89","race: Caucasian","er: ER-","pr: PR-","her2: HER2+","arm: HER2+ CT H","treatment: neoadjuvant doxorubicin/paclitaxel (AT) followed by cyclophosphamide/methotrexate/fluorouracil (CMF) + Trastuzumab for 1 year","age: 50","ecog: 0","inflammatory.brca: no","menopausal.status: pre","pcr: pCR","","total RNA","Formalin-fixed, paraffin-embedded (FFPE) core biopsies were prospectively collected prior to treatment. The yield and purity of RNA was determined using a NanoDrop 1000 Spectrophotometer (Thermo Scientific). RNA integrity was measured using a Bioanalyzer (Agilent Technologies) with either the RNA Nano or Pico Kit, depending on sample concentration. The RNA Integrity Number (RIN) and average length of the RNA were used for sample characterization. mRNA integrity was measured using a semiquantitative reverse transcription-polymerase chain reaction assay (rtPCR). This assay is based on quantitative amplification of 5'- and 3'-end sequences of the housekeeping gene β-actin. Calculating the ratio of 3' to 5' amplicons allows for assessment of mRNA integrity: intact RNA transcripts exhibit a ratio of 1, while degraded RNA increases the ratio.","biotin","A Transcriptor First Strand cDNA Synthesis Kit (Roche) was used to prepare cDNA from 100 ng of total RNA, using an anchored oligo(dT)-primer followed by a subsequent amplification step with the SYBR Green I Master on a LightCycler® 480 instrument (Roche Applied Science). Formalin-fixed paraffin-embedded tumor (FFPET)-derived RNA was amplified with the WT-Ovation™ FFPE System V2 (NuGEN). Biotin labeling of the cDNA was performed using the FL-Ovation cDNA Biotin Module V2 (NuGEN).","9606","Hybridization of labeled probes on the Affymetrix GeneChip Human Genome U133 Plus 2.0 Array were conducted using the GeneChip® Hybridization, Wash, and Stain Kit (Affymetrix).","For this workflow a GeneChip Fluidics Station 450 and a GeneChip Scanner 3000 7G were used","R (3.0.1) & Bioconductor (2.20.1)","GPL570","Anton,,Belousov","TTB Biostatistics","NCS-TTB","Roche","Nonnenwald 2","Penzberg","82377","Germany","ftp://ftp.ncbi.nlm.nih.gov/geo/samples/GSM1233nnn/GSM1233009/suppl/GSM1233009_CJL019_20081020.CEL.gz","54675","50","HER2+ CT H","30.67","3240","40","0","35.96","ER-","26.24","HER2+","no","10",NA,"5","80","2","pre","0","0","321","pCR","90","43.89","PR-","0","Caucasian","6","10","neoadjuvant doxorubicin/paclitaxel (AT) followed by cyclophosphamide/methotrexate/fluorouracil (CMF) + Trastuzumab for 1 year"
"GSM1233010","BreastCancer_S020","GSM1233010","Public on Jan 21 2014","Sep 17 2013","Jun 06 2022","RNA","1","breast cancer","Homo sapiens","centerid: 40","patid: 371","size_dissected_area: 9","percentage_tumor_cells: 70","cell_number_dissected: 3780","inflammatory_cells [%]: 10","invasive_tumor_area_size1 [mm]: 10","invasive_tumor_area_size2 [mm]: 4","invasive_tumor_cells [%]: 60","invasive_tumor_grade: 2","necrotic_cells [%]: 0","normal_epithelial_cells [%]: 0","preneoplastic_tumor_cells [%]: 0","stroma_cells [%]: 30","bgus.ct: 31.92","er.ct: 32.49","her2.ct: 27.9","pr.ct: 50","race: Caucasian","er: ER-","pr: PR-","her2: HER2+","arm: HER2+ CT","treatment: neoadjuvant doxorubicin/paclitaxel (AT) followed by cyclophosphamide/methotrexate/fluorouracil (CMF)","age: 69","ecog: 0","inflammatory.brca: yes","menopausal.status: post","pcr: RD","total RNA","Formalin-fixed, paraffin-embedded (FFPE) core biopsies were prospectively collected prior to treatment. The yield and purity of RNA was determined using a NanoDrop 1000 Spectrophotometer (Thermo Scientific). RNA integrity was measured using a Bioanalyzer (Agilent Technologies) with either the RNA Nano or Pico Kit, depending on sample concentration. The RNA Integrity Number (RIN) and average length of the RNA were used for sample characterization. mRNA integrity was measured using a semiquantitative reverse transcription-polymerase chain reaction assay (rtPCR). This assay is based on quantitative amplification of 5'- and 3'-end sequences of the housekeeping gene β-actin. Calculating the ratio of 3' to 5' amplicons allows for assessment of mRNA integrity: intact RNA transcripts exhibit a ratio of 1, while degraded RNA increases the ratio.","biotin","A Transcriptor First Strand cDNA Synthesis Kit (Roche) was used to prepare cDNA from 100 ng of total RNA, using an anchored oligo(dT)-primer followed by a subsequent amplification step with the SYBR Green I Master on a LightCycler® 480 instrument (Roche Applied Science). Formalin-fixed paraffin-embedded tumor (FFPET)-derived RNA was amplified with the WT-Ovation™ FFPE System V2 (NuGEN). Biotin labeling of the cDNA was performed using the FL-Ovation cDNA Biotin Module V2 (NuGEN).","9606","Hybridization of labeled probes on the Affymetrix GeneChip Human Genome U133 Plus 2.0 Array were conducted using the GeneChip® Hybridization, Wash, and Stain Kit (Affymetrix).","For this workflow a GeneChip Fluidics Station 450 and a GeneChip Scanner 3000 7G were used","R (3.0.1) & Bioconductor (2.20.1)","GPL570","Anton,,Belousov","TTB Biostatistics","NCS-TTB","Roche","Nonnenwald 2","Penzberg","82377","Germany","ftp://ftp.ncbi.nlm.nih.gov/geo/samples/GSM1233nnn/GSM1233010/suppl/GSM1233010_CJL020_20081021.CEL.gz","54675","69","HER2+ CT","31.92","3780","40","0","32.49","ER-","27.9","HER2+","yes","10","10","4","60","2","post","0","0","371","RD","70","50","PR-","0","Caucasian","9","30","neoadjuvant doxorubicin/paclitaxel (AT) followed by cyclophosphamide/methotrexate/fluorouracil (CMF)"
"GSM1233011","BreastCancer_S021","GSM1233011","Public on Jan 21 2014","Sep 17 2013","Jun 06 2022","RNA","1","breast cancer","Homo sapiens","centerid: 40","patid: 331","size_dissected_area: 40","percentage_tumor_cells: 70","cell_number_dissected: 22400","inflammatory_cells [%]: 10","invasive_tumor_area_size1 [mm]: 4","invasive_tumor_area_size2 [mm]: 10","invasive_tumor_cells [%]: 70","invasive_tumor_grade: 2","necrotic_cells [%]: 0","normal_epithelial_cells [%]: 10","preneoplastic_tumor_cells [%]: 0","stroma_cells [%]: 10","bgus.ct: 30.94","er.ct: 31.06","her2.ct: 27.74","pr.ct: 50","race: Caucasian","er: ER+","pr: PR-","her2: HER2+","arm: HER2+ CT H","treatment: neoadjuvant doxorubicin/paclitaxel (AT) followed by cyclophosphamide/methotrexate/fluorouracil (CMF) + Trastuzumab for 1 year","age: 59","ecog: 0","inflammatory.brca: no","menopausal.status: post","pcr: RD","total RNA","Formalin-fixed, paraffin-embedded (FFPE) core biopsies were prospectively collected prior to treatment. The yield and purity of RNA was determined using a NanoDrop 1000 Spectrophotometer (Thermo Scientific). RNA integrity was measured using a Bioanalyzer (Agilent Technologies) with either the RNA Nano or Pico Kit, depending on sample concentration. The RNA Integrity Number (RIN) and average length of the RNA were used for sample characterization. mRNA integrity was measured using a semiquantitative reverse transcription-polymerase chain reaction assay (rtPCR). This assay is based on quantitative amplification of 5'- and 3'-end sequences of the housekeeping gene β-actin. Calculating the ratio of 3' to 5' amplicons allows for assessment of mRNA integrity: intact RNA transcripts exhibit a ratio of 1, while degraded RNA increases the ratio.","biotin","A Transcriptor First Strand cDNA Synthesis Kit (Roche) was used to prepare cDNA from 100 ng of total RNA, using an anchored oligo(dT)-primer followed by a subsequent amplification step with the SYBR Green I Master on a LightCycler® 480 instrument (Roche Applied Science). Formalin-fixed paraffin-embedded tumor (FFPET)-derived RNA was amplified with the WT-Ovation™ FFPE System V2 (NuGEN). Biotin labeling of the cDNA was performed using the FL-Ovation cDNA Biotin Module V2 (NuGEN).","9606","Hybridization of labeled probes on the Affymetrix GeneChip Human Genome U133 Plus 2.0 Array were conducted using the GeneChip® Hybridization, Wash, and Stain Kit (Affymetrix).","For this workflow a GeneChip Fluidics Station 450 and a GeneChip Scanner 3000 7G were used","R (3.0.1) & Bioconductor (2.20.1)","GPL570","Anton,,Belousov","TTB Biostatistics","NCS-TTB","Roche","Nonnenwald 2","Penzberg","82377","Germany","ftp://ftp.ncbi.nlm.nih.gov/geo/samples/GSM1233nnn/GSM1233011/suppl/GSM1233011_CJL021_20081021.CEL.gz","54675","59","HER2+ CT H","30.94","22400","40","0","31.06","ER+","27.74","HER2+","no","10","4","10","70","2","post","0","10","331","RD","70","50","PR-","0","Caucasian","40","10","neoadjuvant doxorubicin/paclitaxel (AT) followed by cyclophosphamide/methotrexate/fluorouracil (CMF) + Trastuzumab for 1 year"
"GSM1233012","BreastCancer_S022","GSM1233012","Public on Jan 21 2014","Sep 17 2013","Jun 06 2022","RNA","1","breast cancer","Homo sapiens","centerid: 40","patid: 301","size_dissected_area: 20","percentage_tumor_cells: 60","cell_number_dissected: 7000","inflammatory_cells [%]: 10","invasive_tumor_area_size1 [mm]: 7","invasive_tumor_area_size2 [mm]: 9","invasive_tumor_cells [%]: 65","invasive_tumor_grade: 2","necrotic_cells [%]: 0","normal_epithelial_cells [%]: 0","preneoplastic_tumor_cells [%]: 0","stroma_cells [%]: 25","bgus.ct: 31.75","er.ct: 30.93","her2.ct: 27.96","pr.ct: 31.44","race: Caucasian","er: ER+","pr: PR+","her2: HER2+","arm: HER2+ CT H","treatment: neoadjuvant doxorubicin/paclitaxel (AT) followed by cyclophosphamide/methotrexate/fluorouracil (CMF) + Trastuzumab for 1 year","age: 47","ecog: 0","inflammatory.brca: no","menopausal.status: pre","pcr: RD","total RNA","Formalin-fixed, paraffin-embedded (FFPE) core biopsies were prospectively collected prior to treatment. The yield and purity of RNA was determined using a NanoDrop 1000 Spectrophotometer (Thermo Scientific). RNA integrity was measured using a Bioanalyzer (Agilent Technologies) with either the RNA Nano or Pico Kit, depending on sample concentration. The RNA Integrity Number (RIN) and average length of the RNA were used for sample characterization. mRNA integrity was measured using a semiquantitative reverse transcription-polymerase chain reaction assay (rtPCR). This assay is based on quantitative amplification of 5'- and 3'-end sequences of the housekeeping gene β-actin. Calculating the ratio of 3' to 5' amplicons allows for assessment of mRNA integrity: intact RNA transcripts exhibit a ratio of 1, while degraded RNA increases the ratio.","biotin","A Transcriptor First Strand cDNA Synthesis Kit (Roche) was used to prepare cDNA from 100 ng of total RNA, using an anchored oligo(dT)-primer followed by a subsequent amplification step with the SYBR Green I Master on a LightCycler® 480 instrument (Roche Applied Science). Formalin-fixed paraffin-embedded tumor (FFPET)-derived RNA was amplified with the WT-Ovation™ FFPE System V2 (NuGEN). Biotin labeling of the cDNA was performed using the FL-Ovation cDNA Biotin Module V2 (NuGEN).","9606","Hybridization of labeled probes on the Affymetrix GeneChip Human Genome U133 Plus 2.0 Array were conducted using the GeneChip® Hybridization, Wash, and Stain Kit (Affymetrix).","For this workflow a GeneChip Fluidics Station 450 and a GeneChip Scanner 3000 7G were used","R (3.0.1) & Bioconductor (2.20.1)","GPL570","Anton,,Belousov","TTB Biostatistics","NCS-TTB","Roche","Nonnenwald 2","Penzberg","82377","Germany","ftp://ftp.ncbi.nlm.nih.gov/geo/samples/GSM1233nnn/GSM1233012/suppl/GSM1233012_CJL022_20081020.CEL.gz","54675","47","HER2+ CT H","31.75","7000","40","0","30.93","ER+","27.96","HER2+","no","10","7","9","65","2","pre","0","0","301","RD","60","31.44","PR+","0","Caucasian","20","25","neoadjuvant doxorubicin/paclitaxel (AT) followed by cyclophosphamide/methotrexate/fluorouracil (CMF) + Trastuzumab for 1 year"
"GSM1233013","BreastCancer_S023","GSM1233013","Public on Jan 21 2014","Sep 17 2013","Jun 06 2022","RNA","1","breast cancer","Homo sapiens","centerid: 40","patid: 271","size_dissected_area: 2","percentage_tumor_cells: 70","cell_number_dissected: 840","inflammatory_cells [%]: 5","invasive_tumor_area_size1 [mm]: 4","invasive_tumor_area_size2 [mm]: 2","invasive_tumor_cells [%]: 90","invasive_tumor_grade: 3","necrotic_cells [%]: 0","normal_epithelial_cells [%]: 0","preneoplastic_tumor_cells [%]: 0","stroma_cells [%]: 5","bgus.ct: 29.58","er.ct: 32.34","her2.ct: 25.69","pr.ct: 43.66","race: Caucasian","er: ER-","pr: PR-","her2: HER2+","arm: HER2+ CT","treatment: neoadjuvant doxorubicin/paclitaxel (AT) followed by cyclophosphamide/methotrexate/fluorouracil (CMF)","age: 68","ecog: 0","inflammatory.brca: no","menopausal.status: post","pcr: RD","total RNA","Formalin-fixed, paraffin-embedded (FFPE) core biopsies were prospectively collected prior to treatment. The yield and purity of RNA was determined using a NanoDrop 1000 Spectrophotometer (Thermo Scientific). RNA integrity was measured using a Bioanalyzer (Agilent Technologies) with either the RNA Nano or Pico Kit, depending on sample concentration. The RNA Integrity Number (RIN) and average length of the RNA were used for sample characterization. mRNA integrity was measured using a semiquantitative reverse transcription-polymerase chain reaction assay (rtPCR). This assay is based on quantitative amplification of 5'- and 3'-end sequences of the housekeeping gene β-actin. Calculating the ratio of 3' to 5' amplicons allows for assessment of mRNA integrity: intact RNA transcripts exhibit a ratio of 1, while degraded RNA increases the ratio.","biotin","A Transcriptor First Strand cDNA Synthesis Kit (Roche) was used to prepare cDNA from 100 ng of total RNA, using an anchored oligo(dT)-primer followed by a subsequent amplification step with the SYBR Green I Master on a LightCycler® 480 instrument (Roche Applied Science). Formalin-fixed paraffin-embedded tumor (FFPET)-derived RNA was amplified with the WT-Ovation™ FFPE System V2 (NuGEN). Biotin labeling of the cDNA was performed using the FL-Ovation cDNA Biotin Module V2 (NuGEN).","9606","Hybridization of labeled probes on the Affymetrix GeneChip Human Genome U133 Plus 2.0 Array were conducted using the GeneChip® Hybridization, Wash, and Stain Kit (Affymetrix).","For this workflow a GeneChip Fluidics Station 450 and a GeneChip Scanner 3000 7G were used","R (3.0.1) & Bioconductor (2.20.1)","GPL570","Anton,,Belousov","TTB Biostatistics","NCS-TTB","Roche","Nonnenwald 2","Penzberg","82377","Germany","ftp://ftp.ncbi.nlm.nih.gov/geo/samples/GSM1233nnn/GSM1233013/suppl/GSM1233013_CJL023_20081020.CEL.gz","54675","68","HER2+ CT","29.58","840","40","0","32.34","ER-","25.69","HER2+","no","5","4","2","90","3","post","0","0","271","RD","70","43.66","PR-","0","Caucasian","2","5","neoadjuvant doxorubicin/paclitaxel (AT) followed by cyclophosphamide/methotrexate/fluorouracil (CMF)"
"GSM1233014","BreastCancer_S024","GSM1233014","Public on Jan 21 2014","Sep 17 2013","Jun 06 2022","RNA","1","breast cancer","Homo sapiens","centerid: 40","patid: 311","size_dissected_area: 40","percentage_tumor_cells: 75","cell_number_dissected: 24000","inflammatory_cells [%]: 10","invasive_tumor_area_size1 [mm]: 10","invasive_tumor_area_size2 [mm]: 4","invasive_tumor_cells [%]: 75","invasive_tumor_grade: 3","necrotic_cells [%]: 0","normal_epithelial_cells [%]: 0","preneoplastic_tumor_cells [%]: 0","stroma_cells [%]: 15","bgus.ct: 30.69","er.ct: 30.85","her2.ct: 28.43","pr.ct: 49.1","race: Caucasian","er: ER+","pr: PR-","her2: HER2+","arm: HER2+ CT","treatment: neoadjuvant doxorubicin/paclitaxel (AT) followed by cyclophosphamide/methotrexate/fluorouracil (CMF)","age: 71","ecog: 1","inflammatory.brca: no","menopausal.status: post","pcr: pCR","total RNA","Formalin-fixed, paraffin-embedded (FFPE) core biopsies were prospectively collected prior to treatment. The yield and purity of RNA was determined using a NanoDrop 1000 Spectrophotometer (Thermo Scientific). RNA integrity was measured using a Bioanalyzer (Agilent Technologies) with either the RNA Nano or Pico Kit, depending on sample concentration. The RNA Integrity Number (RIN) and average length of the RNA were used for sample characterization. mRNA integrity was measured using a semiquantitative reverse transcription-polymerase chain reaction assay (rtPCR). This assay is based on quantitative amplification of 5'- and 3'-end sequences of the housekeeping gene β-actin. Calculating the ratio of 3' to 5' amplicons allows for assessment of mRNA integrity: intact RNA transcripts exhibit a ratio of 1, while degraded RNA increases the ratio.","biotin","A Transcriptor First Strand cDNA Synthesis Kit (Roche) was used to prepare cDNA from 100 ng of total RNA, using an anchored oligo(dT)-primer followed by a subsequent amplification step with the SYBR Green I Master on a LightCycler® 480 instrument (Roche Applied Science). Formalin-fixed paraffin-embedded tumor (FFPET)-derived RNA was amplified with the WT-Ovation™ FFPE System V2 (NuGEN). Biotin labeling of the cDNA was performed using the FL-Ovation cDNA Biotin Module V2 (NuGEN).","9606","Hybridization of labeled probes on the Affymetrix GeneChip Human Genome U133 Plus 2.0 Array were conducted using the GeneChip® Hybridization, Wash, and Stain Kit (Affymetrix).","For this workflow a GeneChip Fluidics Station 450 and a GeneChip Scanner 3000 7G were used","R (3.0.1) & Bioconductor (2.20.1)","GPL570","Anton,,Belousov","TTB Biostatistics","NCS-TTB","Roche","Nonnenwald 2","Penzberg","82377","Germany","ftp://ftp.ncbi.nlm.nih.gov/geo/samples/GSM1233nnn/GSM1233014/suppl/GSM1233014_CJL024_20081027.CEL.gz","54675","71","HER2+ CT","30.69","24000","40","1","30.85","ER+","28.43","HER2+","no","10","10","4","75","3","post","0","0","311","pCR","75","49.1","PR-","0","Caucasian","40","15","neoadjuvant doxorubicin/paclitaxel (AT) followed by cyclophosphamide/methotrexate/fluorouracil (CMF)"
"GSM1233015","BreastCancer_S025","GSM1233015","Public on Jan 21 2014","Sep 17 2013","Jun 06 2022","RNA","1","breast cancer","Homo sapiens","centerid: 40","patid: 391","size_dissected_area: 8","percentage_tumor_cells: 80","cell_number_dissected: 6000","inflammatory_cells [%]: 10","invasive_tumor_area_size1 [mm]: 4","invasive_tumor_area_size2 [mm]: 2","invasive_tumor_cells [%]: 70","invasive_tumor_grade: 3","necrotic_cells [%]: 10","normal_epithelial_cells [%]: 0","preneoplastic_tumor_cells [%]: 0","stroma_cells [%]: 10","bgus.ct: 30.83","er.ct: 0","her2.ct: 26.02","pr.ct: 43.8","race: Caucasian","er: ER-","pr: PR-","her2: HER2+","arm: HER2+ CT","treatment: neoadjuvant doxorubicin/paclitaxel (AT) followed by cyclophosphamide/methotrexate/fluorouracil (CMF)","age: 63","ecog: 0","inflammatory.brca: no","menopausal.status: post","pcr: pCR","total RNA","Formalin-fixed, paraffin-embedded (FFPE) core biopsies were prospectively collected prior to treatment. The yield and purity of RNA was determined using a NanoDrop 1000 Spectrophotometer (Thermo Scientific). RNA integrity was measured using a Bioanalyzer (Agilent Technologies) with either the RNA Nano or Pico Kit, depending on sample concentration. The RNA Integrity Number (RIN) and average length of the RNA were used for sample characterization. mRNA integrity was measured using a semiquantitative reverse transcription-polymerase chain reaction assay (rtPCR). This assay is based on quantitative amplification of 5'- and 3'-end sequences of the housekeeping gene β-actin. Calculating the ratio of 3' to 5' amplicons allows for assessment of mRNA integrity: intact RNA transcripts exhibit a ratio of 1, while degraded RNA increases the ratio.","biotin","A Transcriptor First Strand cDNA Synthesis Kit (Roche) was used to prepare cDNA from 100 ng of total RNA, using an anchored oligo(dT)-primer followed by a subsequent amplification step with the SYBR Green I Master on a LightCycler® 480 instrument (Roche Applied Science). Formalin-fixed paraffin-embedded tumor (FFPET)-derived RNA was amplified with the WT-Ovation™ FFPE System V2 (NuGEN). Biotin labeling of the cDNA was performed using the FL-Ovation cDNA Biotin Module V2 (NuGEN).","9606","Hybridization of labeled probes on the Affymetrix GeneChip Human Genome U133 Plus 2.0 Array were conducted using the GeneChip® Hybridization, Wash, and Stain Kit (Affymetrix).","For this workflow a GeneChip Fluidics Station 450 and a GeneChip Scanner 3000 7G were used","R (3.0.1) & Bioconductor (2.20.1)","GPL570","Anton,,Belousov","TTB Biostatistics","NCS-TTB","Roche","Nonnenwald 2","Penzberg","82377","Germany","ftp://ftp.ncbi.nlm.nih.gov/geo/samples/GSM1233nnn/GSM1233015/suppl/GSM1233015_CJL025_20081020.CEL.gz","54675","63","HER2+ CT","30.83","6000","40","0","0","ER-","26.02","HER2+","no","10","4","2","70","3","post","10","0","391","pCR","80","43.8","PR-","0","Caucasian","8","10","neoadjuvant doxorubicin/paclitaxel (AT) followed by cyclophosphamide/methotrexate/fluorouracil (CMF)"
"GSM1233016","BreastCancer_S026","GSM1233016","Public on Jan 21 2014","Sep 17 2013","Jun 06 2022","RNA","1","breast cancer","Homo sapiens","centerid: 40","patid: 11","size_dissected_area: 13","percentage_tumor_cells: 60","cell_number_dissected: 5100","inflammatory_cells [%]: 30","invasive_tumor_area_size1 [mm]: 4","invasive_tumor_area_size2 [mm]: 6","invasive_tumor_cells [%]: 40","invasive_tumor_grade: 2","necrotic_cells [%]: 0","normal_epithelial_cells [%]: 10","preneoplastic_tumor_cells [%]: 0","stroma_cells [%]: 20","bgus.ct: 31.7","er.ct: 32.61","her2.ct: 27.59","pr.ct: 33.82","race: Caucasian","er: ER-","pr: PR-","her2: HER2+","arm: HER2+ CT","treatment: neoadjuvant doxorubicin/paclitaxel (AT) followed by cyclophosphamide/methotrexate/fluorouracil (CMF)","age: 52","ecog: 0","inflammatory.brca: yes","menopausal.status: post","pcr: pCR","total RNA","Formalin-fixed, paraffin-embedded (FFPE) core biopsies were prospectively collected prior to treatment. The yield and purity of RNA was determined using a NanoDrop 1000 Spectrophotometer (Thermo Scientific). RNA integrity was measured using a Bioanalyzer (Agilent Technologies) with either the RNA Nano or Pico Kit, depending on sample concentration. The RNA Integrity Number (RIN) and average length of the RNA were used for sample characterization. mRNA integrity was measured using a semiquantitative reverse transcription-polymerase chain reaction assay (rtPCR). This assay is based on quantitative amplification of 5'- and 3'-end sequences of the housekeeping gene β-actin. Calculating the ratio of 3' to 5' amplicons allows for assessment of mRNA integrity: intact RNA transcripts exhibit a ratio of 1, while degraded RNA increases the ratio.","biotin","A Transcriptor First Strand cDNA Synthesis Kit (Roche) was used to prepare cDNA from 100 ng of total RNA, using an anchored oligo(dT)-primer followed by a subsequent amplification step with the SYBR Green I Master on a LightCycler® 480 instrument (Roche Applied Science). Formalin-fixed paraffin-embedded tumor (FFPET)-derived RNA was amplified with the WT-Ovation™ FFPE System V2 (NuGEN). Biotin labeling of the cDNA was performed using the FL-Ovation cDNA Biotin Module V2 (NuGEN).","9606","Hybridization of labeled probes on the Affymetrix GeneChip Human Genome U133 Plus 2.0 Array were conducted using the GeneChip® Hybridization, Wash, and Stain Kit (Affymetrix).","For this workflow a GeneChip Fluidics Station 450 and a GeneChip Scanner 3000 7G were used","R (3.0.1) & Bioconductor (2.20.1)","GPL570","Anton,,Belousov","TTB Biostatistics","NCS-TTB","Roche","Nonnenwald 2","Penzberg","82377","Germany","ftp://ftp.ncbi.nlm.nih.gov/geo/samples/GSM1233nnn/GSM1233016/suppl/GSM1233016_CJL026_20081020.CEL.gz","54675","52","HER2+ CT","31.7","5100","40","0","32.61","ER-","27.59","HER2+","yes","30","4","6","40","2","post","0","10","11","pCR","60","33.82","PR-","0","Caucasian","13","20","neoadjuvant doxorubicin/paclitaxel (AT) followed by cyclophosphamide/methotrexate/fluorouracil (CMF)"
"GSM1233017","BreastCancer_S027","GSM1233017","Public on Jan 21 2014","Sep 17 2013","Jun 06 2022","RNA","1","breast cancer","Homo sapiens","centerid: 40","patid: 221","size_dissected_area: 40","percentage_tumor_cells: 70","cell_number_dissected: 22400","inflammatory_cells [%]: 10","invasive_tumor_area_size1 [mm]: 10","invasive_tumor_area_size2 [mm]: 4","invasive_tumor_cells [%]: 70","invasive_tumor_grade: 3","necrotic_cells [%]: 10","normal_epithelial_cells [%]: 0","preneoplastic_tumor_cells [%]: 0","stroma_cells [%]: 10","bgus.ct: 29.79","er.ct: 32.93","her2.ct: 23.91","pr.ct: 45.52","race: Caucasian","er: ER-","pr: PR-","her2: HER2+","arm: HER2+ CT H","treatment: neoadjuvant doxorubicin/paclitaxel (AT) followed by cyclophosphamide/methotrexate/fluorouracil (CMF) + Trastuzumab for 1 year","age: 60","ecog: 0","inflammatory.brca: no","menopausal.status: post","pcr: pCR","total RNA","Formalin-fixed, paraffin-embedded (FFPE) core biopsies were prospectively collected prior to treatment. The yield and purity of RNA was determined using a NanoDrop 1000 Spectrophotometer (Thermo Scientific). RNA integrity was measured using a Bioanalyzer (Agilent Technologies) with either the RNA Nano or Pico Kit, depending on sample concentration. The RNA Integrity Number (RIN) and average length of the RNA were used for sample characterization. mRNA integrity was measured using a semiquantitative reverse transcription-polymerase chain reaction assay (rtPCR). This assay is based on quantitative amplification of 5'- and 3'-end sequences of the housekeeping gene β-actin. Calculating the ratio of 3' to 5' amplicons allows for assessment of mRNA integrity: intact RNA transcripts exhibit a ratio of 1, while degraded RNA increases the ratio.","biotin","A Transcriptor First Strand cDNA Synthesis Kit (Roche) was used to prepare cDNA from 100 ng of total RNA, using an anchored oligo(dT)-primer followed by a subsequent amplification step with the SYBR Green I Master on a LightCycler® 480 instrument (Roche Applied Science). Formalin-fixed paraffin-embedded tumor (FFPET)-derived RNA was amplified with the WT-Ovation™ FFPE System V2 (NuGEN). Biotin labeling of the cDNA was performed using the FL-Ovation cDNA Biotin Module V2 (NuGEN).","9606","Hybridization of labeled probes on the Affymetrix GeneChip Human Genome U133 Plus 2.0 Array were conducted using the GeneChip® Hybridization, Wash, and Stain Kit (Affymetrix).","For this workflow a GeneChip Fluidics Station 450 and a GeneChip Scanner 3000 7G were used","R (3.0.1) & Bioconductor (2.20.1)","GPL570","Anton,,Belousov","TTB Biostatistics","NCS-TTB","Roche","Nonnenwald 2","Penzberg","82377","Germany","ftp://ftp.ncbi.nlm.nih.gov/geo/samples/GSM1233nnn/GSM1233017/suppl/GSM1233017_CJL027_20081020.CEL.gz","54675","60","HER2+ CT H","29.79","22400","40","0","32.93","ER-","23.91","HER2+","no","10","10","4","70","3","post","10","0","221","pCR","70","45.52","PR-","0","Caucasian","40","10","neoadjuvant doxorubicin/paclitaxel (AT) followed by cyclophosphamide/methotrexate/fluorouracil (CMF) + Trastuzumab for 1 year"
"GSM1233018","BreastCancer_S030","GSM1233018","Public on Jan 21 2014","Sep 17 2013","Jun 06 2022","RNA","1","breast cancer","Homo sapiens","centerid: 40","patid: 231","size_dissected_area: 40","percentage_tumor_cells: 70","cell_number_dissected: 22400","inflammatory_cells [%]: 10","invasive_tumor_area_size1 [mm]: 10","invasive_tumor_area_size2 [mm]: 4","invasive_tumor_cells [%]: 70","invasive_tumor_grade: 2","necrotic_cells [%]: 0","normal_epithelial_cells [%]: 0","preneoplastic_tumor_cells [%]: 0","stroma_cells [%]: 20","bgus.ct: 30.07","er.ct: 32.9","her2.ct: 26.88","pr.ct: 33.25","race: Caucasian","er: ER-","pr: PR-","her2: HER2+","arm: HER2+ CT","treatment: neoadjuvant doxorubicin/paclitaxel (AT) followed by cyclophosphamide/methotrexate/fluorouracil (CMF)","age: 55","ecog: 1","inflammatory.brca: no","menopausal.status: post","pcr: RD","total RNA","Formalin-fixed, paraffin-embedded (FFPE) core biopsies were prospectively collected prior to treatment. The yield and purity of RNA was determined using a NanoDrop 1000 Spectrophotometer (Thermo Scientific). RNA integrity was measured using a Bioanalyzer (Agilent Technologies) with either the RNA Nano or Pico Kit, depending on sample concentration. The RNA Integrity Number (RIN) and average length of the RNA were used for sample characterization. mRNA integrity was measured using a semiquantitative reverse transcription-polymerase chain reaction assay (rtPCR). This assay is based on quantitative amplification of 5'- and 3'-end sequences of the housekeeping gene β-actin. Calculating the ratio of 3' to 5' amplicons allows for assessment of mRNA integrity: intact RNA transcripts exhibit a ratio of 1, while degraded RNA increases the ratio.","biotin","A Transcriptor First Strand cDNA Synthesis Kit (Roche) was used to prepare cDNA from 100 ng of total RNA, using an anchored oligo(dT)-primer followed by a subsequent amplification step with the SYBR Green I Master on a LightCycler® 480 instrument (Roche Applied Science). Formalin-fixed paraffin-embedded tumor (FFPET)-derived RNA was amplified with the WT-Ovation™ FFPE System V2 (NuGEN). Biotin labeling of the cDNA was performed using the FL-Ovation cDNA Biotin Module V2 (NuGEN).","9606","Hybridization of labeled probes on the Affymetrix GeneChip Human Genome U133 Plus 2.0 Array were conducted using the GeneChip® Hybridization, Wash, and Stain Kit (Affymetrix).","For this workflow a GeneChip Fluidics Station 450 and a GeneChip Scanner 3000 7G were used","R (3.0.1) & Bioconductor (2.20.1)","GPL570","Anton,,Belousov","TTB Biostatistics","NCS-TTB","Roche","Nonnenwald 2","Penzberg","82377","Germany","ftp://ftp.ncbi.nlm.nih.gov/geo/samples/GSM1233nnn/GSM1233018/suppl/GSM1233018_CJL030_20081020.CEL.gz","54675","55","HER2+ CT","30.07","22400","40","1","32.9","ER-","26.88","HER2+","no","10","10","4","70","2","post","0","0","231","RD","70","33.25","PR-","0","Caucasian","40","20","neoadjuvant doxorubicin/paclitaxel (AT) followed by cyclophosphamide/methotrexate/fluorouracil (CMF)"
"GSM1233019","BreastCancer_S031","GSM1233019","Public on Jan 21 2014","Sep 17 2013","Jun 06 2022","RNA","1","breast cancer","Homo sapiens","centerid: 40","patid: 251","size_dissected_area: 90","percentage_tumor_cells: 70","cell_number_dissected: 50400","inflammatory_cells [%]: 15","invasive_tumor_area_size1 [mm]: 15","invasive_tumor_area_size2 [mm]: 6","invasive_tumor_cells [%]: 70","invasive_tumor_grade: 3","necrotic_cells [%]: 0","normal_epithelial_cells [%]: 5","preneoplastic_tumor_cells [%]: 0","stroma_cells [%]: 10","bgus.ct: 30.56","er.ct: 33.75","her2.ct: 26.55","pr.ct: 43.66","race: Caucasian","er: ER-","pr: PR-","her2: HER2+","arm: HER2+ CT","treatment: neoadjuvant doxorubicin/paclitaxel (AT) followed by cyclophosphamide/methotrexate/fluorouracil (CMF)","age: 56","ecog: 0","inflammatory.brca: no","menopausal.status: post","pcr: RD","total RNA","Formalin-fixed, paraffin-embedded (FFPE) core biopsies were prospectively collected prior to treatment. The yield and purity of RNA was determined using a NanoDrop 1000 Spectrophotometer (Thermo Scientific). RNA integrity was measured using a Bioanalyzer (Agilent Technologies) with either the RNA Nano or Pico Kit, depending on sample concentration. The RNA Integrity Number (RIN) and average length of the RNA were used for sample characterization. mRNA integrity was measured using a semiquantitative reverse transcription-polymerase chain reaction assay (rtPCR). This assay is based on quantitative amplification of 5'- and 3'-end sequences of the housekeeping gene β-actin. Calculating the ratio of 3' to 5' amplicons allows for assessment of mRNA integrity: intact RNA transcripts exhibit a ratio of 1, while degraded RNA increases the ratio.","biotin","A Transcriptor First Strand cDNA Synthesis Kit (Roche) was used to prepare cDNA from 100 ng of total RNA, using an anchored oligo(dT)-primer followed by a subsequent amplification step with the SYBR Green I Master on a LightCycler® 480 instrument (Roche Applied Science). Formalin-fixed paraffin-embedded tumor (FFPET)-derived RNA was amplified with the WT-Ovation™ FFPE System V2 (NuGEN). Biotin labeling of the cDNA was performed using the FL-Ovation cDNA Biotin Module V2 (NuGEN).","9606","Hybridization of labeled probes on the Affymetrix GeneChip Human Genome U133 Plus 2.0 Array were conducted using the GeneChip® Hybridization, Wash, and Stain Kit (Affymetrix).","For this workflow a GeneChip Fluidics Station 450 and a GeneChip Scanner 3000 7G were used","R (3.0.1) & Bioconductor (2.20.1)","GPL570","Anton,,Belousov","TTB Biostatistics","NCS-TTB","Roche","Nonnenwald 2","Penzberg","82377","Germany","ftp://ftp.ncbi.nlm.nih.gov/geo/samples/GSM1233nnn/GSM1233019/suppl/GSM1233019_CJL031_20081020.CEL.gz","54675","56","HER2+ CT","30.56","50400","40","0","33.75","ER-","26.55","HER2+","no","15","15","6","70","3","post","0","5","251","RD","70","43.66","PR-","0","Caucasian","90","10","neoadjuvant doxorubicin/paclitaxel (AT) followed by cyclophosphamide/methotrexate/fluorouracil (CMF)"
"GSM1233020","BreastCancer_S032","GSM1233020","Public on Jan 21 2014","Sep 17 2013","Jun 06 2022","RNA","1","breast cancer","Homo sapiens","centerid: 40","patid: 261","size_dissected_area: 7","percentage_tumor_cells: 40","cell_number_dissected: 1700","inflammatory_cells [%]: 10","invasive_tumor_area_size1 [mm]: 2","invasive_tumor_area_size2 [mm]: 4","invasive_tumor_cells [%]: 60","invasive_tumor_grade: 2","necrotic_cells [%]: 0","normal_epithelial_cells [%]: 10","preneoplastic_tumor_cells [%]: 10","stroma_cells [%]: 10","bgus.ct: 29.5","er.ct: 30.95","her2.ct: 24.45","pr.ct: 32.04","race: Caucasian","er: ER+","pr: PR-","her2: HER2+","arm: HER2+ CT H","treatment: neoadjuvant doxorubicin/paclitaxel (AT) followed by cyclophosphamide/methotrexate/fluorouracil (CMF) + Trastuzumab for 1 year","age: 59","ecog: 0","inflammatory.brca: no","menopausal.status: post","pcr: pCR","total RNA","Formalin-fixed, paraffin-embedded (FFPE) core biopsies were prospectively collected prior to treatment. The yield and purity of RNA was determined using a NanoDrop 1000 Spectrophotometer (Thermo Scientific). RNA integrity was measured using a Bioanalyzer (Agilent Technologies) with either the RNA Nano or Pico Kit, depending on sample concentration. The RNA Integrity Number (RIN) and average length of the RNA were used for sample characterization. mRNA integrity was measured using a semiquantitative reverse transcription-polymerase chain reaction assay (rtPCR). This assay is based on quantitative amplification of 5'- and 3'-end sequences of the housekeeping gene β-actin. Calculating the ratio of 3' to 5' amplicons allows for assessment of mRNA integrity: intact RNA transcripts exhibit a ratio of 1, while degraded RNA increases the ratio.","biotin","A Transcriptor First Strand cDNA Synthesis Kit (Roche) was used to prepare cDNA from 100 ng of total RNA, using an anchored oligo(dT)-primer followed by a subsequent amplification step with the SYBR Green I Master on a LightCycler® 480 instrument (Roche Applied Science). Formalin-fixed paraffin-embedded tumor (FFPET)-derived RNA was amplified with the WT-Ovation™ FFPE System V2 (NuGEN). Biotin labeling of the cDNA was performed using the FL-Ovation cDNA Biotin Module V2 (NuGEN).","9606","Hybridization of labeled probes on the Affymetrix GeneChip Human Genome U133 Plus 2.0 Array were conducted using the GeneChip® Hybridization, Wash, and Stain Kit (Affymetrix).","For this workflow a GeneChip Fluidics Station 450 and a GeneChip Scanner 3000 7G were used","R (3.0.1) & Bioconductor (2.20.1)","GPL570","Anton,,Belousov","TTB Biostatistics","NCS-TTB","Roche","Nonnenwald 2","Penzberg","82377","Germany","ftp://ftp.ncbi.nlm.nih.gov/geo/samples/GSM1233nnn/GSM1233020/suppl/GSM1233020_CJL032_20081020.CEL.gz","54675","59","HER2+ CT H","29.5","1700","40","0","30.95","ER+","24.45","HER2+","no","10","2","4","60","2","post","0","10","261","pCR","40","32.04","PR-","10","Caucasian","7","10","neoadjuvant doxorubicin/paclitaxel (AT) followed by cyclophosphamide/methotrexate/fluorouracil (CMF) + Trastuzumab for 1 year"
"GSM1233021","BreastCancer_S033","GSM1233021","Public on Jan 21 2014","Sep 17 2013","Jun 06 2022","RNA","1","breast cancer","Homo sapiens","centerid: 40","patid: 211","size_dissected_area: 12","percentage_tumor_cells: 55","cell_number_dissected: 4000","inflammatory_cells [%]: 10","invasive_tumor_area_size1 [mm]: 4","invasive_tumor_area_size2 [mm]: 10","invasive_tumor_cells [%]: 50","invasive_tumor_grade: 3","necrotic_cells [%]: 0","normal_epithelial_cells [%]: 0","preneoplastic_tumor_cells [%]: 0","stroma_cells [%]: 40","bgus.ct: 29.82","er.ct: 32.1","her2.ct: 25.2","pr.ct: 36.47","race: Caucasian","er: ER-","pr: PR-","her2: HER2+","arm: HER2+ CT","treatment: neoadjuvant doxorubicin/paclitaxel (AT) followed by cyclophosphamide/methotrexate/fluorouracil (CMF)","age: 66","ecog: 1","inflammatory.brca: no","menopausal.status: post","pcr: RD","total RNA","Formalin-fixed, paraffin-embedded (FFPE) core biopsies were prospectively collected prior to treatment. The yield and purity of RNA was determined using a NanoDrop 1000 Spectrophotometer (Thermo Scientific). RNA integrity was measured using a Bioanalyzer (Agilent Technologies) with either the RNA Nano or Pico Kit, depending on sample concentration. The RNA Integrity Number (RIN) and average length of the RNA were used for sample characterization. mRNA integrity was measured using a semiquantitative reverse transcription-polymerase chain reaction assay (rtPCR). This assay is based on quantitative amplification of 5'- and 3'-end sequences of the housekeeping gene β-actin. Calculating the ratio of 3' to 5' amplicons allows for assessment of mRNA integrity: intact RNA transcripts exhibit a ratio of 1, while degraded RNA increases the ratio.","biotin","A Transcriptor First Strand cDNA Synthesis Kit (Roche) was used to prepare cDNA from 100 ng of total RNA, using an anchored oligo(dT)-primer followed by a subsequent amplification step with the SYBR Green I Master on a LightCycler® 480 instrument (Roche Applied Science). Formalin-fixed paraffin-embedded tumor (FFPET)-derived RNA was amplified with the WT-Ovation™ FFPE System V2 (NuGEN). Biotin labeling of the cDNA was performed using the FL-Ovation cDNA Biotin Module V2 (NuGEN).","9606","Hybridization of labeled probes on the Affymetrix GeneChip Human Genome U133 Plus 2.0 Array were conducted using the GeneChip® Hybridization, Wash, and Stain Kit (Affymetrix).","For this workflow a GeneChip Fluidics Station 450 and a GeneChip Scanner 3000 7G were used","R (3.0.1) & Bioconductor (2.20.1)","GPL570","Anton,,Belousov","TTB Biostatistics","NCS-TTB","Roche","Nonnenwald 2","Penzberg","82377","Germany","ftp://ftp.ncbi.nlm.nih.gov/geo/samples/GSM1233nnn/GSM1233021/suppl/GSM1233021_CJL033_20081020.CEL.gz","54675","66","HER2+ CT","29.82","4000","40","1","32.1","ER-","25.2","HER2+","no","10","4","10","50","3","post","0","0","211","RD","55","36.47","PR-","0","Caucasian","12","40","neoadjuvant doxorubicin/paclitaxel (AT) followed by cyclophosphamide/methotrexate/fluorouracil (CMF)"
"GSM1233022","BreastCancer_S035","GSM1233022","Public on Jan 21 2014","Sep 17 2013","Jun 06 2022","RNA","1","breast cancer","Homo sapiens","centerid: 40","patid: 241","size_dissected_area: 3","percentage_tumor_cells: 70","cell_number_dissected: 1300","inflammatory_cells [%]: 10","invasive_tumor_area_size1 [mm]: 2","invasive_tumor_area_size2 [mm]: 4","invasive_tumor_cells [%]: 80","invasive_tumor_grade: 3","necrotic_cells [%]: 0","normal_epithelial_cells [%]: 0","preneoplastic_tumor_cells [%]: 0","stroma_cells [%]: 10","bgus.ct: 31.02","er.ct: 32.89","her2.ct: 26.32","pr.ct: 41.91","race: Caucasian","er: ER-","pr: PR-","her2: HER2+","arm: HER2+ CT H","treatment: neoadjuvant doxorubicin/paclitaxel (AT) followed by cyclophosphamide/methotrexate/fluorouracil (CMF) + Trastuzumab for 1 year","age: 54","ecog: 0","inflammatory.brca: no","menopausal.status: post","pcr: pCR","total RNA","Formalin-fixed, paraffin-embedded (FFPE) core biopsies were prospectively collected prior to treatment. The yield and purity of RNA was determined using a NanoDrop 1000 Spectrophotometer (Thermo Scientific). RNA integrity was measured using a Bioanalyzer (Agilent Technologies) with either the RNA Nano or Pico Kit, depending on sample concentration. The RNA Integrity Number (RIN) and average length of the RNA were used for sample characterization. mRNA integrity was measured using a semiquantitative reverse transcription-polymerase chain reaction assay (rtPCR). This assay is based on quantitative amplification of 5'- and 3'-end sequences of the housekeeping gene β-actin. Calculating the ratio of 3' to 5' amplicons allows for assessment of mRNA integrity: intact RNA transcripts exhibit a ratio of 1, while degraded RNA increases the ratio.","biotin","A Transcriptor First Strand cDNA Synthesis Kit (Roche) was used to prepare cDNA from 100 ng of total RNA, using an anchored oligo(dT)-primer followed by a subsequent amplification step with the SYBR Green I Master on a LightCycler® 480 instrument (Roche Applied Science). Formalin-fixed paraffin-embedded tumor (FFPET)-derived RNA was amplified with the WT-Ovation™ FFPE System V2 (NuGEN). Biotin labeling of the cDNA was performed using the FL-Ovation cDNA Biotin Module V2 (NuGEN).","9606","Hybridization of labeled probes on the Affymetrix GeneChip Human Genome U133 Plus 2.0 Array were conducted using the GeneChip® Hybridization, Wash, and Stain Kit (Affymetrix).","For this workflow a GeneChip Fluidics Station 450 and a GeneChip Scanner 3000 7G were used","R (3.0.1) & Bioconductor (2.20.1)","GPL570","Anton,,Belousov","TTB Biostatistics","NCS-TTB","Roche","Nonnenwald 2","Penzberg","82377","Germany","ftp://ftp.ncbi.nlm.nih.gov/geo/samples/GSM1233nnn/GSM1233022/suppl/GSM1233022_CJL035_20081020.CEL.gz","54675","54","HER2+ CT H","31.02","1300","40","0","32.89","ER-","26.32","HER2+","no","10","2","4","80","3","post","0","0","241","pCR","70","41.91","PR-","0","Caucasian","3","10","neoadjuvant doxorubicin/paclitaxel (AT) followed by cyclophosphamide/methotrexate/fluorouracil (CMF) + Trastuzumab for 1 year"
"GSM1233023","BreastCancer_S036","GSM1233023","Public on Jan 21 2014","Sep 17 2013","Jun 06 2022","RNA","1","breast cancer","Homo sapiens","centerid: 40","patid: 421","size_dissected_area: 6","percentage_tumor_cells: 80","cell_number_dissected: 2900","inflammatory_cells [%]: 10","invasive_tumor_area_size1 [mm]: 4","invasive_tumor_area_size2 [mm]: 2","invasive_tumor_cells [%]: 70","invasive_tumor_grade: 3","necrotic_cells [%]: 0","normal_epithelial_cells [%]: 10","preneoplastic_tumor_cells [%]: 0","stroma_cells [%]: 10","bgus.ct: 31.45","er.ct: 32.57","her2.ct: 26.47","pr.ct: 33.41","race: Caucasian","er: ER+","pr: PR-","her2: HER2+","arm: HER2+ CT H","treatment: neoadjuvant doxorubicin/paclitaxel (AT) followed by cyclophosphamide/methotrexate/fluorouracil (CMF) + Trastuzumab for 1 year","age: 51","ecog: 0","inflammatory.brca: no","menopausal.status: post","pcr: RD","total RNA","Formalin-fixed, paraffin-embedded (FFPE) core biopsies were prospectively collected prior to treatment. The yield and purity of RNA was determined using a NanoDrop 1000 Spectrophotometer (Thermo Scientific). RNA integrity was measured using a Bioanalyzer (Agilent Technologies) with either the RNA Nano or Pico Kit, depending on sample concentration. The RNA Integrity Number (RIN) and average length of the RNA were used for sample characterization. mRNA integrity was measured using a semiquantitative reverse transcription-polymerase chain reaction assay (rtPCR). This assay is based on quantitative amplification of 5'- and 3'-end sequences of the housekeeping gene β-actin. Calculating the ratio of 3' to 5' amplicons allows for assessment of mRNA integrity: intact RNA transcripts exhibit a ratio of 1, while degraded RNA increases the ratio.","biotin","A Transcriptor First Strand cDNA Synthesis Kit (Roche) was used to prepare cDNA from 100 ng of total RNA, using an anchored oligo(dT)-primer followed by a subsequent amplification step with the SYBR Green I Master on a LightCycler® 480 instrument (Roche Applied Science). Formalin-fixed paraffin-embedded tumor (FFPET)-derived RNA was amplified with the WT-Ovation™ FFPE System V2 (NuGEN). Biotin labeling of the cDNA was performed using the FL-Ovation cDNA Biotin Module V2 (NuGEN).","9606","Hybridization of labeled probes on the Affymetrix GeneChip Human Genome U133 Plus 2.0 Array were conducted using the GeneChip® Hybridization, Wash, and Stain Kit (Affymetrix).","For this workflow a GeneChip Fluidics Station 450 and a GeneChip Scanner 3000 7G were used","R (3.0.1) & Bioconductor (2.20.1)","GPL570","Anton,,Belousov","TTB Biostatistics","NCS-TTB","Roche","Nonnenwald 2","Penzberg","82377","Germany","ftp://ftp.ncbi.nlm.nih.gov/geo/samples/GSM1233nnn/GSM1233023/suppl/GSM1233023_CJL036_20081020.CEL.gz","54675","51","HER2+ CT H","31.45","2900","40","0","32.57","ER+","26.47","HER2+","no","10","4","2","70","3","post","0","10","421","RD","80","33.41","PR-","0","Caucasian","6","10","neoadjuvant doxorubicin/paclitaxel (AT) followed by cyclophosphamide/methotrexate/fluorouracil (CMF) + Trastuzumab for 1 year"
"GSM1233024","BreastCancer_S037","GSM1233024","Public on Jan 21 2014","Sep 17 2013","Jun 06 2022","RNA","1","breast cancer","Homo sapiens","centerid: 40","patid: 411","size_dissected_area: 10","percentage_tumor_cells: 50","cell_number_dissected: 3000","inflammatory_cells [%]: 20","invasive_tumor_area_size1 [mm]: 2","invasive_tumor_area_size2 [mm]: 7","invasive_tumor_cells [%]: 70","invasive_tumor_grade: 2","necrotic_cells [%]: 0","normal_epithelial_cells [%]: 0","preneoplastic_tumor_cells [%]: 0","stroma_cells [%]: 10","bgus.ct: 30.45","er.ct: 32.97","her2.ct: 27.24","pr.ct: 45.27","race: Caucasian","er: ER-","pr: PR-","her2: HER2+","arm: HER2+ CT","treatment: neoadjuvant doxorubicin/paclitaxel (AT) followed by cyclophosphamide/methotrexate/fluorouracil (CMF)","age: 46","ecog: 0","inflammatory.brca: no","menopausal.status: pre","pcr: pCR","total RNA","Formalin-fixed, paraffin-embedded (FFPE) core biopsies were prospectively collected prior to treatment. The yield and purity of RNA was determined using a NanoDrop 1000 Spectrophotometer (Thermo Scientific). RNA integrity was measured using a Bioanalyzer (Agilent Technologies) with either the RNA Nano or Pico Kit, depending on sample concentration. The RNA Integrity Number (RIN) and average length of the RNA were used for sample characterization. mRNA integrity was measured using a semiquantitative reverse transcription-polymerase chain reaction assay (rtPCR). This assay is based on quantitative amplification of 5'- and 3'-end sequences of the housekeeping gene β-actin. Calculating the ratio of 3' to 5' amplicons allows for assessment of mRNA integrity: intact RNA transcripts exhibit a ratio of 1, while degraded RNA increases the ratio.","biotin","A Transcriptor First Strand cDNA Synthesis Kit (Roche) was used to prepare cDNA from 100 ng of total RNA, using an anchored oligo(dT)-primer followed by a subsequent amplification step with the SYBR Green I Master on a LightCycler® 480 instrument (Roche Applied Science). Formalin-fixed paraffin-embedded tumor (FFPET)-derived RNA was amplified with the WT-Ovation™ FFPE System V2 (NuGEN). Biotin labeling of the cDNA was performed using the FL-Ovation cDNA Biotin Module V2 (NuGEN).","9606","Hybridization of labeled probes on the Affymetrix GeneChip Human Genome U133 Plus 2.0 Array were conducted using the GeneChip® Hybridization, Wash, and Stain Kit (Affymetrix).","For this workflow a GeneChip Fluidics Station 450 and a GeneChip Scanner 3000 7G were used","R (3.0.1) & Bioconductor (2.20.1)","GPL570","Anton,,Belousov","TTB Biostatistics","NCS-TTB","Roche","Nonnenwald 2","Penzberg","82377","Germany","ftp://ftp.ncbi.nlm.nih.gov/geo/samples/GSM1233nnn/GSM1233024/suppl/GSM1233024_CJL037_20081020.CEL.gz","54675","46","HER2+ CT","30.45","3000","40","0","32.97","ER-","27.24","HER2+","no","20","2","7","70","2","pre","0","0","411","pCR","50","45.27","PR-","0","Caucasian","10","10","neoadjuvant doxorubicin/paclitaxel (AT) followed by cyclophosphamide/methotrexate/fluorouracil (CMF)"
"GSM1233025","BreastCancer_S038","GSM1233025","Public on Jan 21 2014","Sep 17 2013","Jun 06 2022","RNA","1","breast cancer","Homo sapiens","centerid: 40","patid: 521","size_dissected_area: 11","percentage_tumor_cells: 20","cell_number_dissected: 1300","inflammatory_cells [%]: 10","invasive_tumor_area_size1 [mm]: 2","invasive_tumor_area_size2 [mm]: 2","invasive_tumor_cells [%]: 40","invasive_tumor_grade: 2","necrotic_cells [%]: 0","normal_epithelial_cells [%]: 10","preneoplastic_tumor_cells [%]: 20","stroma_cells [%]: 20","bgus.ct: 32.38","er.ct: 32.69","her2.ct: 28.89","pr.ct: 37.57","race: Caucasian","er: ER-","pr: PR-","her2: HER2+","arm: HER2+ CT","treatment: neoadjuvant doxorubicin/paclitaxel (AT) followed by cyclophosphamide/methotrexate/fluorouracil (CMF)","age: 45","ecog: 1","inflammatory.brca: yes","menopausal.status: pre","pcr: RD","total RNA","Formalin-fixed, paraffin-embedded (FFPE) core biopsies were prospectively collected prior to treatment. The yield and purity of RNA was determined using a NanoDrop 1000 Spectrophotometer (Thermo Scientific). RNA integrity was measured using a Bioanalyzer (Agilent Technologies) with either the RNA Nano or Pico Kit, depending on sample concentration. The RNA Integrity Number (RIN) and average length of the RNA were used for sample characterization. mRNA integrity was measured using a semiquantitative reverse transcription-polymerase chain reaction assay (rtPCR). This assay is based on quantitative amplification of 5'- and 3'-end sequences of the housekeeping gene β-actin. Calculating the ratio of 3' to 5' amplicons allows for assessment of mRNA integrity: intact RNA transcripts exhibit a ratio of 1, while degraded RNA increases the ratio.","biotin","A Transcriptor First Strand cDNA Synthesis Kit (Roche) was used to prepare cDNA from 100 ng of total RNA, using an anchored oligo(dT)-primer followed by a subsequent amplification step with the SYBR Green I Master on a LightCycler® 480 instrument (Roche Applied Science). Formalin-fixed paraffin-embedded tumor (FFPET)-derived RNA was amplified with the WT-Ovation™ FFPE System V2 (NuGEN). Biotin labeling of the cDNA was performed using the FL-Ovation cDNA Biotin Module V2 (NuGEN).","9606","Hybridization of labeled probes on the Affymetrix GeneChip Human Genome U133 Plus 2.0 Array were conducted using the GeneChip® Hybridization, Wash, and Stain Kit (Affymetrix).","For this workflow a GeneChip Fluidics Station 450 and a GeneChip Scanner 3000 7G were used","R (3.0.1) & Bioconductor (2.20.1)","GPL570","Anton,,Belousov","TTB Biostatistics","NCS-TTB","Roche","Nonnenwald 2","Penzberg","82377","Germany","ftp://ftp.ncbi.nlm.nih.gov/geo/samples/GSM1233nnn/GSM1233025/suppl/GSM1233025_CJL038_20081020.CEL.gz","54675","45","HER2+ CT","32.38","1300","40","1","32.69","ER-","28.89","HER2+","yes","10","2","2","40","2","pre","0","10","521","RD","20","37.57","PR-","20","Caucasian","11","20","neoadjuvant doxorubicin/paclitaxel (AT) followed by cyclophosphamide/methotrexate/fluorouracil (CMF)"
"GSM1233026","BreastCancer_S039","GSM1233026","Public on Jan 21 2014","Sep 17 2013","Jun 06 2022","RNA","1","breast cancer","Homo sapiens","centerid: 40","patid: 401","size_dissected_area: 14","percentage_tumor_cells: 45","cell_number_dissected: 3800","inflammatory_cells [%]: 10","invasive_tumor_area_size1 [mm]: 4","invasive_tumor_area_size2 [mm]: 5","invasive_tumor_cells [%]: 80","invasive_tumor_grade: 2","necrotic_cells [%]: 0","normal_epithelial_cells [%]: 0","preneoplastic_tumor_cells [%]: 0","stroma_cells [%]: 10","bgus.ct: 32.32","er.ct: 33.15","her2.ct: 27.17","pr.ct: 45.27","race: Caucasian","er: ER-","pr: PR-","her2: HER2+","arm: HER2+ CT H","treatment: neoadjuvant doxorubicin/paclitaxel (AT) followed by cyclophosphamide/methotrexate/fluorouracil (CMF) + Trastuzumab for 1 year","age: 48","ecog: 0","inflammatory.brca: yes","menopausal.status: pre","pcr: pCR","total RNA","Formalin-fixed, paraffin-embedded (FFPE) core biopsies were prospectively collected prior to treatment. The yield and purity of RNA was determined using a NanoDrop 1000 Spectrophotometer (Thermo Scientific). RNA integrity was measured using a Bioanalyzer (Agilent Technologies) with either the RNA Nano or Pico Kit, depending on sample concentration. The RNA Integrity Number (RIN) and average length of the RNA were used for sample characterization. mRNA integrity was measured using a semiquantitative reverse transcription-polymerase chain reaction assay (rtPCR). This assay is based on quantitative amplification of 5'- and 3'-end sequences of the housekeeping gene β-actin. Calculating the ratio of 3' to 5' amplicons allows for assessment of mRNA integrity: intact RNA transcripts exhibit a ratio of 1, while degraded RNA increases the ratio.","biotin","A Transcriptor First Strand cDNA Synthesis Kit (Roche) was used to prepare cDNA from 100 ng of total RNA, using an anchored oligo(dT)-primer followed by a subsequent amplification step with the SYBR Green I Master on a LightCycler® 480 instrument (Roche Applied Science). Formalin-fixed paraffin-embedded tumor (FFPET)-derived RNA was amplified with the WT-Ovation™ FFPE System V2 (NuGEN). Biotin labeling of the cDNA was performed using the FL-Ovation cDNA Biotin Module V2 (NuGEN).","9606","Hybridization of labeled probes on the Affymetrix GeneChip Human Genome U133 Plus 2.0 Array were conducted using the GeneChip® Hybridization, Wash, and Stain Kit (Affymetrix).","For this workflow a GeneChip Fluidics Station 450 and a GeneChip Scanner 3000 7G were used","R (3.0.1) & Bioconductor (2.20.1)","GPL570","Anton,,Belousov","TTB Biostatistics","NCS-TTB","Roche","Nonnenwald 2","Penzberg","82377","Germany","ftp://ftp.ncbi.nlm.nih.gov/geo/samples/GSM1233nnn/GSM1233026/suppl/GSM1233026_CJL039_20081027.CEL.gz","54675","48","HER2+ CT H","32.32","3800","40","0","33.15","ER-","27.17","HER2+","yes","10","4","5","80","2","pre","0","0","401","pCR","45","45.27","PR-","0","Caucasian","14","10","neoadjuvant doxorubicin/paclitaxel (AT) followed by cyclophosphamide/methotrexate/fluorouracil (CMF) + Trastuzumab for 1 year"
"GSM1233027","BreastCancer_S040","GSM1233027","Public on Jan 21 2014","Sep 17 2013","Jun 06 2022","RNA","1","breast cancer","Homo sapiens","centerid: 40","patid: 511","size_dissected_area: 9","percentage_tumor_cells: 30","cell_number_dissected: 1600","inflammatory_cells [%]: 10","invasive_tumor_area_size1 [mm]: 4","invasive_tumor_area_size2 [mm]: 2","invasive_tumor_cells [%]: 60","invasive_tumor_grade: 2","necrotic_cells [%]: 10","normal_epithelial_cells [%]: 0","preneoplastic_tumor_cells [%]: 10","stroma_cells [%]: 10","bgus.ct: 30.04","er.ct: 32.34","her2.ct: 26.26","pr.ct: 39.19","race: Caucasian","er: ER-","pr: PR-","her2: HER2+","arm: HER2+ CT H","treatment: neoadjuvant doxorubicin/paclitaxel (AT) followed by cyclophosphamide/methotrexate/fluorouracil (CMF) + Trastuzumab for 1 year","age: 52","ecog: 0","inflammatory.brca: no","menopausal.status: pre","pcr: RD","total RNA","Formalin-fixed, paraffin-embedded (FFPE) core biopsies were prospectively collected prior to treatment. The yield and purity of RNA was determined using a NanoDrop 1000 Spectrophotometer (Thermo Scientific). RNA integrity was measured using a Bioanalyzer (Agilent Technologies) with either the RNA Nano or Pico Kit, depending on sample concentration. The RNA Integrity Number (RIN) and average length of the RNA were used for sample characterization. mRNA integrity was measured using a semiquantitative reverse transcription-polymerase chain reaction assay (rtPCR). This assay is based on quantitative amplification of 5'- and 3'-end sequences of the housekeeping gene β-actin. Calculating the ratio of 3' to 5' amplicons allows for assessment of mRNA integrity: intact RNA transcripts exhibit a ratio of 1, while degraded RNA increases the ratio.","biotin","A Transcriptor First Strand cDNA Synthesis Kit (Roche) was used to prepare cDNA from 100 ng of total RNA, using an anchored oligo(dT)-primer followed by a subsequent amplification step with the SYBR Green I Master on a LightCycler® 480 instrument (Roche Applied Science). Formalin-fixed paraffin-embedded tumor (FFPET)-derived RNA was amplified with the WT-Ovation™ FFPE System V2 (NuGEN). Biotin labeling of the cDNA was performed using the FL-Ovation cDNA Biotin Module V2 (NuGEN).","9606","Hybridization of labeled probes on the Affymetrix GeneChip Human Genome U133 Plus 2.0 Array were conducted using the GeneChip® Hybridization, Wash, and Stain Kit (Affymetrix).","For this workflow a GeneChip Fluidics Station 450 and a GeneChip Scanner 3000 7G were used","R (3.0.1) & Bioconductor (2.20.1)","GPL570","Anton,,Belousov","TTB Biostatistics","NCS-TTB","Roche","Nonnenwald 2","Penzberg","82377","Germany","ftp://ftp.ncbi.nlm.nih.gov/geo/samples/GSM1233nnn/GSM1233027/suppl/GSM1233027_CJL040_20081020.CEL.gz","54675","52","HER2+ CT H","30.04","1600","40","0","32.34","ER-","26.26","HER2+","no","10","4","2","60","2","pre","10","0","511","RD","30","39.19","PR-","10","Caucasian","9","10","neoadjuvant doxorubicin/paclitaxel (AT) followed by cyclophosphamide/methotrexate/fluorouracil (CMF) + Trastuzumab for 1 year"
"GSM1233028","BreastCancer_S042","GSM1233028","Public on Jan 21 2014","Sep 17 2013","Jun 06 2022","RNA","1","breast cancer","Homo sapiens","centerid: 40","patid: 451","size_dissected_area: 36","percentage_tumor_cells: 80","cell_number_dissected: 23040","inflammatory_cells [%]: 10","invasive_tumor_area_size1 [mm]: 4","invasive_tumor_area_size2 [mm]: 9","invasive_tumor_cells [%]: 80","invasive_tumor_grade: 2","necrotic_cells [%]: 0","normal_epithelial_cells [%]: 0","preneoplastic_tumor_cells [%]: 0","stroma_cells [%]: 10","bgus.ct: 31.35","er.ct: 0","her2.ct: 27.88","pr.ct: 40.42","race: Caucasian","er: ER-","pr: PR-","her2: HER2+","arm: HER2+ CT H","treatment: neoadjuvant doxorubicin/paclitaxel (AT) followed by cyclophosphamide/methotrexate/fluorouracil (CMF) + Trastuzumab for 1 year","age: 64","ecog: 0","inflammatory.brca: no","menopausal.status: post","pcr: pCR","total RNA","Formalin-fixed, paraffin-embedded (FFPE) core biopsies were prospectively collected prior to treatment. The yield and purity of RNA was determined using a NanoDrop 1000 Spectrophotometer (Thermo Scientific). RNA integrity was measured using a Bioanalyzer (Agilent Technologies) with either the RNA Nano or Pico Kit, depending on sample concentration. The RNA Integrity Number (RIN) and average length of the RNA were used for sample characterization. mRNA integrity was measured using a semiquantitative reverse transcription-polymerase chain reaction assay (rtPCR). This assay is based on quantitative amplification of 5'- and 3'-end sequences of the housekeeping gene β-actin. Calculating the ratio of 3' to 5' amplicons allows for assessment of mRNA integrity: intact RNA transcripts exhibit a ratio of 1, while degraded RNA increases the ratio.","biotin","A Transcriptor First Strand cDNA Synthesis Kit (Roche) was used to prepare cDNA from 100 ng of total RNA, using an anchored oligo(dT)-primer followed by a subsequent amplification step with the SYBR Green I Master on a LightCycler® 480 instrument (Roche Applied Science). Formalin-fixed paraffin-embedded tumor (FFPET)-derived RNA was amplified with the WT-Ovation™ FFPE System V2 (NuGEN). Biotin labeling of the cDNA was performed using the FL-Ovation cDNA Biotin Module V2 (NuGEN).","9606","Hybridization of labeled probes on the Affymetrix GeneChip Human Genome U133 Plus 2.0 Array were conducted using the GeneChip® Hybridization, Wash, and Stain Kit (Affymetrix).","For this workflow a GeneChip Fluidics Station 450 and a GeneChip Scanner 3000 7G were used","R (3.0.1) & Bioconductor (2.20.1)","GPL570","Anton,,Belousov","TTB Biostatistics","NCS-TTB","Roche","Nonnenwald 2","Penzberg","82377","Germany","ftp://ftp.ncbi.nlm.nih.gov/geo/samples/GSM1233nnn/GSM1233028/suppl/GSM1233028_CJL042_20081020.CEL.gz","54675","64","HER2+ CT H","31.35","23040","40","0","0","ER-","27.88","HER2+","no","10","4","9","80","2","post","0","0","451","pCR","80","40.42","PR-","0","Caucasian","36","10","neoadjuvant doxorubicin/paclitaxel (AT) followed by cyclophosphamide/methotrexate/fluorouracil (CMF) + Trastuzumab for 1 year"
"GSM1233029","BreastCancer_S043","GSM1233029","Public on Jan 21 2014","Sep 17 2013","Jun 06 2022","RNA","1","breast cancer","Homo sapiens","centerid: 40","patid: 441","size_dissected_area: 20","percentage_tumor_cells: 80","cell_number_dissected: 12800","inflammatory_cells [%]: 10","invasive_tumor_area_size1 [mm]: 4","invasive_tumor_area_size2 [mm]: 5","invasive_tumor_cells [%]: 80","invasive_tumor_grade: 2","necrotic_cells [%]: 0","normal_epithelial_cells [%]: 0","preneoplastic_tumor_cells [%]: 0","stroma_cells [%]: 10","bgus.ct: 31.17","er.ct: 36.97","her2.ct: 25.7","pr.ct: 43.2","race: Caucasian","er: ER-","pr: PR-","her2: HER2+","arm: HER2+ CT","treatment: neoadjuvant doxorubicin/paclitaxel (AT) followed by cyclophosphamide/methotrexate/fluorouracil (CMF)","age: 67","ecog: 0","inflammatory.brca: no","menopausal.status: post","pcr: RD","total RNA","Formalin-fixed, paraffin-embedded (FFPE) core biopsies were prospectively collected prior to treatment. The yield and purity of RNA was determined using a NanoDrop 1000 Spectrophotometer (Thermo Scientific). RNA integrity was measured using a Bioanalyzer (Agilent Technologies) with either the RNA Nano or Pico Kit, depending on sample concentration. The RNA Integrity Number (RIN) and average length of the RNA were used for sample characterization. mRNA integrity was measured using a semiquantitative reverse transcription-polymerase chain reaction assay (rtPCR). This assay is based on quantitative amplification of 5'- and 3'-end sequences of the housekeeping gene β-actin. Calculating the ratio of 3' to 5' amplicons allows for assessment of mRNA integrity: intact RNA transcripts exhibit a ratio of 1, while degraded RNA increases the ratio.","biotin","A Transcriptor First Strand cDNA Synthesis Kit (Roche) was used to prepare cDNA from 100 ng of total RNA, using an anchored oligo(dT)-primer followed by a subsequent amplification step with the SYBR Green I Master on a LightCycler® 480 instrument (Roche Applied Science). Formalin-fixed paraffin-embedded tumor (FFPET)-derived RNA was amplified with the WT-Ovation™ FFPE System V2 (NuGEN). Biotin labeling of the cDNA was performed using the FL-Ovation cDNA Biotin Module V2 (NuGEN).","9606","Hybridization of labeled probes on the Affymetrix GeneChip Human Genome U133 Plus 2.0 Array were conducted using the GeneChip® Hybridization, Wash, and Stain Kit (Affymetrix).","For this workflow a GeneChip Fluidics Station 450 and a GeneChip Scanner 3000 7G were used","R (3.0.1) & Bioconductor (2.20.1)","GPL570","Anton,,Belousov","TTB Biostatistics","NCS-TTB","Roche","Nonnenwald 2","Penzberg","82377","Germany","ftp://ftp.ncbi.nlm.nih.gov/geo/samples/GSM1233nnn/GSM1233029/suppl/GSM1233029_CJL043_20081020.CEL.gz","54675","67","HER2+ CT","31.17","12800","40","0","36.97","ER-","25.7","HER2+","no","10","4","5","80","2","post","0","0","441","RD","80","43.2","PR-","0","Caucasian","20","10","neoadjuvant doxorubicin/paclitaxel (AT) followed by cyclophosphamide/methotrexate/fluorouracil (CMF)"
"GSM1233030","BreastCancer_S045","GSM1233030","Public on Jan 21 2014","Sep 17 2013","Jun 06 2022","RNA","1","breast cancer","Homo sapiens","centerid: 40","patid: 471","size_dissected_area: 30","percentage_tumor_cells: 70","cell_number_dissected: 16800","inflammatory_cells [%]: 10","invasive_tumor_area_size1 [mm]: 6","invasive_tumor_area_size2 [mm]: 5","invasive_tumor_cells [%]: 70","invasive_tumor_grade: 2","necrotic_cells [%]: 0","normal_epithelial_cells [%]: 0","preneoplastic_tumor_cells [%]: 0","stroma_cells [%]: 20","bgus.ct: 31.17","er.ct: 32.85","her2.ct: 27.46","pr.ct: 44.65","race: Caucasian","er: ER-","pr: PR-","her2: HER2+","arm: HER2+ CT","treatment: neoadjuvant doxorubicin/paclitaxel (AT) followed by cyclophosphamide/methotrexate/fluorouracil (CMF)","age: 59","ecog: 1","inflammatory.brca: yes","menopausal.status: post","pcr: RD","total RNA","Formalin-fixed, paraffin-embedded (FFPE) core biopsies were prospectively collected prior to treatment. The yield and purity of RNA was determined using a NanoDrop 1000 Spectrophotometer (Thermo Scientific). RNA integrity was measured using a Bioanalyzer (Agilent Technologies) with either the RNA Nano or Pico Kit, depending on sample concentration. The RNA Integrity Number (RIN) and average length of the RNA were used for sample characterization. mRNA integrity was measured using a semiquantitative reverse transcription-polymerase chain reaction assay (rtPCR). This assay is based on quantitative amplification of 5'- and 3'-end sequences of the housekeeping gene β-actin. Calculating the ratio of 3' to 5' amplicons allows for assessment of mRNA integrity: intact RNA transcripts exhibit a ratio of 1, while degraded RNA increases the ratio.","biotin","A Transcriptor First Strand cDNA Synthesis Kit (Roche) was used to prepare cDNA from 100 ng of total RNA, using an anchored oligo(dT)-primer followed by a subsequent amplification step with the SYBR Green I Master on a LightCycler® 480 instrument (Roche Applied Science). Formalin-fixed paraffin-embedded tumor (FFPET)-derived RNA was amplified with the WT-Ovation™ FFPE System V2 (NuGEN). Biotin labeling of the cDNA was performed using the FL-Ovation cDNA Biotin Module V2 (NuGEN).","9606","Hybridization of labeled probes on the Affymetrix GeneChip Human Genome U133 Plus 2.0 Array were conducted using the GeneChip® Hybridization, Wash, and Stain Kit (Affymetrix).","For this workflow a GeneChip Fluidics Station 450 and a GeneChip Scanner 3000 7G were used","R (3.0.1) & Bioconductor (2.20.1)","GPL570","Anton,,Belousov","TTB Biostatistics","NCS-TTB","Roche","Nonnenwald 2","Penzberg","82377","Germany","ftp://ftp.ncbi.nlm.nih.gov/geo/samples/GSM1233nnn/GSM1233030/suppl/GSM1233030_CJL045_20081027.CEL.gz","54675","59","HER2+ CT","31.17","16800","40","1","32.85","ER-","27.46","HER2+","yes","10","6","5","70","2","post","0","0","471","RD","70","44.65","PR-","0","Caucasian","30","20","neoadjuvant doxorubicin/paclitaxel (AT) followed by cyclophosphamide/methotrexate/fluorouracil (CMF)"
"GSM1233031","BreastCancer_S046","GSM1233031","Public on Jan 21 2014","Sep 17 2013","Jun 06 2022","RNA","1","breast cancer","Homo sapiens","centerid: 24","patid: 61","size_dissected_area: 18","percentage_tumor_cells: 80","cell_number_dissected: 8600","inflammatory_cells [%]: 10","invasive_tumor_area_size1 [mm]: 5","invasive_tumor_area_size2 [mm]: 2","invasive_tumor_cells [%]: 50","invasive_tumor_grade: 3","necrotic_cells [%]: 10","normal_epithelial_cells [%]: 0","preneoplastic_tumor_cells [%]: 0","stroma_cells [%]: 30","bgus.ct: 31.16","er.ct: 36.6","her2.ct: 26.82","pr.ct: 44.81","race: Caucasian","er: ER-","pr: PR-","her2: HER2+","arm: HER2+ CT","treatment: neoadjuvant doxorubicin/paclitaxel (AT) followed by cyclophosphamide/methotrexate/fluorouracil (CMF)","age: 63","ecog: 1","inflammatory.brca: no","menopausal.status: post","pcr: RD","total RNA","Formalin-fixed, paraffin-embedded (FFPE) core biopsies were prospectively collected prior to treatment. The yield and purity of RNA was determined using a NanoDrop 1000 Spectrophotometer (Thermo Scientific). RNA integrity was measured using a Bioanalyzer (Agilent Technologies) with either the RNA Nano or Pico Kit, depending on sample concentration. The RNA Integrity Number (RIN) and average length of the RNA were used for sample characterization. mRNA integrity was measured using a semiquantitative reverse transcription-polymerase chain reaction assay (rtPCR). This assay is based on quantitative amplification of 5'- and 3'-end sequences of the housekeeping gene β-actin. Calculating the ratio of 3' to 5' amplicons allows for assessment of mRNA integrity: intact RNA transcripts exhibit a ratio of 1, while degraded RNA increases the ratio.","biotin","A Transcriptor First Strand cDNA Synthesis Kit (Roche) was used to prepare cDNA from 100 ng of total RNA, using an anchored oligo(dT)-primer followed by a subsequent amplification step with the SYBR Green I Master on a LightCycler® 480 instrument (Roche Applied Science). Formalin-fixed paraffin-embedded tumor (FFPET)-derived RNA was amplified with the WT-Ovation™ FFPE System V2 (NuGEN). Biotin labeling of the cDNA was performed using the FL-Ovation cDNA Biotin Module V2 (NuGEN).","9606","Hybridization of labeled probes on the Affymetrix GeneChip Human Genome U133 Plus 2.0 Array were conducted using the GeneChip® Hybridization, Wash, and Stain Kit (Affymetrix).","For this workflow a GeneChip Fluidics Station 450 and a GeneChip Scanner 3000 7G were used","R (3.0.1) & Bioconductor (2.20.1)","GPL570","Anton,,Belousov","TTB Biostatistics","NCS-TTB","Roche","Nonnenwald 2","Penzberg","82377","Germany","ftp://ftp.ncbi.nlm.nih.gov/geo/samples/GSM1233nnn/GSM1233031/suppl/GSM1233031_CJL046_20081027.CEL.gz","54675","63","HER2+ CT","31.16","8600","24","1","36.6","ER-","26.82","HER2+","no","10","5","2","50","3","post","10","0","61","RD","80","44.81","PR-","0","Caucasian","18","30","neoadjuvant doxorubicin/paclitaxel (AT) followed by cyclophosphamide/methotrexate/fluorouracil (CMF)"
"GSM1233032","BreastCancer_S047","GSM1233032","Public on Jan 21 2014","Sep 17 2013","Jun 06 2022","RNA","1","breast cancer","Homo sapiens","centerid: 24","patid: 81","size_dissected_area: 8","percentage_tumor_cells: 90","cell_number_dissected: 4300","inflammatory_cells [%]: 10","invasive_tumor_area_size1 [mm]: 2","invasive_tumor_area_size2 [mm]: 2","invasive_tumor_cells [%]: 80","invasive_tumor_grade: 2","necrotic_cells [%]: 0","normal_epithelial_cells [%]: 0","preneoplastic_tumor_cells [%]: 0","stroma_cells [%]: 10","bgus.ct: 31.45","er.ct: 33.15","her2.ct: 26.05","pr.ct: 40.45","race: Caucasian","er: ER-","pr: PR-","her2: HER2+","arm: HER2+ CT","treatment: neoadjuvant doxorubicin/paclitaxel (AT) followed by cyclophosphamide/methotrexate/fluorouracil (CMF)","age: 46","ecog: 0","inflammatory.brca: no","menopausal.status: pre","pcr: RD","total RNA","Formalin-fixed, paraffin-embedded (FFPE) core biopsies were prospectively collected prior to treatment. The yield and purity of RNA was determined using a NanoDrop 1000 Spectrophotometer (Thermo Scientific). RNA integrity was measured using a Bioanalyzer (Agilent Technologies) with either the RNA Nano or Pico Kit, depending on sample concentration. The RNA Integrity Number (RIN) and average length of the RNA were used for sample characterization. mRNA integrity was measured using a semiquantitative reverse transcription-polymerase chain reaction assay (rtPCR). This assay is based on quantitative amplification of 5'- and 3'-end sequences of the housekeeping gene β-actin. Calculating the ratio of 3' to 5' amplicons allows for assessment of mRNA integrity: intact RNA transcripts exhibit a ratio of 1, while degraded RNA increases the ratio.","biotin","A Transcriptor First Strand cDNA Synthesis Kit (Roche) was used to prepare cDNA from 100 ng of total RNA, using an anchored oligo(dT)-primer followed by a subsequent amplification step with the SYBR Green I Master on a LightCycler® 480 instrument (Roche Applied Science). Formalin-fixed paraffin-embedded tumor (FFPET)-derived RNA was amplified with the WT-Ovation™ FFPE System V2 (NuGEN). Biotin labeling of the cDNA was performed using the FL-Ovation cDNA Biotin Module V2 (NuGEN).","9606","Hybridization of labeled probes on the Affymetrix GeneChip Human Genome U133 Plus 2.0 Array were conducted using the GeneChip® Hybridization, Wash, and Stain Kit (Affymetrix).","For this workflow a GeneChip Fluidics Station 450 and a GeneChip Scanner 3000 7G were used","R (3.0.1) & Bioconductor (2.20.1)","GPL570","Anton,,Belousov","TTB Biostatistics","NCS-TTB","Roche","Nonnenwald 2","Penzberg","82377","Germany","ftp://ftp.ncbi.nlm.nih.gov/geo/samples/GSM1233nnn/GSM1233032/suppl/GSM1233032_CJL047_20081027.CEL.gz","54675","46","HER2+ CT","31.45","4300","24","0","33.15","ER-","26.05","HER2+","no","10","2","2","80","2","pre","0","0","81","RD","90","40.45","PR-","0","Caucasian","8","10","neoadjuvant doxorubicin/paclitaxel (AT) followed by cyclophosphamide/methotrexate/fluorouracil (CMF)"
"GSM1233033","BreastCancer_S048","GSM1233033","Public on Jan 21 2014","Sep 17 2013","Jun 06 2022","RNA","1","breast cancer","Homo sapiens","centerid: 24","patid: 91","size_dissected_area: 10.5","percentage_tumor_cells: 80","cell_number_dissected: 6500","inflammatory_cells [%]: 30","invasive_tumor_area_size1 [mm]: 5","invasive_tumor_area_size2 [mm]: 5","invasive_tumor_cells [%]: 50","invasive_tumor_grade: 3","necrotic_cells [%]: 0","normal_epithelial_cells [%]: 0","preneoplastic_tumor_cells [%]: 0","stroma_cells [%]: 20","bgus.ct: 33.46","er.ct: 33.21","her2.ct: 29.14","pr.ct: 0","race: Caucasian","er: ER-","pr: PR-","her2: HER2+","arm: HER2+ CT H","treatment: neoadjuvant doxorubicin/paclitaxel (AT) followed by cyclophosphamide/methotrexate/fluorouracil (CMF) + Trastuzumab for 1 year","age: 48","ecog: 0","inflammatory.brca: no","menopausal.status: post","pcr: RD","total RNA","Formalin-fixed, paraffin-embedded (FFPE) core biopsies were prospectively collected prior to treatment. The yield and purity of RNA was determined using a NanoDrop 1000 Spectrophotometer (Thermo Scientific). RNA integrity was measured using a Bioanalyzer (Agilent Technologies) with either the RNA Nano or Pico Kit, depending on sample concentration. The RNA Integrity Number (RIN) and average length of the RNA were used for sample characterization. mRNA integrity was measured using a semiquantitative reverse transcription-polymerase chain reaction assay (rtPCR). This assay is based on quantitative amplification of 5'- and 3'-end sequences of the housekeeping gene β-actin. Calculating the ratio of 3' to 5' amplicons allows for assessment of mRNA integrity: intact RNA transcripts exhibit a ratio of 1, while degraded RNA increases the ratio.","biotin","A Transcriptor First Strand cDNA Synthesis Kit (Roche) was used to prepare cDNA from 100 ng of total RNA, using an anchored oligo(dT)-primer followed by a subsequent amplification step with the SYBR Green I Master on a LightCycler® 480 instrument (Roche Applied Science). Formalin-fixed paraffin-embedded tumor (FFPET)-derived RNA was amplified with the WT-Ovation™ FFPE System V2 (NuGEN). Biotin labeling of the cDNA was performed using the FL-Ovation cDNA Biotin Module V2 (NuGEN).","9606","Hybridization of labeled probes on the Affymetrix GeneChip Human Genome U133 Plus 2.0 Array were conducted using the GeneChip® Hybridization, Wash, and Stain Kit (Affymetrix).","For this workflow a GeneChip Fluidics Station 450 and a GeneChip Scanner 3000 7G were used","R (3.0.1) & Bioconductor (2.20.1)","GPL570","Anton,,Belousov","TTB Biostatistics","NCS-TTB","Roche","Nonnenwald 2","Penzberg","82377","Germany","ftp://ftp.ncbi.nlm.nih.gov/geo/samples/GSM1233nnn/GSM1233033/suppl/GSM1233033_CJL048_20081020.CEL.gz","54675","48","HER2+ CT H","33.46","6500","24","0","33.21","ER-","29.14","HER2+","no","30","5","5","50","3","post","0","0","91","RD","80","0","PR-","0","Caucasian","10.5","20","neoadjuvant doxorubicin/paclitaxel (AT) followed by cyclophosphamide/methotrexate/fluorouracil (CMF) + Trastuzumab for 1 year"
"GSM1233034","BreastCancer_S049","GSM1233034","Public on Jan 21 2014","Sep 17 2013","Jun 06 2022","RNA","1","breast cancer","Homo sapiens","centerid: 24","patid: 101","size_dissected_area: 16","percentage_tumor_cells: 70","cell_number_dissected: 8960","inflammatory_cells [%]: 5","invasive_tumor_area_size1 [mm]: 4","invasive_tumor_area_size2 [mm]: 4","invasive_tumor_cells [%]: 70","invasive_tumor_grade: 3","necrotic_cells [%]: 0","normal_epithelial_cells [%]: 0","preneoplastic_tumor_cells [%]: 15","stroma_cells [%]: 10","bgus.ct: 30.27","er.ct: 32.58","her2.ct: 24.88","pr.ct: 43.75","race: Caucasian","er: ER-","pr: PR-","her2: HER2+","arm: HER2+ CT H","treatment: neoadjuvant doxorubicin/paclitaxel (AT) followed by cyclophosphamide/methotrexate/fluorouracil (CMF) + Trastuzumab for 1 year","age: 53","ecog: 0","inflammatory.brca: no","menopausal.status: pre","pcr: pCR","total RNA","Formalin-fixed, paraffin-embedded (FFPE) core biopsies were prospectively collected prior to treatment. The yield and purity of RNA was determined using a NanoDrop 1000 Spectrophotometer (Thermo Scientific). RNA integrity was measured using a Bioanalyzer (Agilent Technologies) with either the RNA Nano or Pico Kit, depending on sample concentration. The RNA Integrity Number (RIN) and average length of the RNA were used for sample characterization. mRNA integrity was measured using a semiquantitative reverse transcription-polymerase chain reaction assay (rtPCR). This assay is based on quantitative amplification of 5'- and 3'-end sequences of the housekeeping gene β-actin. Calculating the ratio of 3' to 5' amplicons allows for assessment of mRNA integrity: intact RNA transcripts exhibit a ratio of 1, while degraded RNA increases the ratio.","biotin","A Transcriptor First Strand cDNA Synthesis Kit (Roche) was used to prepare cDNA from 100 ng of total RNA, using an anchored oligo(dT)-primer followed by a subsequent amplification step with the SYBR Green I Master on a LightCycler® 480 instrument (Roche Applied Science). Formalin-fixed paraffin-embedded tumor (FFPET)-derived RNA was amplified with the WT-Ovation™ FFPE System V2 (NuGEN). Biotin labeling of the cDNA was performed using the FL-Ovation cDNA Biotin Module V2 (NuGEN).","9606","Hybridization of labeled probes on the Affymetrix GeneChip Human Genome U133 Plus 2.0 Array were conducted using the GeneChip® Hybridization, Wash, and Stain Kit (Affymetrix).","For this workflow a GeneChip Fluidics Station 450 and a GeneChip Scanner 3000 7G were used","R (3.0.1) & Bioconductor (2.20.1)","GPL570","Anton,,Belousov","TTB Biostatistics","NCS-TTB","Roche","Nonnenwald 2","Penzberg","82377","Germany","ftp://ftp.ncbi.nlm.nih.gov/geo/samples/GSM1233nnn/GSM1233034/suppl/GSM1233034_CJL049_20081020.CEL.gz","54675","53","HER2+ CT H","30.27","8960","24","0","32.58","ER-","24.88","HER2+","no","5","4","4","70","3","pre","0","0","101","pCR","70","43.75","PR-","15","Caucasian","16","10","neoadjuvant doxorubicin/paclitaxel (AT) followed by cyclophosphamide/methotrexate/fluorouracil (CMF) + Trastuzumab for 1 year"
"GSM1233035","BreastCancer_S050","GSM1233035","Public on Jan 21 2014","Sep 17 2013","Jun 06 2022","RNA","1","breast cancer","Homo sapiens","centerid: 24","patid: 11","size_dissected_area: 14","percentage_tumor_cells: 90","cell_number_dissected: 7500","inflammatory_cells [%]: 10","invasive_tumor_area_size1 [mm]: 2","invasive_tumor_area_size2 [mm]: 5","invasive_tumor_cells [%]: 80","invasive_tumor_grade: 3","necrotic_cells [%]: 0","normal_epithelial_cells [%]: 0","preneoplastic_tumor_cells [%]: 0","stroma_cells [%]: 10","bgus.ct: 31.3","er.ct: 31.8","her2.ct: 26.65","pr.ct: 0","race: Caucasian","er: ER-","pr: PR-","her2: HER2+","arm: HER2+ CT","treatment: neoadjuvant doxorubicin/paclitaxel (AT) followed by cyclophosphamide/methotrexate/fluorouracil (CMF)","age: 32","ecog: 0","inflammatory.brca: yes","menopausal.status: pre","pcr: RD","total RNA","Formalin-fixed, paraffin-embedded (FFPE) core biopsies were prospectively collected prior to treatment. The yield and purity of RNA was determined using a NanoDrop 1000 Spectrophotometer (Thermo Scientific). RNA integrity was measured using a Bioanalyzer (Agilent Technologies) with either the RNA Nano or Pico Kit, depending on sample concentration. The RNA Integrity Number (RIN) and average length of the RNA were used for sample characterization. mRNA integrity was measured using a semiquantitative reverse transcription-polymerase chain reaction assay (rtPCR). This assay is based on quantitative amplification of 5'- and 3'-end sequences of the housekeeping gene β-actin. Calculating the ratio of 3' to 5' amplicons allows for assessment of mRNA integrity: intact RNA transcripts exhibit a ratio of 1, while degraded RNA increases the ratio.","biotin","A Transcriptor First Strand cDNA Synthesis Kit (Roche) was used to prepare cDNA from 100 ng of total RNA, using an anchored oligo(dT)-primer followed by a subsequent amplification step with the SYBR Green I Master on a LightCycler® 480 instrument (Roche Applied Science). Formalin-fixed paraffin-embedded tumor (FFPET)-derived RNA was amplified with the WT-Ovation™ FFPE System V2 (NuGEN). Biotin labeling of the cDNA was performed using the FL-Ovation cDNA Biotin Module V2 (NuGEN).","9606","Hybridization of labeled probes on the Affymetrix GeneChip Human Genome U133 Plus 2.0 Array were conducted using the GeneChip® Hybridization, Wash, and Stain Kit (Affymetrix).","For this workflow a GeneChip Fluidics Station 450 and a GeneChip Scanner 3000 7G were used","R (3.0.1) & Bioconductor (2.20.1)","GPL570","Anton,,Belousov","TTB Biostatistics","NCS-TTB","Roche","Nonnenwald 2","Penzberg","82377","Germany","ftp://ftp.ncbi.nlm.nih.gov/geo/samples/GSM1233nnn/GSM1233035/suppl/GSM1233035_CJL050_20081020.CEL.gz","54675","32","HER2+ CT","31.3","7500","24","0","31.8","ER-","26.65","HER2+","yes","10","2","5","80","3","pre","0","0","11","RD","90","0","PR-","0","Caucasian","14","10","neoadjuvant doxorubicin/paclitaxel (AT) followed by cyclophosphamide/methotrexate/fluorouracil (CMF)"
"GSM1233036","BreastCancer_S053","GSM1233036","Public on Jan 21 2014","Sep 17 2013","Jun 06 2022","RNA","1","breast cancer","Homo sapiens","centerid: 41","patid: 81","size_dissected_area: 16","percentage_tumor_cells: 75","cell_number_dissected: 7000","inflammatory_cells [%]: 2","invasive_tumor_area_size1 [mm]: 12","invasive_tumor_area_size2 [mm]: 7","invasive_tumor_cells [%]: 50","invasive_tumor_grade: 3","necrotic_cells [%]: 20","normal_epithelial_cells [%]: 3","preneoplastic_tumor_cells [%]: 0","stroma_cells [%]: 25","bgus.ct: 30.56","er.ct: 30.56","her2.ct: 26.72","pr.ct: 31.09","race: Caucasian","er: ER-","pr: PR-","her2: HER2+","arm: HER2+ CT H","treatment: neoadjuvant doxorubicin/paclitaxel (AT) followed by cyclophosphamide/methotrexate/fluorouracil (CMF) + Trastuzumab for 1 year","age: 44","ecog: 0","inflammatory.brca: no","menopausal.status: pre","pcr: RD","total RNA","Formalin-fixed, paraffin-embedded (FFPE) core biopsies were prospectively collected prior to treatment. The yield and purity of RNA was determined using a NanoDrop 1000 Spectrophotometer (Thermo Scientific). RNA integrity was measured using a Bioanalyzer (Agilent Technologies) with either the RNA Nano or Pico Kit, depending on sample concentration. The RNA Integrity Number (RIN) and average length of the RNA were used for sample characterization. mRNA integrity was measured using a semiquantitative reverse transcription-polymerase chain reaction assay (rtPCR). This assay is based on quantitative amplification of 5'- and 3'-end sequences of the housekeeping gene β-actin. Calculating the ratio of 3' to 5' amplicons allows for assessment of mRNA integrity: intact RNA transcripts exhibit a ratio of 1, while degraded RNA increases the ratio.","biotin","A Transcriptor First Strand cDNA Synthesis Kit (Roche) was used to prepare cDNA from 100 ng of total RNA, using an anchored oligo(dT)-primer followed by a subsequent amplification step with the SYBR Green I Master on a LightCycler® 480 instrument (Roche Applied Science). Formalin-fixed paraffin-embedded tumor (FFPET)-derived RNA was amplified with the WT-Ovation™ FFPE System V2 (NuGEN). Biotin labeling of the cDNA was performed using the FL-Ovation cDNA Biotin Module V2 (NuGEN).","9606","Hybridization of labeled probes on the Affymetrix GeneChip Human Genome U133 Plus 2.0 Array were conducted using the GeneChip® Hybridization, Wash, and Stain Kit (Affymetrix).","For this workflow a GeneChip Fluidics Station 450 and a GeneChip Scanner 3000 7G were used","R (3.0.1) & Bioconductor (2.20.1)","GPL570","Anton,,Belousov","TTB Biostatistics","NCS-TTB","Roche","Nonnenwald 2","Penzberg","82377","Germany","ftp://ftp.ncbi.nlm.nih.gov/geo/samples/GSM1233nnn/GSM1233036/suppl/GSM1233036_CJL053_20081020.CEL.gz","54675","44","HER2+ CT H","30.56","7000","41","0","30.56","ER-","26.72","HER2+","no","2","12","7","50","3","pre","20","3","81","RD","75","31.09","PR-","0","Caucasian","16","25","neoadjuvant doxorubicin/paclitaxel (AT) followed by cyclophosphamide/methotrexate/fluorouracil (CMF) + Trastuzumab for 1 year"
"GSM1233037","BreastCancer_S054","GSM1233037","Public on Jan 21 2014","Sep 17 2013","Jun 06 2022","RNA","1","breast cancer","Homo sapiens","centerid: 41","patid: 91","size_dissected_area: 20","percentage_tumor_cells: 75","cell_number_dissected: 12000","inflammatory_cells [%]: 0","invasive_tumor_area_size1 [mm]: 5","invasive_tumor_area_size2 [mm]: 4","invasive_tumor_cells [%]: 75","invasive_tumor_grade: 3","necrotic_cells [%]: 0","normal_epithelial_cells [%]: 5","preneoplastic_tumor_cells [%]: 0","stroma_cells [%]: 20","bgus.ct: 31.75","er.ct: 33.48","her2.ct: 26.34","pr.ct: 43.99","race: Caucasian","er: ER-","pr: PR-","her2: HER2+","arm: HER2+ CT H","treatment: neoadjuvant doxorubicin/paclitaxel (AT) followed by cyclophosphamide/methotrexate/fluorouracil (CMF) + Trastuzumab for 1 year","age: 39","ecog: 0","inflammatory.brca: yes","menopausal.status: pre","pcr: RD","total RNA","Formalin-fixed, paraffin-embedded (FFPE) core biopsies were prospectively collected prior to treatment. The yield and purity of RNA was determined using a NanoDrop 1000 Spectrophotometer (Thermo Scientific). RNA integrity was measured using a Bioanalyzer (Agilent Technologies) with either the RNA Nano or Pico Kit, depending on sample concentration. The RNA Integrity Number (RIN) and average length of the RNA were used for sample characterization. mRNA integrity was measured using a semiquantitative reverse transcription-polymerase chain reaction assay (rtPCR). This assay is based on quantitative amplification of 5'- and 3'-end sequences of the housekeeping gene β-actin. Calculating the ratio of 3' to 5' amplicons allows for assessment of mRNA integrity: intact RNA transcripts exhibit a ratio of 1, while degraded RNA increases the ratio.","biotin","A Transcriptor First Strand cDNA Synthesis Kit (Roche) was used to prepare cDNA from 100 ng of total RNA, using an anchored oligo(dT)-primer followed by a subsequent amplification step with the SYBR Green I Master on a LightCycler® 480 instrument (Roche Applied Science). Formalin-fixed paraffin-embedded tumor (FFPET)-derived RNA was amplified with the WT-Ovation™ FFPE System V2 (NuGEN). Biotin labeling of the cDNA was performed using the FL-Ovation cDNA Biotin Module V2 (NuGEN).","9606","Hybridization of labeled probes on the Affymetrix GeneChip Human Genome U133 Plus 2.0 Array were conducted using the GeneChip® Hybridization, Wash, and Stain Kit (Affymetrix).","For this workflow a GeneChip Fluidics Station 450 and a GeneChip Scanner 3000 7G were used","R (3.0.1) & Bioconductor (2.20.1)","GPL570","Anton,,Belousov","TTB Biostatistics","NCS-TTB","Roche","Nonnenwald 2","Penzberg","82377","Germany","ftp://ftp.ncbi.nlm.nih.gov/geo/samples/GSM1233nnn/GSM1233037/suppl/GSM1233037_CJL054_20081020.CEL.gz","54675","39","HER2+ CT H","31.75","12000","41","0","33.48","ER-","26.34","HER2+","yes","0","5","4","75","3","pre","0","5","91","RD","75","43.99","PR-","0","Caucasian","20","20","neoadjuvant doxorubicin/paclitaxel (AT) followed by cyclophosphamide/methotrexate/fluorouracil (CMF) + Trastuzumab for 1 year"
"GSM1233038","BreastCancer_S055","GSM1233038","Public on Jan 21 2014","Sep 17 2013","Jun 06 2022","RNA","1","breast cancer","Homo sapiens","centerid: 41","patid: 11","size_dissected_area: 66","percentage_tumor_cells: 40","cell_number_dissected: 15000","inflammatory_cells [%]: 5","invasive_tumor_area_size1 [mm]: 12","invasive_tumor_area_size2 [mm]: 6","invasive_tumor_cells [%]: 30","invasive_tumor_grade: 3","necrotic_cells [%]: 5","normal_epithelial_cells [%]: 0","preneoplastic_tumor_cells [%]: 20","stroma_cells [%]: 40","bgus.ct: 33.44","er.ct: 33.74","her2.ct: 29.33","pr.ct: 35.22","race: Caucasian","er: ER-","pr: PR-","her2: HER2+","arm: HER2+ CT","treatment: neoadjuvant doxorubicin/paclitaxel (AT) followed by cyclophosphamide/methotrexate/fluorouracil (CMF)","age: 46","ecog: 0","inflammatory.brca: no","menopausal.status: post","pcr: RD","total RNA","Formalin-fixed, paraffin-embedded (FFPE) core biopsies were prospectively collected prior to treatment. The yield and purity of RNA was determined using a NanoDrop 1000 Spectrophotometer (Thermo Scientific). RNA integrity was measured using a Bioanalyzer (Agilent Technologies) with either the RNA Nano or Pico Kit, depending on sample concentration. The RNA Integrity Number (RIN) and average length of the RNA were used for sample characterization. mRNA integrity was measured using a semiquantitative reverse transcription-polymerase chain reaction assay (rtPCR). This assay is based on quantitative amplification of 5'- and 3'-end sequences of the housekeeping gene β-actin. Calculating the ratio of 3' to 5' amplicons allows for assessment of mRNA integrity: intact RNA transcripts exhibit a ratio of 1, while degraded RNA increases the ratio.","biotin","A Transcriptor First Strand cDNA Synthesis Kit (Roche) was used to prepare cDNA from 100 ng of total RNA, using an anchored oligo(dT)-primer followed by a subsequent amplification step with the SYBR Green I Master on a LightCycler® 480 instrument (Roche Applied Science). Formalin-fixed paraffin-embedded tumor (FFPET)-derived RNA was amplified with the WT-Ovation™ FFPE System V2 (NuGEN). Biotin labeling of the cDNA was performed using the FL-Ovation cDNA Biotin Module V2 (NuGEN).","9606","Hybridization of labeled probes on the Affymetrix GeneChip Human Genome U133 Plus 2.0 Array were conducted using the GeneChip® Hybridization, Wash, and Stain Kit (Affymetrix).","For this workflow a GeneChip Fluidics Station 450 and a GeneChip Scanner 3000 7G were used","R (3.0.1) & Bioconductor (2.20.1)","GPL570","Anton,,Belousov","TTB Biostatistics","NCS-TTB","Roche","Nonnenwald 2","Penzberg","82377","Germany","ftp://ftp.ncbi.nlm.nih.gov/geo/samples/GSM1233nnn/GSM1233038/suppl/GSM1233038_CJL55_20090114.CEL.gz","54675","46","HER2+ CT","33.44","15000","41","0","33.74","ER-","29.33","HER2+","no","5","12","6","30","3","post","5","0","11","RD","40","35.22","PR-","20","Caucasian","66","40","neoadjuvant doxorubicin/paclitaxel (AT) followed by cyclophosphamide/methotrexate/fluorouracil (CMF)"
"GSM1233039","BreastCancer_S057","GSM1233039","Public on Jan 21 2014","Sep 17 2013","Jun 06 2022","RNA","1","breast cancer","Homo sapiens","centerid: 41","patid: 31","size_dissected_area: 30","percentage_tumor_cells: 10","cell_number_dissected: 2000","inflammatory_cells [%]: 5","invasive_tumor_area_size1 [mm]: 3","invasive_tumor_area_size2 [mm]: 2","invasive_tumor_cells [%]: 15","invasive_tumor_grade: 2","necrotic_cells [%]: 0","normal_epithelial_cells [%]: 0","preneoplastic_tumor_cells [%]: 40","stroma_cells [%]: 40","bgus.ct: 32.29","er.ct: 33.66","her2.ct: 26.97","pr.ct: 44.06","race: Caucasian","er: ER-","pr: PR-","her2: HER2+","arm: HER2+ CT","treatment: neoadjuvant doxorubicin/paclitaxel (AT) followed by cyclophosphamide/methotrexate/fluorouracil (CMF)","age: 49","ecog: 0","inflammatory.brca: no","menopausal.status: pre","pcr: RD","total RNA","Formalin-fixed, paraffin-embedded (FFPE) core biopsies were prospectively collected prior to treatment. The yield and purity of RNA was determined using a NanoDrop 1000 Spectrophotometer (Thermo Scientific). RNA integrity was measured using a Bioanalyzer (Agilent Technologies) with either the RNA Nano or Pico Kit, depending on sample concentration. The RNA Integrity Number (RIN) and average length of the RNA were used for sample characterization. mRNA integrity was measured using a semiquantitative reverse transcription-polymerase chain reaction assay (rtPCR). This assay is based on quantitative amplification of 5'- and 3'-end sequences of the housekeeping gene β-actin. Calculating the ratio of 3' to 5' amplicons allows for assessment of mRNA integrity: intact RNA transcripts exhibit a ratio of 1, while degraded RNA increases the ratio.","biotin","A Transcriptor First Strand cDNA Synthesis Kit (Roche) was used to prepare cDNA from 100 ng of total RNA, using an anchored oligo(dT)-primer followed by a subsequent amplification step with the SYBR Green I Master on a LightCycler® 480 instrument (Roche Applied Science). Formalin-fixed paraffin-embedded tumor (FFPET)-derived RNA was amplified with the WT-Ovation™ FFPE System V2 (NuGEN). Biotin labeling of the cDNA was performed using the FL-Ovation cDNA Biotin Module V2 (NuGEN).","9606","Hybridization of labeled probes on the Affymetrix GeneChip Human Genome U133 Plus 2.0 Array were conducted using the GeneChip® Hybridization, Wash, and Stain Kit (Affymetrix).","For this workflow a GeneChip Fluidics Station 450 and a GeneChip Scanner 3000 7G were used","R (3.0.1) & Bioconductor (2.20.1)","GPL570","Anton,,Belousov","TTB Biostatistics","NCS-TTB","Roche","Nonnenwald 2","Penzberg","82377","Germany","ftp://ftp.ncbi.nlm.nih.gov/geo/samples/GSM1233nnn/GSM1233039/suppl/GSM1233039_CJL057_20081020.CEL.gz","54675","49","HER2+ CT","32.29","2000","41","0","33.66","ER-","26.97","HER2+","no","5","3","2","15","2","pre","0","0","31","RD","10","44.06","PR-","40","Caucasian","30","40","neoadjuvant doxorubicin/paclitaxel (AT) followed by cyclophosphamide/methotrexate/fluorouracil (CMF)"
"GSM1233040","BreastCancer_S058","GSM1233040","Public on Jan 21 2014","Sep 17 2013","Jun 06 2022","RNA","1","breast cancer","Homo sapiens","centerid: 41","patid: 141","size_dissected_area: 14","percentage_tumor_cells: 70","cell_number_dissected: 5800","inflammatory_cells [%]: 3","invasive_tumor_area_size1 [mm]: 9","invasive_tumor_area_size2 [mm]: 4","invasive_tumor_cells [%]: 60","invasive_tumor_grade: 3","necrotic_cells [%]: 0","normal_epithelial_cells [%]: 2","preneoplastic_tumor_cells [%]: 0","stroma_cells [%]: 35","bgus.ct: 33.63","er.ct: 0","her2.ct: 30.01","pr.ct: 0","race: Caucasian","er: ER-","pr: PR-","her2: HER2+","arm: HER2+ CT H","treatment: neoadjuvant doxorubicin/paclitaxel (AT) followed by cyclophosphamide/methotrexate/fluorouracil (CMF) + Trastuzumab for 1 year","age: 48","ecog: 0","inflammatory.brca: yes","menopausal.status: pre","pcr: pCR","total RNA","Formalin-fixed, paraffin-embedded (FFPE) core biopsies were prospectively collected prior to treatment. The yield and purity of RNA was determined using a NanoDrop 1000 Spectrophotometer (Thermo Scientific). RNA integrity was measured using a Bioanalyzer (Agilent Technologies) with either the RNA Nano or Pico Kit, depending on sample concentration. The RNA Integrity Number (RIN) and average length of the RNA were used for sample characterization. mRNA integrity was measured using a semiquantitative reverse transcription-polymerase chain reaction assay (rtPCR). This assay is based on quantitative amplification of 5'- and 3'-end sequences of the housekeeping gene β-actin. Calculating the ratio of 3' to 5' amplicons allows for assessment of mRNA integrity: intact RNA transcripts exhibit a ratio of 1, while degraded RNA increases the ratio.","biotin","A Transcriptor First Strand cDNA Synthesis Kit (Roche) was used to prepare cDNA from 100 ng of total RNA, using an anchored oligo(dT)-primer followed by a subsequent amplification step with the SYBR Green I Master on a LightCycler® 480 instrument (Roche Applied Science). Formalin-fixed paraffin-embedded tumor (FFPET)-derived RNA was amplified with the WT-Ovation™ FFPE System V2 (NuGEN). Biotin labeling of the cDNA was performed using the FL-Ovation cDNA Biotin Module V2 (NuGEN).","9606","Hybridization of labeled probes on the Affymetrix GeneChip Human Genome U133 Plus 2.0 Array were conducted using the GeneChip® Hybridization, Wash, and Stain Kit (Affymetrix).","For this workflow a GeneChip Fluidics Station 450 and a GeneChip Scanner 3000 7G were used","R (3.0.1) & Bioconductor (2.20.1)","GPL570","Anton,,Belousov","TTB Biostatistics","NCS-TTB","Roche","Nonnenwald 2","Penzberg","82377","Germany","ftp://ftp.ncbi.nlm.nih.gov/geo/samples/GSM1233nnn/GSM1233040/suppl/GSM1233040_CJL058_20081027.CEL.gz","54675","48","HER2+ CT H","33.63","5800","41","0","0","ER-","30.01","HER2+","yes","3","9","4","60","3","pre","0","2","141","pCR","70","0","PR-","0","Caucasian","14","35","neoadjuvant doxorubicin/paclitaxel (AT) followed by cyclophosphamide/methotrexate/fluorouracil (CMF) + Trastuzumab for 1 year"
"GSM1233041","BreastCancer_S060","GSM1233041","Public on Jan 21 2014","Sep 17 2013","Jun 06 2022","RNA","1","breast cancer","Homo sapiens","centerid: 41","patid: 121","size_dissected_area: 12","percentage_tumor_cells: 51","cell_number_dissected: 3600","inflammatory_cells [%]: 5","invasive_tumor_area_size1 [mm]: 6","invasive_tumor_area_size2 [mm]: 5","invasive_tumor_cells [%]: 60","invasive_tumor_grade: 3","necrotic_cells [%]: 0","normal_epithelial_cells [%]: 0","preneoplastic_tumor_cells [%]: 0","stroma_cells [%]: 35","bgus.ct: 34.27","er.ct: 0","her2.ct: 30.43","pr.ct: 0","race: Caucasian","er: ER-","pr: PR-","her2: HER2+","arm: HER2+ CT H","treatment: neoadjuvant doxorubicin/paclitaxel (AT) followed by cyclophosphamide/methotrexate/fluorouracil (CMF) + Trastuzumab for 1 year","age: 46","ecog: 0","inflammatory.brca: yes","menopausal.status: pre","pcr: RD","total RNA","Formalin-fixed, paraffin-embedded (FFPE) core biopsies were prospectively collected prior to treatment. The yield and purity of RNA was determined using a NanoDrop 1000 Spectrophotometer (Thermo Scientific). RNA integrity was measured using a Bioanalyzer (Agilent Technologies) with either the RNA Nano or Pico Kit, depending on sample concentration. The RNA Integrity Number (RIN) and average length of the RNA were used for sample characterization. mRNA integrity was measured using a semiquantitative reverse transcription-polymerase chain reaction assay (rtPCR). This assay is based on quantitative amplification of 5'- and 3'-end sequences of the housekeeping gene β-actin. Calculating the ratio of 3' to 5' amplicons allows for assessment of mRNA integrity: intact RNA transcripts exhibit a ratio of 1, while degraded RNA increases the ratio.","biotin","A Transcriptor First Strand cDNA Synthesis Kit (Roche) was used to prepare cDNA from 100 ng of total RNA, using an anchored oligo(dT)-primer followed by a subsequent amplification step with the SYBR Green I Master on a LightCycler® 480 instrument (Roche Applied Science). Formalin-fixed paraffin-embedded tumor (FFPET)-derived RNA was amplified with the WT-Ovation™ FFPE System V2 (NuGEN). Biotin labeling of the cDNA was performed using the FL-Ovation cDNA Biotin Module V2 (NuGEN).","9606","Hybridization of labeled probes on the Affymetrix GeneChip Human Genome U133 Plus 2.0 Array were conducted using the GeneChip® Hybridization, Wash, and Stain Kit (Affymetrix).","For this workflow a GeneChip Fluidics Station 450 and a GeneChip Scanner 3000 7G were used","R (3.0.1) & Bioconductor (2.20.1)","GPL570","Anton,,Belousov","TTB Biostatistics","NCS-TTB","Roche","Nonnenwald 2","Penzberg","82377","Germany","ftp://ftp.ncbi.nlm.nih.gov/geo/samples/GSM1233nnn/GSM1233041/suppl/GSM1233041_CJL060_20081104.CEL.gz","54675","46","HER2+ CT H","34.27","3600","41","0","0","ER-","30.43","HER2+","yes","5","6","5","60","3","pre","0","0","121","RD","51","0","PR-","0","Caucasian","12","35","neoadjuvant doxorubicin/paclitaxel (AT) followed by cyclophosphamide/methotrexate/fluorouracil (CMF) + Trastuzumab for 1 year"
"GSM1233042","BreastCancer_S062","GSM1233042","Public on Jan 21 2014","Sep 17 2013","Jun 06 2022","RNA","1","breast cancer","Homo sapiens","centerid: 23","patid: 121","size_dissected_area: 60","percentage_tumor_cells: 45","cell_number_dissected: 16000","inflammatory_cells [%]: 30","invasive_tumor_area_size1 [mm]: 9","invasive_tumor_area_size2 [mm]: 8","invasive_tumor_cells [%]: 40","invasive_tumor_grade: 2","necrotic_cells [%]: 0","normal_epithelial_cells [%]: 0","preneoplastic_tumor_cells [%]: 25","stroma_cells [%]: 5","bgus.ct: 29.16","er.ct: 31.44","her2.ct: 26.05","pr.ct: 32.06","race: Caucasian","er: ER+","pr: PR-","her2: HER2+","arm: HER2+ CT","treatment: neoadjuvant doxorubicin/paclitaxel (AT) followed by cyclophosphamide/methotrexate/fluorouracil (CMF)","age: 36","ecog: 0","inflammatory.brca: no","menopausal.status: pre","pcr: RD","total RNA","Formalin-fixed, paraffin-embedded (FFPE) core biopsies were prospectively collected prior to treatment. The yield and purity of RNA was determined using a NanoDrop 1000 Spectrophotometer (Thermo Scientific). RNA integrity was measured using a Bioanalyzer (Agilent Technologies) with either the RNA Nano or Pico Kit, depending on sample concentration. The RNA Integrity Number (RIN) and average length of the RNA were used for sample characterization. mRNA integrity was measured using a semiquantitative reverse transcription-polymerase chain reaction assay (rtPCR). This assay is based on quantitative amplification of 5'- and 3'-end sequences of the housekeeping gene β-actin. Calculating the ratio of 3' to 5' amplicons allows for assessment of mRNA integrity: intact RNA transcripts exhibit a ratio of 1, while degraded RNA increases the ratio.","biotin","A Transcriptor First Strand cDNA Synthesis Kit (Roche) was used to prepare cDNA from 100 ng of total RNA, using an anchored oligo(dT)-primer followed by a subsequent amplification step with the SYBR Green I Master on a LightCycler® 480 instrument (Roche Applied Science). Formalin-fixed paraffin-embedded tumor (FFPET)-derived RNA was amplified with the WT-Ovation™ FFPE System V2 (NuGEN). Biotin labeling of the cDNA was performed using the FL-Ovation cDNA Biotin Module V2 (NuGEN).","9606","Hybridization of labeled probes on the Affymetrix GeneChip Human Genome U133 Plus 2.0 Array were conducted using the GeneChip® Hybridization, Wash, and Stain Kit (Affymetrix).","For this workflow a GeneChip Fluidics Station 450 and a GeneChip Scanner 3000 7G were used","R (3.0.1) & Bioconductor (2.20.1)","GPL570","Anton,,Belousov","TTB Biostatistics","NCS-TTB","Roche","Nonnenwald 2","Penzberg","82377","Germany","ftp://ftp.ncbi.nlm.nih.gov/geo/samples/GSM1233nnn/GSM1233042/suppl/GSM1233042_CJL062_20081020.CEL.gz","54675","36","HER2+ CT","29.16","16000","23","0","31.44","ER+","26.05","HER2+","no","30","9","8","40","2","pre","0","0","121","RD","45","32.06","PR-","25","Caucasian","60","5","neoadjuvant doxorubicin/paclitaxel (AT) followed by cyclophosphamide/methotrexate/fluorouracil (CMF)"
"GSM1233043","BreastCancer_S063","GSM1233043","Public on Jan 21 2014","Sep 17 2013","Jun 06 2022","RNA","1","breast cancer","Homo sapiens","centerid: 23","patid: 111","size_dissected_area: 60","percentage_tumor_cells: 40","cell_number_dissected: 14000","inflammatory_cells [%]: 20","invasive_tumor_area_size1 [mm]: 10","invasive_tumor_area_size2 [mm]: 8","invasive_tumor_cells [%]: 30","invasive_tumor_grade: 2","necrotic_cells [%]: 2","normal_epithelial_cells [%]: 0","preneoplastic_tumor_cells [%]: 30","stroma_cells [%]: 18","bgus.ct: 29.34","er.ct: 31.73","her2.ct: 26.3","pr.ct: 32.32","race: Caucasian","er: ER+","pr: PR-","her2: HER2+","arm: HER2+ CT","treatment: neoadjuvant doxorubicin/paclitaxel (AT) followed by cyclophosphamide/methotrexate/fluorouracil (CMF)","age: 51","ecog: 0","inflammatory.brca: no","menopausal.status: pre","pcr: RD","total RNA","Formalin-fixed, paraffin-embedded (FFPE) core biopsies were prospectively collected prior to treatment. The yield and purity of RNA was determined using a NanoDrop 1000 Spectrophotometer (Thermo Scientific). RNA integrity was measured using a Bioanalyzer (Agilent Technologies) with either the RNA Nano or Pico Kit, depending on sample concentration. The RNA Integrity Number (RIN) and average length of the RNA were used for sample characterization. mRNA integrity was measured using a semiquantitative reverse transcription-polymerase chain reaction assay (rtPCR). This assay is based on quantitative amplification of 5'- and 3'-end sequences of the housekeeping gene β-actin. Calculating the ratio of 3' to 5' amplicons allows for assessment of mRNA integrity: intact RNA transcripts exhibit a ratio of 1, while degraded RNA increases the ratio.","biotin","A Transcriptor First Strand cDNA Synthesis Kit (Roche) was used to prepare cDNA from 100 ng of total RNA, using an anchored oligo(dT)-primer followed by a subsequent amplification step with the SYBR Green I Master on a LightCycler® 480 instrument (Roche Applied Science). Formalin-fixed paraffin-embedded tumor (FFPET)-derived RNA was amplified with the WT-Ovation™ FFPE System V2 (NuGEN). Biotin labeling of the cDNA was performed using the FL-Ovation cDNA Biotin Module V2 (NuGEN).","9606","Hybridization of labeled probes on the Affymetrix GeneChip Human Genome U133 Plus 2.0 Array were conducted using the GeneChip® Hybridization, Wash, and Stain Kit (Affymetrix).","For this workflow a GeneChip Fluidics Station 450 and a GeneChip Scanner 3000 7G were used","R (3.0.1) & Bioconductor (2.20.1)","GPL570","Anton,,Belousov","TTB Biostatistics","NCS-TTB","Roche","Nonnenwald 2","Penzberg","82377","Germany","ftp://ftp.ncbi.nlm.nih.gov/geo/samples/GSM1233nnn/GSM1233043/suppl/GSM1233043_CJL063_20081020.CEL.gz","54675","51","HER2+ CT","29.34","14000","23","0","31.73","ER+","26.3","HER2+","no","20","10","8","30","2","pre","2","0","111","RD","40","32.32","PR-","30","Caucasian","60","18","neoadjuvant doxorubicin/paclitaxel (AT) followed by cyclophosphamide/methotrexate/fluorouracil (CMF)"
"GSM1233044","BreastCancer_S066","GSM1233044","Public on Jan 21 2014","Sep 17 2013","Jun 06 2022","RNA","1","breast cancer","Homo sapiens","centerid: 23","patid: 21","size_dissected_area: 27","percentage_tumor_cells: 40","cell_number_dissected: 6500","inflammatory_cells [%]: 0","invasive_tumor_area_size1 [mm]: 6","invasive_tumor_area_size2 [mm]: 6","invasive_tumor_cells [%]: 50","invasive_tumor_grade: 2","necrotic_cells [%]: 0","normal_epithelial_cells [%]: 0","preneoplastic_tumor_cells [%]: 0","stroma_cells [%]: 50","bgus.ct: 32.02","er.ct: 31.38","her2.ct: 28.38","pr.ct: 32.49","race: Caucasian","er: ER+","pr: PR+","her2: HER2+","arm: HER2+ CT","treatment: neoadjuvant doxorubicin/paclitaxel (AT) followed by cyclophosphamide/methotrexate/fluorouracil (CMF)","age: 55","ecog: 1","inflammatory.brca: no","menopausal.status: post","pcr: RD","total RNA","Formalin-fixed, paraffin-embedded (FFPE) core biopsies were prospectively collected prior to treatment. The yield and purity of RNA was determined using a NanoDrop 1000 Spectrophotometer (Thermo Scientific). RNA integrity was measured using a Bioanalyzer (Agilent Technologies) with either the RNA Nano or Pico Kit, depending on sample concentration. The RNA Integrity Number (RIN) and average length of the RNA were used for sample characterization. mRNA integrity was measured using a semiquantitative reverse transcription-polymerase chain reaction assay (rtPCR). This assay is based on quantitative amplification of 5'- and 3'-end sequences of the housekeeping gene β-actin. Calculating the ratio of 3' to 5' amplicons allows for assessment of mRNA integrity: intact RNA transcripts exhibit a ratio of 1, while degraded RNA increases the ratio.","biotin","A Transcriptor First Strand cDNA Synthesis Kit (Roche) was used to prepare cDNA from 100 ng of total RNA, using an anchored oligo(dT)-primer followed by a subsequent amplification step with the SYBR Green I Master on a LightCycler® 480 instrument (Roche Applied Science). Formalin-fixed paraffin-embedded tumor (FFPET)-derived RNA was amplified with the WT-Ovation™ FFPE System V2 (NuGEN). Biotin labeling of the cDNA was performed using the FL-Ovation cDNA Biotin Module V2 (NuGEN).","9606","Hybridization of labeled probes on the Affymetrix GeneChip Human Genome U133 Plus 2.0 Array were conducted using the GeneChip® Hybridization, Wash, and Stain Kit (Affymetrix).","For this workflow a GeneChip Fluidics Station 450 and a GeneChip Scanner 3000 7G were used","R (3.0.1) & Bioconductor (2.20.1)","GPL570","Anton,,Belousov","TTB Biostatistics","NCS-TTB","Roche","Nonnenwald 2","Penzberg","82377","Germany","ftp://ftp.ncbi.nlm.nih.gov/geo/samples/GSM1233nnn/GSM1233044/suppl/GSM1233044_CJL066_20081027.CEL.gz","54675","55","HER2+ CT","32.02","6500","23","1","31.38","ER+","28.38","HER2+","no","0","6","6","50","2","post","0","0","21","RD","40","32.49","PR+","0","Caucasian","27","50","neoadjuvant doxorubicin/paclitaxel (AT) followed by cyclophosphamide/methotrexate/fluorouracil (CMF)"
"GSM1233045","BreastCancer_S067","GSM1233045","Public on Jan 21 2014","Sep 17 2013","Jun 06 2022","RNA","1","breast cancer","Homo sapiens","centerid: 23","patid: 31","size_dissected_area: 144","percentage_tumor_cells: 30","cell_number_dissected: 26000","inflammatory_cells [%]: 2","invasive_tumor_area_size1 [mm]: 16","invasive_tumor_area_size2 [mm]: 12","invasive_tumor_cells [%]: 30","invasive_tumor_grade: 2","necrotic_cells [%]: 1","normal_epithelial_cells [%]: 3","preneoplastic_tumor_cells [%]: 0","stroma_cells [%]: 64","bgus.ct: 30.92","er.ct: 34.07","her2.ct: 24.68","pr.ct: 43.51","race: Caucasian","er: ER+","pr: PR+","her2: HER2+","arm: HER2+ CT H","treatment: neoadjuvant doxorubicin/paclitaxel (AT) followed by cyclophosphamide/methotrexate/fluorouracil (CMF) + Trastuzumab for 1 year","age: 35","ecog: 0","inflammatory.brca: no","menopausal.status: pre","pcr: RD","total RNA","Formalin-fixed, paraffin-embedded (FFPE) core biopsies were prospectively collected prior to treatment. The yield and purity of RNA was determined using a NanoDrop 1000 Spectrophotometer (Thermo Scientific). RNA integrity was measured using a Bioanalyzer (Agilent Technologies) with either the RNA Nano or Pico Kit, depending on sample concentration. The RNA Integrity Number (RIN) and average length of the RNA were used for sample characterization. mRNA integrity was measured using a semiquantitative reverse transcription-polymerase chain reaction assay (rtPCR). This assay is based on quantitative amplification of 5'- and 3'-end sequences of the housekeeping gene β-actin. Calculating the ratio of 3' to 5' amplicons allows for assessment of mRNA integrity: intact RNA transcripts exhibit a ratio of 1, while degraded RNA increases the ratio.","biotin","A Transcriptor First Strand cDNA Synthesis Kit (Roche) was used to prepare cDNA from 100 ng of total RNA, using an anchored oligo(dT)-primer followed by a subsequent amplification step with the SYBR Green I Master on a LightCycler® 480 instrument (Roche Applied Science). Formalin-fixed paraffin-embedded tumor (FFPET)-derived RNA was amplified with the WT-Ovation™ FFPE System V2 (NuGEN). Biotin labeling of the cDNA was performed using the FL-Ovation cDNA Biotin Module V2 (NuGEN).","9606","Hybridization of labeled probes on the Affymetrix GeneChip Human Genome U133 Plus 2.0 Array were conducted using the GeneChip® Hybridization, Wash, and Stain Kit (Affymetrix).","For this workflow a GeneChip Fluidics Station 450 and a GeneChip Scanner 3000 7G were used","R (3.0.1) & Bioconductor (2.20.1)","GPL570","Anton,,Belousov","TTB Biostatistics","NCS-TTB","Roche","Nonnenwald 2","Penzberg","82377","Germany","ftp://ftp.ncbi.nlm.nih.gov/geo/samples/GSM1233nnn/GSM1233045/suppl/GSM1233045_CJL067_20081020.CEL.gz","54675","35","HER2+ CT H","30.92","26000","23","0","34.07","ER+","24.68","HER2+","no","2","16","12","30","2","pre","1","3","31","RD","30","43.51","PR+","0","Caucasian","144","64","neoadjuvant doxorubicin/paclitaxel (AT) followed by cyclophosphamide/methotrexate/fluorouracil (CMF) + Trastuzumab for 1 year"
"GSM1233046","BreastCancer_S069","GSM1233046","Public on Jan 21 2014","Sep 17 2013","Jun 06 2022","RNA","1","breast cancer","Homo sapiens","centerid: 26","patid: 531","size_dissected_area: 3","percentage_tumor_cells: 75","cell_number_dissected: 1400","inflammatory_cells [%]: 10","invasive_tumor_area_size1 [mm]: 9","invasive_tumor_area_size2 [mm]: 1","invasive_tumor_cells [%]: 50","invasive_tumor_grade: 3","necrotic_cells [%]: 0","normal_epithelial_cells [%]: 2","preneoplastic_tumor_cells [%]: 0","stroma_cells [%]: 38","bgus.ct: 32.04","er.ct: 33.4","her2.ct: 28.2","pr.ct: 34.56","race: Caucasian","er: ER-","pr: PR-","her2: HER2+","arm: HER2+ CT","treatment: neoadjuvant doxorubicin/paclitaxel (AT) followed by cyclophosphamide/methotrexate/fluorouracil (CMF)","age: 53","ecog: 0","inflammatory.brca: no","menopausal.status: post","pcr: RD","total RNA","Formalin-fixed, paraffin-embedded (FFPE) core biopsies were prospectively collected prior to treatment. The yield and purity of RNA was determined using a NanoDrop 1000 Spectrophotometer (Thermo Scientific). RNA integrity was measured using a Bioanalyzer (Agilent Technologies) with either the RNA Nano or Pico Kit, depending on sample concentration. The RNA Integrity Number (RIN) and average length of the RNA were used for sample characterization. mRNA integrity was measured using a semiquantitative reverse transcription-polymerase chain reaction assay (rtPCR). This assay is based on quantitative amplification of 5'- and 3'-end sequences of the housekeeping gene β-actin. Calculating the ratio of 3' to 5' amplicons allows for assessment of mRNA integrity: intact RNA transcripts exhibit a ratio of 1, while degraded RNA increases the ratio.","biotin","A Transcriptor First Strand cDNA Synthesis Kit (Roche) was used to prepare cDNA from 100 ng of total RNA, using an anchored oligo(dT)-primer followed by a subsequent amplification step with the SYBR Green I Master on a LightCycler® 480 instrument (Roche Applied Science). Formalin-fixed paraffin-embedded tumor (FFPET)-derived RNA was amplified with the WT-Ovation™ FFPE System V2 (NuGEN). Biotin labeling of the cDNA was performed using the FL-Ovation cDNA Biotin Module V2 (NuGEN).","9606","Hybridization of labeled probes on the Affymetrix GeneChip Human Genome U133 Plus 2.0 Array were conducted using the GeneChip® Hybridization, Wash, and Stain Kit (Affymetrix).","For this workflow a GeneChip Fluidics Station 450 and a GeneChip Scanner 3000 7G were used","R (3.0.1) & Bioconductor (2.20.1)","GPL570","Anton,,Belousov","TTB Biostatistics","NCS-TTB","Roche","Nonnenwald 2","Penzberg","82377","Germany","ftp://ftp.ncbi.nlm.nih.gov/geo/samples/GSM1233nnn/GSM1233046/suppl/GSM1233046_CJL069_20081027.CEL.gz","54675","53","HER2+ CT","32.04","1400","26","0","33.4","ER-","28.2","HER2+","no","10","9","1","50","3","post","0","2","531","RD","75","34.56","PR-","0","Caucasian","3","38","neoadjuvant doxorubicin/paclitaxel (AT) followed by cyclophosphamide/methotrexate/fluorouracil (CMF)"
"GSM1233047","BreastCancer_S070","GSM1233047","Public on Jan 21 2014","Sep 17 2013","Jun 06 2022","RNA","1","breast cancer","Homo sapiens","centerid: 26","patid: 491","size_dissected_area: 5","percentage_tumor_cells: 72","cell_number_dissected: 2100","inflammatory_cells [%]: 0","invasive_tumor_area_size1 [mm]: 8","invasive_tumor_area_size2 [mm]: 2","invasive_tumor_cells [%]: 60","invasive_tumor_grade: 2","necrotic_cells [%]: 0","normal_epithelial_cells [%]: 0","preneoplastic_tumor_cells [%]: 0","stroma_cells [%]: 40","bgus.ct: 32.93","er.ct: 33.55","her2.ct: 29.63","pr.ct: 38.08","race: Caucasian","er: ER+","pr: PR+","her2: HER2+","arm: HER2+ CT H","treatment: neoadjuvant doxorubicin/paclitaxel (AT) followed by cyclophosphamide/methotrexate/fluorouracil (CMF) + Trastuzumab for 1 year","age: 35","ecog: 0","inflammatory.brca: no","menopausal.status: pre","pcr: RD","total RNA","Formalin-fixed, paraffin-embedded (FFPE) core biopsies were prospectively collected prior to treatment. The yield and purity of RNA was determined using a NanoDrop 1000 Spectrophotometer (Thermo Scientific). RNA integrity was measured using a Bioanalyzer (Agilent Technologies) with either the RNA Nano or Pico Kit, depending on sample concentration. The RNA Integrity Number (RIN) and average length of the RNA were used for sample characterization. mRNA integrity was measured using a semiquantitative reverse transcription-polymerase chain reaction assay (rtPCR). This assay is based on quantitative amplification of 5'- and 3'-end sequences of the housekeeping gene β-actin. Calculating the ratio of 3' to 5' amplicons allows for assessment of mRNA integrity: intact RNA transcripts exhibit a ratio of 1, while degraded RNA increases the ratio.","biotin","A Transcriptor First Strand cDNA Synthesis Kit (Roche) was used to prepare cDNA from 100 ng of total RNA, using an anchored oligo(dT)-primer followed by a subsequent amplification step with the SYBR Green I Master on a LightCycler® 480 instrument (Roche Applied Science). Formalin-fixed paraffin-embedded tumor (FFPET)-derived RNA was amplified with the WT-Ovation™ FFPE System V2 (NuGEN). Biotin labeling of the cDNA was performed using the FL-Ovation cDNA Biotin Module V2 (NuGEN).","9606","Hybridization of labeled probes on the Affymetrix GeneChip Human Genome U133 Plus 2.0 Array were conducted using the GeneChip® Hybridization, Wash, and Stain Kit (Affymetrix).","For this workflow a GeneChip Fluidics Station 450 and a GeneChip Scanner 3000 7G were used","R (3.0.1) & Bioconductor (2.20.1)","GPL570","Anton,,Belousov","TTB Biostatistics","NCS-TTB","Roche","Nonnenwald 2","Penzberg","82377","Germany","ftp://ftp.ncbi.nlm.nih.gov/geo/samples/GSM1233nnn/GSM1233047/suppl/GSM1233047_CJL070_20081020.CEL.gz","54675","35","HER2+ CT H","32.93","2100","26","0","33.55","ER+","29.63","HER2+","no","0","8","2","60","2","pre","0","0","491","RD","72","38.08","PR+","0","Caucasian","5","40","neoadjuvant doxorubicin/paclitaxel (AT) followed by cyclophosphamide/methotrexate/fluorouracil (CMF) + Trastuzumab for 1 year"
"GSM1233048","BreastCancer_S075","GSM1233048","Public on Jan 21 2014","Sep 17 2013","Jun 06 2022","RNA","1","breast cancer","Homo sapiens","centerid: 26","patid: 441","size_dissected_area: 24","percentage_tumor_cells: 75","cell_number_dissected: 14400","inflammatory_cells [%]: 5","invasive_tumor_area_size1 [mm]: 8","invasive_tumor_area_size2 [mm]: 3","invasive_tumor_cells [%]: 75","invasive_tumor_grade: 2","necrotic_cells [%]: 0","normal_epithelial_cells [%]: 0","preneoplastic_tumor_cells [%]: 0","stroma_cells [%]: 20","er.ct: 0","her2.ct: 33.9","pr.ct: 0","race: Caucasian","er: ER-","pr: PR-","her2: HER2+","arm: HER2+ CT H","treatment: neoadjuvant doxorubicin/paclitaxel (AT) followed by cyclophosphamide/methotrexate/fluorouracil (CMF) + Trastuzumab for 1 year","age: 47","ecog: 0","inflammatory.brca: yes","menopausal.status: pre","pcr: pCR","","total RNA","Formalin-fixed, paraffin-embedded (FFPE) core biopsies were prospectively collected prior to treatment. The yield and purity of RNA was determined using a NanoDrop 1000 Spectrophotometer (Thermo Scientific). RNA integrity was measured using a Bioanalyzer (Agilent Technologies) with either the RNA Nano or Pico Kit, depending on sample concentration. The RNA Integrity Number (RIN) and average length of the RNA were used for sample characterization. mRNA integrity was measured using a semiquantitative reverse transcription-polymerase chain reaction assay (rtPCR). This assay is based on quantitative amplification of 5'- and 3'-end sequences of the housekeeping gene β-actin. Calculating the ratio of 3' to 5' amplicons allows for assessment of mRNA integrity: intact RNA transcripts exhibit a ratio of 1, while degraded RNA increases the ratio.","biotin","A Transcriptor First Strand cDNA Synthesis Kit (Roche) was used to prepare cDNA from 100 ng of total RNA, using an anchored oligo(dT)-primer followed by a subsequent amplification step with the SYBR Green I Master on a LightCycler® 480 instrument (Roche Applied Science). Formalin-fixed paraffin-embedded tumor (FFPET)-derived RNA was amplified with the WT-Ovation™ FFPE System V2 (NuGEN). Biotin labeling of the cDNA was performed using the FL-Ovation cDNA Biotin Module V2 (NuGEN).","9606","Hybridization of labeled probes on the Affymetrix GeneChip Human Genome U133 Plus 2.0 Array were conducted using the GeneChip® Hybridization, Wash, and Stain Kit (Affymetrix).","For this workflow a GeneChip Fluidics Station 450 and a GeneChip Scanner 3000 7G were used","R (3.0.1) & Bioconductor (2.20.1)","GPL570","Anton,,Belousov","TTB Biostatistics","NCS-TTB","Roche","Nonnenwald 2","Penzberg","82377","Germany","ftp://ftp.ncbi.nlm.nih.gov/geo/samples/GSM1233nnn/GSM1233048/suppl/GSM1233048_CJL75_20090114.CEL.gz","54675","47","HER2+ CT H",NA,"14400","26","0","0","ER-","33.9","HER2+","yes","5","8","3","75","2","pre","0","0","441","pCR","75","0","PR-","0","Caucasian","24","20","neoadjuvant doxorubicin/paclitaxel (AT) followed by cyclophosphamide/methotrexate/fluorouracil (CMF) + Trastuzumab for 1 year"
"GSM1233049","BreastCancer_S076","GSM1233049","Public on Jan 21 2014","Sep 17 2013","Jun 06 2022","RNA","1","breast cancer","Homo sapiens","centerid: 26","patid: 411","size_dissected_area: 18","percentage_tumor_cells: 70","cell_number_dissected: 10080","inflammatory_cells [%]: 10","invasive_tumor_area_size1 [mm]: 6","invasive_tumor_area_size2 [mm]: 3","invasive_tumor_cells [%]: 70","invasive_tumor_grade: 3","necrotic_cells [%]: 2","normal_epithelial_cells [%]: 3","preneoplastic_tumor_cells [%]: 0","stroma_cells [%]: 15","bgus.ct: 34","er.ct: 33.32","her2.ct: 31.17","pr.ct: 33.81","race: Caucasian","er: ER+","pr: PR+","her2: HER2+","arm: HER2+ CT","treatment: neoadjuvant doxorubicin/paclitaxel (AT) followed by cyclophosphamide/methotrexate/fluorouracil (CMF)","age: 48","ecog: 0","inflammatory.brca: no","menopausal.status: pre","pcr: pCR","total RNA","Formalin-fixed, paraffin-embedded (FFPE) core biopsies were prospectively collected prior to treatment. The yield and purity of RNA was determined using a NanoDrop 1000 Spectrophotometer (Thermo Scientific). RNA integrity was measured using a Bioanalyzer (Agilent Technologies) with either the RNA Nano or Pico Kit, depending on sample concentration. The RNA Integrity Number (RIN) and average length of the RNA were used for sample characterization. mRNA integrity was measured using a semiquantitative reverse transcription-polymerase chain reaction assay (rtPCR). This assay is based on quantitative amplification of 5'- and 3'-end sequences of the housekeeping gene β-actin. Calculating the ratio of 3' to 5' amplicons allows for assessment of mRNA integrity: intact RNA transcripts exhibit a ratio of 1, while degraded RNA increases the ratio.","biotin","A Transcriptor First Strand cDNA Synthesis Kit (Roche) was used to prepare cDNA from 100 ng of total RNA, using an anchored oligo(dT)-primer followed by a subsequent amplification step with the SYBR Green I Master on a LightCycler® 480 instrument (Roche Applied Science). Formalin-fixed paraffin-embedded tumor (FFPET)-derived RNA was amplified with the WT-Ovation™ FFPE System V2 (NuGEN). Biotin labeling of the cDNA was performed using the FL-Ovation cDNA Biotin Module V2 (NuGEN).","9606","Hybridization of labeled probes on the Affymetrix GeneChip Human Genome U133 Plus 2.0 Array were conducted using the GeneChip® Hybridization, Wash, and Stain Kit (Affymetrix).","For this workflow a GeneChip Fluidics Station 450 and a GeneChip Scanner 3000 7G were used","R (3.0.1) & Bioconductor (2.20.1)","GPL570","Anton,,Belousov","TTB Biostatistics","NCS-TTB","Roche","Nonnenwald 2","Penzberg","82377","Germany","ftp://ftp.ncbi.nlm.nih.gov/geo/samples/GSM1233nnn/GSM1233049/suppl/GSM1233049_CJL076_20081027.CEL.gz","54675","48","HER2+ CT","34","10080","26","0","33.32","ER+","31.17","HER2+","no","10","6","3","70","3","pre","2","3","411","pCR","70","33.81","PR+","0","Caucasian","18","15","neoadjuvant doxorubicin/paclitaxel (AT) followed by cyclophosphamide/methotrexate/fluorouracil (CMF)"
"GSM1233050","BreastCancer_S078","GSM1233050","Public on Jan 21 2014","Sep 17 2013","Jun 06 2022","RNA","1","breast cancer","Homo sapiens","centerid: 26","patid: 421","size_dissected_area: 9","percentage_tumor_cells: 75","cell_number_dissected: 4000","inflammatory_cells [%]: 2","invasive_tumor_area_size1 [mm]: 9","invasive_tumor_area_size2 [mm]: 2","invasive_tumor_cells [%]: 65","invasive_tumor_grade: 3","necrotic_cells [%]: 0","normal_epithelial_cells [%]: 3","preneoplastic_tumor_cells [%]: 0","stroma_cells [%]: 30","bgus.ct: 33.56","er.ct: 0","her2.ct: 29.43","pr.ct: 0","race: Caucasian","er: ER-","pr: PR+","her2: HER2+","arm: HER2+ CT H","treatment: neoadjuvant doxorubicin/paclitaxel (AT) followed by cyclophosphamide/methotrexate/fluorouracil (CMF) + Trastuzumab for 1 year","age: 50","ecog: 0","inflammatory.brca: no","menopausal.status: pre","pcr: RD","total RNA","Formalin-fixed, paraffin-embedded (FFPE) core biopsies were prospectively collected prior to treatment. The yield and purity of RNA was determined using a NanoDrop 1000 Spectrophotometer (Thermo Scientific). RNA integrity was measured using a Bioanalyzer (Agilent Technologies) with either the RNA Nano or Pico Kit, depending on sample concentration. The RNA Integrity Number (RIN) and average length of the RNA were used for sample characterization. mRNA integrity was measured using a semiquantitative reverse transcription-polymerase chain reaction assay (rtPCR). This assay is based on quantitative amplification of 5'- and 3'-end sequences of the housekeeping gene β-actin. Calculating the ratio of 3' to 5' amplicons allows for assessment of mRNA integrity: intact RNA transcripts exhibit a ratio of 1, while degraded RNA increases the ratio.","biotin","A Transcriptor First Strand cDNA Synthesis Kit (Roche) was used to prepare cDNA from 100 ng of total RNA, using an anchored oligo(dT)-primer followed by a subsequent amplification step with the SYBR Green I Master on a LightCycler® 480 instrument (Roche Applied Science). Formalin-fixed paraffin-embedded tumor (FFPET)-derived RNA was amplified with the WT-Ovation™ FFPE System V2 (NuGEN). Biotin labeling of the cDNA was performed using the FL-Ovation cDNA Biotin Module V2 (NuGEN).","9606","Hybridization of labeled probes on the Affymetrix GeneChip Human Genome U133 Plus 2.0 Array were conducted using the GeneChip® Hybridization, Wash, and Stain Kit (Affymetrix).","For this workflow a GeneChip Fluidics Station 450 and a GeneChip Scanner 3000 7G were used","R (3.0.1) & Bioconductor (2.20.1)","GPL570","Anton,,Belousov","TTB Biostatistics","NCS-TTB","Roche","Nonnenwald 2","Penzberg","82377","Germany","ftp://ftp.ncbi.nlm.nih.gov/geo/samples/GSM1233nnn/GSM1233050/suppl/GSM1233050_CJL78_20090114.CEL.gz","54675","50","HER2+ CT H","33.56","4000","26","0","0","ER-","29.43","HER2+","no","2","9","2","65","3","pre","0","3","421","RD","75","0","PR+","0","Caucasian","9","30","neoadjuvant doxorubicin/paclitaxel (AT) followed by cyclophosphamide/methotrexate/fluorouracil (CMF) + Trastuzumab for 1 year"
"GSM1233051","BreastCancer_S080","GSM1233051","Public on Jan 21 2014","Sep 17 2013","Jun 06 2022","RNA","1","breast cancer","Homo sapiens","centerid: 26","patid: 251","size_dissected_area: 11","percentage_tumor_cells: 40","cell_number_dissected: 2600","inflammatory_cells [%]: 15","invasive_tumor_area_size1 [mm]: 5","invasive_tumor_area_size2 [mm]: 3","invasive_tumor_cells [%]: 60","invasive_tumor_grade: 3","necrotic_cells [%]: 1","normal_epithelial_cells [%]: 0","preneoplastic_tumor_cells [%]: 4","stroma_cells [%]: 20","bgus.ct: 33.42","er.ct: 33.57","her2.ct: 28.86","pr.ct: 34.06","race: Caucasian","er: ER-","pr: PR+","her2: HER2+","arm: HER2+ CT","treatment: neoadjuvant doxorubicin/paclitaxel (AT) followed by cyclophosphamide/methotrexate/fluorouracil (CMF)","age: 51","ecog: 0","inflammatory.brca: no","menopausal.status: pre","pcr: RD","total RNA","Formalin-fixed, paraffin-embedded (FFPE) core biopsies were prospectively collected prior to treatment. The yield and purity of RNA was determined using a NanoDrop 1000 Spectrophotometer (Thermo Scientific). RNA integrity was measured using a Bioanalyzer (Agilent Technologies) with either the RNA Nano or Pico Kit, depending on sample concentration. The RNA Integrity Number (RIN) and average length of the RNA were used for sample characterization. mRNA integrity was measured using a semiquantitative reverse transcription-polymerase chain reaction assay (rtPCR). This assay is based on quantitative amplification of 5'- and 3'-end sequences of the housekeeping gene β-actin. Calculating the ratio of 3' to 5' amplicons allows for assessment of mRNA integrity: intact RNA transcripts exhibit a ratio of 1, while degraded RNA increases the ratio.","biotin","A Transcriptor First Strand cDNA Synthesis Kit (Roche) was used to prepare cDNA from 100 ng of total RNA, using an anchored oligo(dT)-primer followed by a subsequent amplification step with the SYBR Green I Master on a LightCycler® 480 instrument (Roche Applied Science). Formalin-fixed paraffin-embedded tumor (FFPET)-derived RNA was amplified with the WT-Ovation™ FFPE System V2 (NuGEN). Biotin labeling of the cDNA was performed using the FL-Ovation cDNA Biotin Module V2 (NuGEN).","9606","Hybridization of labeled probes on the Affymetrix GeneChip Human Genome U133 Plus 2.0 Array were conducted using the GeneChip® Hybridization, Wash, and Stain Kit (Affymetrix).","For this workflow a GeneChip Fluidics Station 450 and a GeneChip Scanner 3000 7G were used","R (3.0.1) & Bioconductor (2.20.1)","GPL570","Anton,,Belousov","TTB Biostatistics","NCS-TTB","Roche","Nonnenwald 2","Penzberg","82377","Germany","ftp://ftp.ncbi.nlm.nih.gov/geo/samples/GSM1233nnn/GSM1233051/suppl/GSM1233051_CJL080_20081020.CEL.gz","54675","51","HER2+ CT","33.42","2600","26","0","33.57","ER-","28.86","HER2+","no","15","5","3","60","3","pre","1","0","251","RD","40","34.06","PR+","4","Caucasian","11","20","neoadjuvant doxorubicin/paclitaxel (AT) followed by cyclophosphamide/methotrexate/fluorouracil (CMF)"
"GSM1233052","BreastCancer_S082","GSM1233052","Public on Jan 21 2014","Sep 17 2013","Jun 06 2022","RNA","1","breast cancer","Homo sapiens","centerid: 26","patid: 301","size_dissected_area: 10","percentage_tumor_cells: 20","cell_number_dissected: 1200","inflammatory_cells [%]: 10","invasive_tumor_area_size1 [mm]: 10","invasive_tumor_area_size2 [mm]: 2","invasive_tumor_cells [%]: 40","invasive_tumor_grade: 2","necrotic_cells [%]: 2","normal_epithelial_cells [%]: 0","preneoplastic_tumor_cells [%]: 3","stroma_cells [%]: 45","bgus.ct: 33.53","er.ct: 33.61","her2.ct: 27.57","pr.ct: 34.38","race: Caucasian","er: ER-","pr: PR+","her2: HER2+","arm: HER2+ CT H","treatment: neoadjuvant doxorubicin/paclitaxel (AT) followed by cyclophosphamide/methotrexate/fluorouracil (CMF) + Trastuzumab for 1 year","age: 41","ecog: 0","inflammatory.brca: no","menopausal.status: pre","pcr: RD","total RNA","Formalin-fixed, paraffin-embedded (FFPE) core biopsies were prospectively collected prior to treatment. The yield and purity of RNA was determined using a NanoDrop 1000 Spectrophotometer (Thermo Scientific). RNA integrity was measured using a Bioanalyzer (Agilent Technologies) with either the RNA Nano or Pico Kit, depending on sample concentration. The RNA Integrity Number (RIN) and average length of the RNA were used for sample characterization. mRNA integrity was measured using a semiquantitative reverse transcription-polymerase chain reaction assay (rtPCR). This assay is based on quantitative amplification of 5'- and 3'-end sequences of the housekeeping gene β-actin. Calculating the ratio of 3' to 5' amplicons allows for assessment of mRNA integrity: intact RNA transcripts exhibit a ratio of 1, while degraded RNA increases the ratio.","biotin","A Transcriptor First Strand cDNA Synthesis Kit (Roche) was used to prepare cDNA from 100 ng of total RNA, using an anchored oligo(dT)-primer followed by a subsequent amplification step with the SYBR Green I Master on a LightCycler® 480 instrument (Roche Applied Science). Formalin-fixed paraffin-embedded tumor (FFPET)-derived RNA was amplified with the WT-Ovation™ FFPE System V2 (NuGEN). Biotin labeling of the cDNA was performed using the FL-Ovation cDNA Biotin Module V2 (NuGEN).","9606","Hybridization of labeled probes on the Affymetrix GeneChip Human Genome U133 Plus 2.0 Array were conducted using the GeneChip® Hybridization, Wash, and Stain Kit (Affymetrix).","For this workflow a GeneChip Fluidics Station 450 and a GeneChip Scanner 3000 7G were used","R (3.0.1) & Bioconductor (2.20.1)","GPL570","Anton,,Belousov","TTB Biostatistics","NCS-TTB","Roche","Nonnenwald 2","Penzberg","82377","Germany","ftp://ftp.ncbi.nlm.nih.gov/geo/samples/GSM1233nnn/GSM1233052/suppl/GSM1233052_CJL082_20081104.CEL.gz","54675","41","HER2+ CT H","33.53","1200","26","0","33.61","ER-","27.57","HER2+","no","10","10","2","40","2","pre","2","0","301","RD","20","34.38","PR+","3","Caucasian","10","45","neoadjuvant doxorubicin/paclitaxel (AT) followed by cyclophosphamide/methotrexate/fluorouracil (CMF) + Trastuzumab for 1 year"
"GSM1233053","BreastCancer_S086","GSM1233053","Public on Jan 21 2014","Sep 17 2013","Jun 06 2022","RNA","1","breast cancer","Homo sapiens","centerid: 26","patid: 31","size_dissected_area: 5","percentage_tumor_cells: 65","cell_number_dissected: 2000","inflammatory_cells [%]: 5","invasive_tumor_area_size1 [mm]: 6","invasive_tumor_area_size2 [mm]: 1","invasive_tumor_cells [%]: 60","invasive_tumor_grade: 2","necrotic_cells [%]: 0","normal_epithelial_cells [%]: 0","preneoplastic_tumor_cells [%]: 0","stroma_cells [%]: 35","bgus.ct: 31.82","er.ct: 31.56","her2.ct: 29.66","pr.ct: 50","race: Caucasian","er: ER-","pr: PR-","her2: HER2+","arm: HER2+ CT H","treatment: neoadjuvant doxorubicin/paclitaxel (AT) followed by cyclophosphamide/methotrexate/fluorouracil (CMF) + Trastuzumab for 1 year","age: 54","ecog: 0","inflammatory.brca: no","menopausal.status: pre","pcr: RD","total RNA","Formalin-fixed, paraffin-embedded (FFPE) core biopsies were prospectively collected prior to treatment. The yield and purity of RNA was determined using a NanoDrop 1000 Spectrophotometer (Thermo Scientific). RNA integrity was measured using a Bioanalyzer (Agilent Technologies) with either the RNA Nano or Pico Kit, depending on sample concentration. The RNA Integrity Number (RIN) and average length of the RNA were used for sample characterization. mRNA integrity was measured using a semiquantitative reverse transcription-polymerase chain reaction assay (rtPCR). This assay is based on quantitative amplification of 5'- and 3'-end sequences of the housekeeping gene β-actin. Calculating the ratio of 3' to 5' amplicons allows for assessment of mRNA integrity: intact RNA transcripts exhibit a ratio of 1, while degraded RNA increases the ratio.","biotin","A Transcriptor First Strand cDNA Synthesis Kit (Roche) was used to prepare cDNA from 100 ng of total RNA, using an anchored oligo(dT)-primer followed by a subsequent amplification step with the SYBR Green I Master on a LightCycler® 480 instrument (Roche Applied Science). Formalin-fixed paraffin-embedded tumor (FFPET)-derived RNA was amplified with the WT-Ovation™ FFPE System V2 (NuGEN). Biotin labeling of the cDNA was performed using the FL-Ovation cDNA Biotin Module V2 (NuGEN).","9606","Hybridization of labeled probes on the Affymetrix GeneChip Human Genome U133 Plus 2.0 Array were conducted using the GeneChip® Hybridization, Wash, and Stain Kit (Affymetrix).","For this workflow a GeneChip Fluidics Station 450 and a GeneChip Scanner 3000 7G were used","R (3.0.1) & Bioconductor (2.20.1)","GPL570","Anton,,Belousov","TTB Biostatistics","NCS-TTB","Roche","Nonnenwald 2","Penzberg","82377","Germany","ftp://ftp.ncbi.nlm.nih.gov/geo/samples/GSM1233nnn/GSM1233053/suppl/GSM1233053_CJL86_20090114.CEL.gz","54675","54","HER2+ CT H","31.82","2000","26","0","31.56","ER-","29.66","HER2+","no","5","6","1","60","2","pre","0","0","31","RD","65","50","PR-","0","Caucasian","5","35","neoadjuvant doxorubicin/paclitaxel (AT) followed by cyclophosphamide/methotrexate/fluorouracil (CMF) + Trastuzumab for 1 year"
"GSM1233054","BreastCancer_S087","GSM1233054","Public on Jan 21 2014","Sep 17 2013","Jun 06 2022","RNA","1","breast cancer","Homo sapiens","centerid: 26","patid: 461","size_dissected_area: 11","percentage_tumor_cells: 55","cell_number_dissected: 3600","inflammatory_cells [%]: 0","invasive_tumor_area_size1 [mm]: 8","invasive_tumor_area_size2 [mm]: 2","invasive_tumor_cells [%]: 60","invasive_tumor_grade: 3","necrotic_cells [%]: 0","normal_epithelial_cells [%]: 5","preneoplastic_tumor_cells [%]: 0","stroma_cells [%]: 35","bgus.ct: 31.52","er.ct: 30.96","her2.ct: 27.98","pr.ct: 40.56","race: Caucasian","er: ER-","pr: PR+","her2: HER2+","arm: HER2+ CT","treatment: neoadjuvant doxorubicin/paclitaxel (AT) followed by cyclophosphamide/methotrexate/fluorouracil (CMF)","age: 48","ecog: 0","inflammatory.brca: no","menopausal.status: pre","pcr: RD","total RNA","Formalin-fixed, paraffin-embedded (FFPE) core biopsies were prospectively collected prior to treatment. The yield and purity of RNA was determined using a NanoDrop 1000 Spectrophotometer (Thermo Scientific). RNA integrity was measured using a Bioanalyzer (Agilent Technologies) with either the RNA Nano or Pico Kit, depending on sample concentration. The RNA Integrity Number (RIN) and average length of the RNA were used for sample characterization. mRNA integrity was measured using a semiquantitative reverse transcription-polymerase chain reaction assay (rtPCR). This assay is based on quantitative amplification of 5'- and 3'-end sequences of the housekeeping gene β-actin. Calculating the ratio of 3' to 5' amplicons allows for assessment of mRNA integrity: intact RNA transcripts exhibit a ratio of 1, while degraded RNA increases the ratio.","biotin","A Transcriptor First Strand cDNA Synthesis Kit (Roche) was used to prepare cDNA from 100 ng of total RNA, using an anchored oligo(dT)-primer followed by a subsequent amplification step with the SYBR Green I Master on a LightCycler® 480 instrument (Roche Applied Science). Formalin-fixed paraffin-embedded tumor (FFPET)-derived RNA was amplified with the WT-Ovation™ FFPE System V2 (NuGEN). Biotin labeling of the cDNA was performed using the FL-Ovation cDNA Biotin Module V2 (NuGEN).","9606","Hybridization of labeled probes on the Affymetrix GeneChip Human Genome U133 Plus 2.0 Array were conducted using the GeneChip® Hybridization, Wash, and Stain Kit (Affymetrix).","For this workflow a GeneChip Fluidics Station 450 and a GeneChip Scanner 3000 7G were used","R (3.0.1) & Bioconductor (2.20.1)","GPL570","Anton,,Belousov","TTB Biostatistics","NCS-TTB","Roche","Nonnenwald 2","Penzberg","82377","Germany","ftp://ftp.ncbi.nlm.nih.gov/geo/samples/GSM1233nnn/GSM1233054/suppl/GSM1233054_CJL087_20081027.CEL.gz","54675","48","HER2+ CT","31.52","3600","26","0","30.96","ER-","27.98","HER2+","no","0","8","2","60","3","pre","0","5","461","RD","55","40.56","PR+","0","Caucasian","11","35","neoadjuvant doxorubicin/paclitaxel (AT) followed by cyclophosphamide/methotrexate/fluorouracil (CMF)"
"GSM1233055","BreastCancer_S088","GSM1233055","Public on Jan 21 2014","Sep 17 2013","Jun 06 2022","RNA","1","breast cancer","Homo sapiens","centerid: 26","patid: 71","size_dissected_area: 1","percentage_tumor_cells: 30","cell_number_dissected: 180","inflammatory_cells [%]: 5","invasive_tumor_area_size1 [mm]: 1","invasive_tumor_area_size2 [mm]: 1","invasive_tumor_cells [%]: 25","invasive_tumor_grade: 2","necrotic_cells [%]: 0","normal_epithelial_cells [%]: 0","preneoplastic_tumor_cells [%]: 0","stroma_cells [%]: 70","bgus.ct: 34.81","er.ct: 33.8","her2.ct: 31.28","pr.ct: 35.65","race: Caucasian","er: ER-","pr: PR-","her2: HER2+","arm: HER2+ CT H","treatment: neoadjuvant doxorubicin/paclitaxel (AT) followed by cyclophosphamide/methotrexate/fluorouracil (CMF) + Trastuzumab for 1 year","age: 52","ecog: 0","inflammatory.brca: no","menopausal.status: pre","pcr: RD","total RNA","Formalin-fixed, paraffin-embedded (FFPE) core biopsies were prospectively collected prior to treatment. The yield and purity of RNA was determined using a NanoDrop 1000 Spectrophotometer (Thermo Scientific). RNA integrity was measured using a Bioanalyzer (Agilent Technologies) with either the RNA Nano or Pico Kit, depending on sample concentration. The RNA Integrity Number (RIN) and average length of the RNA were used for sample characterization. mRNA integrity was measured using a semiquantitative reverse transcription-polymerase chain reaction assay (rtPCR). This assay is based on quantitative amplification of 5'- and 3'-end sequences of the housekeeping gene β-actin. Calculating the ratio of 3' to 5' amplicons allows for assessment of mRNA integrity: intact RNA transcripts exhibit a ratio of 1, while degraded RNA increases the ratio.","biotin","A Transcriptor First Strand cDNA Synthesis Kit (Roche) was used to prepare cDNA from 100 ng of total RNA, using an anchored oligo(dT)-primer followed by a subsequent amplification step with the SYBR Green I Master on a LightCycler® 480 instrument (Roche Applied Science). Formalin-fixed paraffin-embedded tumor (FFPET)-derived RNA was amplified with the WT-Ovation™ FFPE System V2 (NuGEN). Biotin labeling of the cDNA was performed using the FL-Ovation cDNA Biotin Module V2 (NuGEN).","9606","Hybridization of labeled probes on the Affymetrix GeneChip Human Genome U133 Plus 2.0 Array were conducted using the GeneChip® Hybridization, Wash, and Stain Kit (Affymetrix).","For this workflow a GeneChip Fluidics Station 450 and a GeneChip Scanner 3000 7G were used","R (3.0.1) & Bioconductor (2.20.1)","GPL570","Anton,,Belousov","TTB Biostatistics","NCS-TTB","Roche","Nonnenwald 2","Penzberg","82377","Germany","ftp://ftp.ncbi.nlm.nih.gov/geo/samples/GSM1233nnn/GSM1233055/suppl/GSM1233055_CJL088_20081104.CEL.gz","54675","52","HER2+ CT H","34.81","180","26","0","33.8","ER-","31.28","HER2+","no","5","1","1","25","2","pre","0","0","71","RD","30","35.65","PR-","0","Caucasian","1","70","neoadjuvant doxorubicin/paclitaxel (AT) followed by cyclophosphamide/methotrexate/fluorouracil (CMF) + Trastuzumab for 1 year"
"GSM1233056","BreastCancer_S090","GSM1233056","Public on Jan 21 2014","Sep 17 2013","Jun 06 2022","RNA","1","breast cancer","Homo sapiens","centerid: 26","patid: 91","size_dissected_area: 0.7","percentage_tumor_cells: 30","cell_number_dissected: 200","inflammatory_cells [%]: 30","invasive_tumor_area_size1 [mm]: 1","invasive_tumor_area_size2 [mm]: 1","invasive_tumor_cells [%]: 20","invasive_tumor_grade: 2","necrotic_cells [%]: 0","normal_epithelial_cells [%]: 0","preneoplastic_tumor_cells [%]: 5","stroma_cells [%]: 45","bgus.ct: 34.41","er.ct: 33.3","her2.ct: 32.13","pr.ct: 34.01","race: Caucasian","er: ER+","pr: PR+","her2: HER2+","arm: HER2+ CT H","treatment: neoadjuvant doxorubicin/paclitaxel (AT) followed by cyclophosphamide/methotrexate/fluorouracil (CMF) + Trastuzumab for 1 year","age: 56","ecog: 0","inflammatory.brca: no","menopausal.status: post","pcr: pCR","total RNA","Formalin-fixed, paraffin-embedded (FFPE) core biopsies were prospectively collected prior to treatment. The yield and purity of RNA was determined using a NanoDrop 1000 Spectrophotometer (Thermo Scientific). RNA integrity was measured using a Bioanalyzer (Agilent Technologies) with either the RNA Nano or Pico Kit, depending on sample concentration. The RNA Integrity Number (RIN) and average length of the RNA were used for sample characterization. mRNA integrity was measured using a semiquantitative reverse transcription-polymerase chain reaction assay (rtPCR). This assay is based on quantitative amplification of 5'- and 3'-end sequences of the housekeeping gene β-actin. Calculating the ratio of 3' to 5' amplicons allows for assessment of mRNA integrity: intact RNA transcripts exhibit a ratio of 1, while degraded RNA increases the ratio.","biotin","A Transcriptor First Strand cDNA Synthesis Kit (Roche) was used to prepare cDNA from 100 ng of total RNA, using an anchored oligo(dT)-primer followed by a subsequent amplification step with the SYBR Green I Master on a LightCycler® 480 instrument (Roche Applied Science). Formalin-fixed paraffin-embedded tumor (FFPET)-derived RNA was amplified with the WT-Ovation™ FFPE System V2 (NuGEN). Biotin labeling of the cDNA was performed using the FL-Ovation cDNA Biotin Module V2 (NuGEN).","9606","Hybridization of labeled probes on the Affymetrix GeneChip Human Genome U133 Plus 2.0 Array were conducted using the GeneChip® Hybridization, Wash, and Stain Kit (Affymetrix).","For this workflow a GeneChip Fluidics Station 450 and a GeneChip Scanner 3000 7G were used","R (3.0.1) & Bioconductor (2.20.1)","GPL570","Anton,,Belousov","TTB Biostatistics","NCS-TTB","Roche","Nonnenwald 2","Penzberg","82377","Germany","ftp://ftp.ncbi.nlm.nih.gov/geo/samples/GSM1233nnn/GSM1233056/suppl/GSM1233056_CJL090_20081104.CEL.gz","54675","56","HER2+ CT H","34.41","200","26","0","33.3","ER+","32.13","HER2+","no","30","1","1","20","2","post","0","0","91","pCR","30","34.01","PR+","5","Caucasian","0.7","45","neoadjuvant doxorubicin/paclitaxel (AT) followed by cyclophosphamide/methotrexate/fluorouracil (CMF) + Trastuzumab for 1 year"
"GSM1233057","BreastCancer_S094","GSM1233057","Public on Jan 21 2014","Sep 17 2013","Jun 06 2022","RNA","1","breast cancer","Homo sapiens","centerid: 26","patid: 121","size_dissected_area: 6","percentage_tumor_cells: 60","cell_number_dissected: 2100","inflammatory_cells [%]: 5","invasive_tumor_area_size1 [mm]: 6","invasive_tumor_area_size2 [mm]: 2","invasive_tumor_cells [%]: 60","invasive_tumor_grade: 2","necrotic_cells [%]: 0","normal_epithelial_cells [%]: 0","preneoplastic_tumor_cells [%]: 0","stroma_cells [%]: 35","bgus.ct: 32.43","er.ct: 0","her2.ct: 27.78","pr.ct: 34.51","race: Caucasian","er: ER-","pr: PR-","her2: HER2+","arm: HER2+ CT","treatment: neoadjuvant doxorubicin/paclitaxel (AT) followed by cyclophosphamide/methotrexate/fluorouracil (CMF)","age: 33","ecog: 0","inflammatory.brca: no","menopausal.status: pre","pcr: RD","total RNA","Formalin-fixed, paraffin-embedded (FFPE) core biopsies were prospectively collected prior to treatment. The yield and purity of RNA was determined using a NanoDrop 1000 Spectrophotometer (Thermo Scientific). RNA integrity was measured using a Bioanalyzer (Agilent Technologies) with either the RNA Nano or Pico Kit, depending on sample concentration. The RNA Integrity Number (RIN) and average length of the RNA were used for sample characterization. mRNA integrity was measured using a semiquantitative reverse transcription-polymerase chain reaction assay (rtPCR). This assay is based on quantitative amplification of 5'- and 3'-end sequences of the housekeeping gene β-actin. Calculating the ratio of 3' to 5' amplicons allows for assessment of mRNA integrity: intact RNA transcripts exhibit a ratio of 1, while degraded RNA increases the ratio.","biotin","A Transcriptor First Strand cDNA Synthesis Kit (Roche) was used to prepare cDNA from 100 ng of total RNA, using an anchored oligo(dT)-primer followed by a subsequent amplification step with the SYBR Green I Master on a LightCycler® 480 instrument (Roche Applied Science). Formalin-fixed paraffin-embedded tumor (FFPET)-derived RNA was amplified with the WT-Ovation™ FFPE System V2 (NuGEN). Biotin labeling of the cDNA was performed using the FL-Ovation cDNA Biotin Module V2 (NuGEN).","9606","Hybridization of labeled probes on the Affymetrix GeneChip Human Genome U133 Plus 2.0 Array were conducted using the GeneChip® Hybridization, Wash, and Stain Kit (Affymetrix).","For this workflow a GeneChip Fluidics Station 450 and a GeneChip Scanner 3000 7G were used","R (3.0.1) & Bioconductor (2.20.1)","GPL570","Anton,,Belousov","TTB Biostatistics","NCS-TTB","Roche","Nonnenwald 2","Penzberg","82377","Germany","ftp://ftp.ncbi.nlm.nih.gov/geo/samples/GSM1233nnn/GSM1233057/suppl/GSM1233057_CJL094_20081020.CEL.gz","54675","33","HER2+ CT","32.43","2100","26","0","0","ER-","27.78","HER2+","no","5","6","2","60","2","pre","0","0","121","RD","60","34.51","PR-","0","Caucasian","6","35","neoadjuvant doxorubicin/paclitaxel (AT) followed by cyclophosphamide/methotrexate/fluorouracil (CMF)"
"GSM1233058","BreastCancer_S095","GSM1233058","Public on Jan 21 2014","Sep 17 2013","Jun 06 2022","RNA","1","breast cancer","Homo sapiens","centerid: 26","patid: 801","size_dissected_area: 25","percentage_tumor_cells: 40","cell_number_dissected: 6000","inflammatory_cells [%]: 5","invasive_tumor_area_size1 [mm]: 12","invasive_tumor_area_size2 [mm]: 3","invasive_tumor_cells [%]: 60","invasive_tumor_grade: 3","necrotic_cells [%]: 5","normal_epithelial_cells [%]: 0","preneoplastic_tumor_cells [%]: 5","stroma_cells [%]: 25","bgus.ct: 32.11","er.ct: 33.48","her2.ct: 28.51","pr.ct: 45.27","race: Caucasian","er: ER-","pr: PR-","her2: HER2+","arm: HER2+ CT H","treatment: neoadjuvant doxorubicin/paclitaxel (AT) followed by cyclophosphamide/methotrexate/fluorouracil (CMF) + Trastuzumab for 1 year","age: 45","ecog: 0","inflammatory.brca: no","menopausal.status: pre","pcr: pCR","total RNA","Formalin-fixed, paraffin-embedded (FFPE) core biopsies were prospectively collected prior to treatment. The yield and purity of RNA was determined using a NanoDrop 1000 Spectrophotometer (Thermo Scientific). RNA integrity was measured using a Bioanalyzer (Agilent Technologies) with either the RNA Nano or Pico Kit, depending on sample concentration. The RNA Integrity Number (RIN) and average length of the RNA were used for sample characterization. mRNA integrity was measured using a semiquantitative reverse transcription-polymerase chain reaction assay (rtPCR). This assay is based on quantitative amplification of 5'- and 3'-end sequences of the housekeeping gene β-actin. Calculating the ratio of 3' to 5' amplicons allows for assessment of mRNA integrity: intact RNA transcripts exhibit a ratio of 1, while degraded RNA increases the ratio.","biotin","A Transcriptor First Strand cDNA Synthesis Kit (Roche) was used to prepare cDNA from 100 ng of total RNA, using an anchored oligo(dT)-primer followed by a subsequent amplification step with the SYBR Green I Master on a LightCycler® 480 instrument (Roche Applied Science). Formalin-fixed paraffin-embedded tumor (FFPET)-derived RNA was amplified with the WT-Ovation™ FFPE System V2 (NuGEN). Biotin labeling of the cDNA was performed using the FL-Ovation cDNA Biotin Module V2 (NuGEN).","9606","Hybridization of labeled probes on the Affymetrix GeneChip Human Genome U133 Plus 2.0 Array were conducted using the GeneChip® Hybridization, Wash, and Stain Kit (Affymetrix).","For this workflow a GeneChip Fluidics Station 450 and a GeneChip Scanner 3000 7G were used","R (3.0.1) & Bioconductor (2.20.1)","GPL570","Anton,,Belousov","TTB Biostatistics","NCS-TTB","Roche","Nonnenwald 2","Penzberg","82377","Germany","ftp://ftp.ncbi.nlm.nih.gov/geo/samples/GSM1233nnn/GSM1233058/suppl/GSM1233058_CJL095_20081020.CEL.gz","54675","45","HER2+ CT H","32.11","6000","26","0","33.48","ER-","28.51","HER2+","no","5","12","3","60","3","pre","5","0","801","pCR","40","45.27","PR-","5","Caucasian","25","25","neoadjuvant doxorubicin/paclitaxel (AT) followed by cyclophosphamide/methotrexate/fluorouracil (CMF) + Trastuzumab for 1 year"
"GSM1233059","BreastCancer_S097","GSM1233059","Public on Jan 21 2014","Sep 17 2013","Jun 06 2022","RNA","1","breast cancer","Homo sapiens","centerid: 26","patid: 861","size_dissected_area: 18","percentage_tumor_cells: 70","cell_number_dissected: 10080","inflammatory_cells [%]: 10","invasive_tumor_area_size1 [mm]: 6","invasive_tumor_area_size2 [mm]: 3","invasive_tumor_cells [%]: 70","invasive_tumor_grade: 2","necrotic_cells [%]: 0","normal_epithelial_cells [%]: 0","preneoplastic_tumor_cells [%]: 0","stroma_cells [%]: 20","bgus.ct: 32.03","er.ct: 32.88","her2.ct: 29.27","pr.ct: 45.42","race: Caucasian","er: ER-","pr: PR-","her2: HER2+","arm: HER2+ CT H","treatment: neoadjuvant doxorubicin/paclitaxel (AT) followed by cyclophosphamide/methotrexate/fluorouracil (CMF) + Trastuzumab for 1 year","age: 57","ecog: 0","inflammatory.brca: yes","menopausal.status: post","pcr: pCR","total RNA","Formalin-fixed, paraffin-embedded (FFPE) core biopsies were prospectively collected prior to treatment. The yield and purity of RNA was determined using a NanoDrop 1000 Spectrophotometer (Thermo Scientific). RNA integrity was measured using a Bioanalyzer (Agilent Technologies) with either the RNA Nano or Pico Kit, depending on sample concentration. The RNA Integrity Number (RIN) and average length of the RNA were used for sample characterization. mRNA integrity was measured using a semiquantitative reverse transcription-polymerase chain reaction assay (rtPCR). This assay is based on quantitative amplification of 5'- and 3'-end sequences of the housekeeping gene β-actin. Calculating the ratio of 3' to 5' amplicons allows for assessment of mRNA integrity: intact RNA transcripts exhibit a ratio of 1, while degraded RNA increases the ratio.","biotin","A Transcriptor First Strand cDNA Synthesis Kit (Roche) was used to prepare cDNA from 100 ng of total RNA, using an anchored oligo(dT)-primer followed by a subsequent amplification step with the SYBR Green I Master on a LightCycler® 480 instrument (Roche Applied Science). Formalin-fixed paraffin-embedded tumor (FFPET)-derived RNA was amplified with the WT-Ovation™ FFPE System V2 (NuGEN). Biotin labeling of the cDNA was performed using the FL-Ovation cDNA Biotin Module V2 (NuGEN).","9606","Hybridization of labeled probes on the Affymetrix GeneChip Human Genome U133 Plus 2.0 Array were conducted using the GeneChip® Hybridization, Wash, and Stain Kit (Affymetrix).","For this workflow a GeneChip Fluidics Station 450 and a GeneChip Scanner 3000 7G were used","R (3.0.1) & Bioconductor (2.20.1)","GPL570","Anton,,Belousov","TTB Biostatistics","NCS-TTB","Roche","Nonnenwald 2","Penzberg","82377","Germany","ftp://ftp.ncbi.nlm.nih.gov/geo/samples/GSM1233nnn/GSM1233059/suppl/GSM1233059_CJL97_20090114.CEL.gz","54675","57","HER2+ CT H","32.03","10080","26","0","32.88","ER-","29.27","HER2+","yes","10","6","3","70","2","post","0","0","861","pCR","70","45.42","PR-","0","Caucasian","18","20","neoadjuvant doxorubicin/paclitaxel (AT) followed by cyclophosphamide/methotrexate/fluorouracil (CMF) + Trastuzumab for 1 year"
"GSM1233060","BreastCancer_S099","GSM1233060","Public on Jan 21 2014","Sep 17 2013","Jun 06 2022","RNA","1","breast cancer","Homo sapiens","centerid: 26","patid: 821","size_dissected_area: 5","percentage_tumor_cells: 75","cell_number_dissected: 2200","inflammatory_cells [%]: 20","invasive_tumor_area_size1 [mm]: 9","invasive_tumor_area_size2 [mm]: 3","invasive_tumor_cells [%]: 55","invasive_tumor_grade: 2","necrotic_cells [%]: 2","normal_epithelial_cells [%]: 0","preneoplastic_tumor_cells [%]: 3","stroma_cells [%]: 20","bgus.ct: 31.71","er.ct: 32.98","her2.ct: 26.45","pr.ct: 44.07","race: Caucasian","er: ER-","pr: PR-","her2: HER2+","arm: HER2+ CT","treatment: neoadjuvant doxorubicin/paclitaxel (AT) followed by cyclophosphamide/methotrexate/fluorouracil (CMF)","age: 58","ecog: 0","inflammatory.brca: no","menopausal.status: post","pcr: RD","total RNA","Formalin-fixed, paraffin-embedded (FFPE) core biopsies were prospectively collected prior to treatment. The yield and purity of RNA was determined using a NanoDrop 1000 Spectrophotometer (Thermo Scientific). RNA integrity was measured using a Bioanalyzer (Agilent Technologies) with either the RNA Nano or Pico Kit, depending on sample concentration. The RNA Integrity Number (RIN) and average length of the RNA were used for sample characterization. mRNA integrity was measured using a semiquantitative reverse transcription-polymerase chain reaction assay (rtPCR). This assay is based on quantitative amplification of 5'- and 3'-end sequences of the housekeeping gene β-actin. Calculating the ratio of 3' to 5' amplicons allows for assessment of mRNA integrity: intact RNA transcripts exhibit a ratio of 1, while degraded RNA increases the ratio.","biotin","A Transcriptor First Strand cDNA Synthesis Kit (Roche) was used to prepare cDNA from 100 ng of total RNA, using an anchored oligo(dT)-primer followed by a subsequent amplification step with the SYBR Green I Master on a LightCycler® 480 instrument (Roche Applied Science). Formalin-fixed paraffin-embedded tumor (FFPET)-derived RNA was amplified with the WT-Ovation™ FFPE System V2 (NuGEN). Biotin labeling of the cDNA was performed using the FL-Ovation cDNA Biotin Module V2 (NuGEN).","9606","Hybridization of labeled probes on the Affymetrix GeneChip Human Genome U133 Plus 2.0 Array were conducted using the GeneChip® Hybridization, Wash, and Stain Kit (Affymetrix).","For this workflow a GeneChip Fluidics Station 450 and a GeneChip Scanner 3000 7G were used","R (3.0.1) & Bioconductor (2.20.1)","GPL570","Anton,,Belousov","TTB Biostatistics","NCS-TTB","Roche","Nonnenwald 2","Penzberg","82377","Germany","ftp://ftp.ncbi.nlm.nih.gov/geo/samples/GSM1233nnn/GSM1233060/suppl/GSM1233060_CJL099_20081021.CEL.gz","54675","58","HER2+ CT","31.71","2200","26","0","32.98","ER-","26.45","HER2+","no","20","9","3","55","2","post","2","0","821","RD","75","44.07","PR-","3","Caucasian","5","20","neoadjuvant doxorubicin/paclitaxel (AT) followed by cyclophosphamide/methotrexate/fluorouracil (CMF)"
"GSM1233061","BreastCancer_S101","GSM1233061","Public on Jan 21 2014","Sep 17 2013","Jun 06 2022","RNA","1","breast cancer","Homo sapiens","centerid: 26","patid: 661","size_dissected_area: 5","percentage_tumor_cells: 60","cell_number_dissected: 1800","inflammatory_cells [%]: 40","invasive_tumor_area_size1 [mm]: 2","invasive_tumor_area_size2 [mm]: 1","invasive_tumor_cells [%]: 30","invasive_tumor_grade: 2","necrotic_cells [%]: 0","normal_epithelial_cells [%]: 10","preneoplastic_tumor_cells [%]: 0","stroma_cells [%]: 20","bgus.ct: 32.34","er.ct: 32.28","her2.ct: 28.45","pr.ct: 33.29","race: Caucasian","er: ER-","pr: PR-","her2: HER2+","arm: HER2+ CT H","treatment: neoadjuvant doxorubicin/paclitaxel (AT) followed by cyclophosphamide/methotrexate/fluorouracil (CMF) + Trastuzumab for 1 year","age: 45","ecog: 0","inflammatory.brca: no","menopausal.status: pre","pcr: RD","total RNA","Formalin-fixed, paraffin-embedded (FFPE) core biopsies were prospectively collected prior to treatment. The yield and purity of RNA was determined using a NanoDrop 1000 Spectrophotometer (Thermo Scientific). RNA integrity was measured using a Bioanalyzer (Agilent Technologies) with either the RNA Nano or Pico Kit, depending on sample concentration. The RNA Integrity Number (RIN) and average length of the RNA were used for sample characterization. mRNA integrity was measured using a semiquantitative reverse transcription-polymerase chain reaction assay (rtPCR). This assay is based on quantitative amplification of 5'- and 3'-end sequences of the housekeeping gene β-actin. Calculating the ratio of 3' to 5' amplicons allows for assessment of mRNA integrity: intact RNA transcripts exhibit a ratio of 1, while degraded RNA increases the ratio.","biotin","A Transcriptor First Strand cDNA Synthesis Kit (Roche) was used to prepare cDNA from 100 ng of total RNA, using an anchored oligo(dT)-primer followed by a subsequent amplification step with the SYBR Green I Master on a LightCycler® 480 instrument (Roche Applied Science). Formalin-fixed paraffin-embedded tumor (FFPET)-derived RNA was amplified with the WT-Ovation™ FFPE System V2 (NuGEN). Biotin labeling of the cDNA was performed using the FL-Ovation cDNA Biotin Module V2 (NuGEN).","9606","Hybridization of labeled probes on the Affymetrix GeneChip Human Genome U133 Plus 2.0 Array were conducted using the GeneChip® Hybridization, Wash, and Stain Kit (Affymetrix).","For this workflow a GeneChip Fluidics Station 450 and a GeneChip Scanner 3000 7G were used","R (3.0.1) & Bioconductor (2.20.1)","GPL570","Anton,,Belousov","TTB Biostatistics","NCS-TTB","Roche","Nonnenwald 2","Penzberg","82377","Germany","ftp://ftp.ncbi.nlm.nih.gov/geo/samples/GSM1233nnn/GSM1233061/suppl/GSM1233061_CJL101_20081027.CEL.gz","54675","45","HER2+ CT H","32.34","1800","26","0","32.28","ER-","28.45","HER2+","no","40","2","1","30","2","pre","0","10","661","RD","60","33.29","PR-","0","Caucasian","5","20","neoadjuvant doxorubicin/paclitaxel (AT) followed by cyclophosphamide/methotrexate/fluorouracil (CMF) + Trastuzumab for 1 year"
"GSM1233062","BreastCancer_S106","GSM1233062","Public on Jan 21 2014","Sep 17 2013","Jun 06 2022","RNA","1","breast cancer","Homo sapiens","centerid: 26","patid: 901","size_dissected_area: 10","percentage_tumor_cells: 75","cell_number_dissected: 4500","inflammatory_cells [%]: 15","invasive_tumor_area_size1 [mm]: 5","invasive_tumor_area_size2 [mm]: 1.5","invasive_tumor_cells [%]: 55","invasive_tumor_grade: 3","necrotic_cells [%]: 0","normal_epithelial_cells [%]: 10","preneoplastic_tumor_cells [%]: 0","stroma_cells [%]: 20","bgus.ct: 31.41","er.ct: 33.61","her2.ct: 26.21","pr.ct: 47.02","race: Caucasian","er: ER-","pr: PR-","her2: HER2+","arm: HER2+ CT","treatment: neoadjuvant doxorubicin/paclitaxel (AT) followed by cyclophosphamide/methotrexate/fluorouracil (CMF)","age: 49","ecog: 0","inflammatory.brca: no","menopausal.status: pre","pcr: RD","total RNA","Formalin-fixed, paraffin-embedded (FFPE) core biopsies were prospectively collected prior to treatment. The yield and purity of RNA was determined using a NanoDrop 1000 Spectrophotometer (Thermo Scientific). RNA integrity was measured using a Bioanalyzer (Agilent Technologies) with either the RNA Nano or Pico Kit, depending on sample concentration. The RNA Integrity Number (RIN) and average length of the RNA were used for sample characterization. mRNA integrity was measured using a semiquantitative reverse transcription-polymerase chain reaction assay (rtPCR). This assay is based on quantitative amplification of 5'- and 3'-end sequences of the housekeeping gene β-actin. Calculating the ratio of 3' to 5' amplicons allows for assessment of mRNA integrity: intact RNA transcripts exhibit a ratio of 1, while degraded RNA increases the ratio.","biotin","A Transcriptor First Strand cDNA Synthesis Kit (Roche) was used to prepare cDNA from 100 ng of total RNA, using an anchored oligo(dT)-primer followed by a subsequent amplification step with the SYBR Green I Master on a LightCycler® 480 instrument (Roche Applied Science). Formalin-fixed paraffin-embedded tumor (FFPET)-derived RNA was amplified with the WT-Ovation™ FFPE System V2 (NuGEN). Biotin labeling of the cDNA was performed using the FL-Ovation cDNA Biotin Module V2 (NuGEN).","9606","Hybridization of labeled probes on the Affymetrix GeneChip Human Genome U133 Plus 2.0 Array were conducted using the GeneChip® Hybridization, Wash, and Stain Kit (Affymetrix).","For this workflow a GeneChip Fluidics Station 450 and a GeneChip Scanner 3000 7G were used","R (3.0.1) & Bioconductor (2.20.1)","GPL570","Anton,,Belousov","TTB Biostatistics","NCS-TTB","Roche","Nonnenwald 2","Penzberg","82377","Germany","ftp://ftp.ncbi.nlm.nih.gov/geo/samples/GSM1233nnn/GSM1233062/suppl/GSM1233062_CJL106_20081020.CEL.gz","54675","49","HER2+ CT","31.41","4500","26","0","33.61","ER-","26.21","HER2+","no","15","5","1.5","55","3","pre","0","10","901","RD","75","47.02","PR-","0","Caucasian","10","20","neoadjuvant doxorubicin/paclitaxel (AT) followed by cyclophosphamide/methotrexate/fluorouracil (CMF)"
"GSM1233063","BreastCancer_S107","GSM1233063","Public on Jan 21 2014","Sep 17 2013","Jun 06 2022","RNA","1","breast cancer","Homo sapiens","centerid: 26","patid: 891","size_dissected_area: 8","percentage_tumor_cells: 75","cell_number_dissected: 3600","inflammatory_cells [%]: 10","invasive_tumor_area_size1 [mm]: 6","invasive_tumor_area_size2 [mm]: 1.5","invasive_tumor_cells [%]: 75","invasive_tumor_grade: 3","necrotic_cells [%]: 0","normal_epithelial_cells [%]: 5","preneoplastic_tumor_cells [%]: 0","stroma_cells [%]: 10","bgus.ct: 33.73","er.ct: 33.22","her2.ct: 30.77","pr.ct: 0","race: Caucasian","er: ER-","pr: PR-","her2: HER2+","arm: HER2+ CT H","treatment: neoadjuvant doxorubicin/paclitaxel (AT) followed by cyclophosphamide/methotrexate/fluorouracil (CMF) + Trastuzumab for 1 year","age: 37","ecog: 0","inflammatory.brca: no","menopausal.status: pre","pcr: RD","total RNA","Formalin-fixed, paraffin-embedded (FFPE) core biopsies were prospectively collected prior to treatment. The yield and purity of RNA was determined using a NanoDrop 1000 Spectrophotometer (Thermo Scientific). RNA integrity was measured using a Bioanalyzer (Agilent Technologies) with either the RNA Nano or Pico Kit, depending on sample concentration. The RNA Integrity Number (RIN) and average length of the RNA were used for sample characterization. mRNA integrity was measured using a semiquantitative reverse transcription-polymerase chain reaction assay (rtPCR). This assay is based on quantitative amplification of 5'- and 3'-end sequences of the housekeeping gene β-actin. Calculating the ratio of 3' to 5' amplicons allows for assessment of mRNA integrity: intact RNA transcripts exhibit a ratio of 1, while degraded RNA increases the ratio.","biotin","A Transcriptor First Strand cDNA Synthesis Kit (Roche) was used to prepare cDNA from 100 ng of total RNA, using an anchored oligo(dT)-primer followed by a subsequent amplification step with the SYBR Green I Master on a LightCycler® 480 instrument (Roche Applied Science). Formalin-fixed paraffin-embedded tumor (FFPET)-derived RNA was amplified with the WT-Ovation™ FFPE System V2 (NuGEN). Biotin labeling of the cDNA was performed using the FL-Ovation cDNA Biotin Module V2 (NuGEN).","9606","Hybridization of labeled probes on the Affymetrix GeneChip Human Genome U133 Plus 2.0 Array were conducted using the GeneChip® Hybridization, Wash, and Stain Kit (Affymetrix).","For this workflow a GeneChip Fluidics Station 450 and a GeneChip Scanner 3000 7G were used","R (3.0.1) & Bioconductor (2.20.1)","GPL570","Anton,,Belousov","TTB Biostatistics","NCS-TTB","Roche","Nonnenwald 2","Penzberg","82377","Germany","ftp://ftp.ncbi.nlm.nih.gov/geo/samples/GSM1233nnn/GSM1233063/suppl/GSM1233063_CJL107_20081021.CEL.gz","54675","37","HER2+ CT H","33.73","3600","26","0","33.22","ER-","30.77","HER2+","no","10","6","1.5","75","3","pre","0","5","891","RD","75","0","PR-","0","Caucasian","8","10","neoadjuvant doxorubicin/paclitaxel (AT) followed by cyclophosphamide/methotrexate/fluorouracil (CMF) + Trastuzumab for 1 year"
"GSM1233064","BreastCancer_S108","GSM1233064","Public on Jan 21 2014","Sep 17 2013","Jun 06 2022","RNA","1","breast cancer","Homo sapiens","centerid: 26","patid: 601","size_dissected_area: 10","percentage_tumor_cells: 50","cell_number_dissected: 6000","inflammatory_cells [%]: 15","invasive_tumor_area_size1 [mm]: 2","invasive_tumor_area_size2 [mm]: 2","invasive_tumor_cells [%]: 70","invasive_tumor_grade: 3","necrotic_cells [%]: 0","normal_epithelial_cells [%]: 5","preneoplastic_tumor_cells [%]: 0","stroma_cells [%]: 10","bgus.ct: 32.11","er.ct: 32.07","her2.ct: 27.01","pr.ct: 34.74","race: Caucasian","er: ER-","pr: PR-","her2: HER2+","arm: HER2+ CT","treatment: neoadjuvant doxorubicin/paclitaxel (AT) followed by cyclophosphamide/methotrexate/fluorouracil (CMF)","age: 56","ecog: 0","inflammatory.brca: yes","menopausal.status: post","pcr: pCR","total RNA","Formalin-fixed, paraffin-embedded (FFPE) core biopsies were prospectively collected prior to treatment. The yield and purity of RNA was determined using a NanoDrop 1000 Spectrophotometer (Thermo Scientific). RNA integrity was measured using a Bioanalyzer (Agilent Technologies) with either the RNA Nano or Pico Kit, depending on sample concentration. The RNA Integrity Number (RIN) and average length of the RNA were used for sample characterization. mRNA integrity was measured using a semiquantitative reverse transcription-polymerase chain reaction assay (rtPCR). This assay is based on quantitative amplification of 5'- and 3'-end sequences of the housekeeping gene β-actin. Calculating the ratio of 3' to 5' amplicons allows for assessment of mRNA integrity: intact RNA transcripts exhibit a ratio of 1, while degraded RNA increases the ratio.","biotin","A Transcriptor First Strand cDNA Synthesis Kit (Roche) was used to prepare cDNA from 100 ng of total RNA, using an anchored oligo(dT)-primer followed by a subsequent amplification step with the SYBR Green I Master on a LightCycler® 480 instrument (Roche Applied Science). Formalin-fixed paraffin-embedded tumor (FFPET)-derived RNA was amplified with the WT-Ovation™ FFPE System V2 (NuGEN). Biotin labeling of the cDNA was performed using the FL-Ovation cDNA Biotin Module V2 (NuGEN).","9606","Hybridization of labeled probes on the Affymetrix GeneChip Human Genome U133 Plus 2.0 Array were conducted using the GeneChip® Hybridization, Wash, and Stain Kit (Affymetrix).","For this workflow a GeneChip Fluidics Station 450 and a GeneChip Scanner 3000 7G were used","R (3.0.1) & Bioconductor (2.20.1)","GPL570","Anton,,Belousov","TTB Biostatistics","NCS-TTB","Roche","Nonnenwald 2","Penzberg","82377","Germany","ftp://ftp.ncbi.nlm.nih.gov/geo/samples/GSM1233nnn/GSM1233064/suppl/GSM1233064_CJL108_20081021.CEL.gz","54675","56","HER2+ CT","32.11","6000","26","0","32.07","ER-","27.01","HER2+","yes","15","2","2","70","3","post","0","5","601","pCR","50","34.74","PR-","0","Caucasian","10","10","neoadjuvant doxorubicin/paclitaxel (AT) followed by cyclophosphamide/methotrexate/fluorouracil (CMF)"
"GSM1233065","BreastCancer_S109","GSM1233065","Public on Jan 21 2014","Sep 17 2013","Jun 06 2022","RNA","1","breast cancer","Homo sapiens","centerid: 26","patid: 631","size_dissected_area: 9.6","percentage_tumor_cells: 66","cell_number_dissected: 3785","inflammatory_cells [%]: 5","invasive_tumor_area_size1 [mm]: 4","invasive_tumor_area_size2 [mm]: 2","invasive_tumor_cells [%]: 50","invasive_tumor_grade: 2","necrotic_cells [%]: 0","normal_epithelial_cells [%]: 10","preneoplastic_tumor_cells [%]: 0","stroma_cells [%]: 35","bgus.ct: 30.06","er.ct: 31.37","her2.ct: 24.98","pr.ct: 31.59","race: Caucasian","er: ER-","pr: PR+","her2: HER2+","arm: HER2+ CT H","treatment: neoadjuvant doxorubicin/paclitaxel (AT) followed by cyclophosphamide/methotrexate/fluorouracil (CMF) + Trastuzumab for 1 year","age: 42","ecog: 0","inflammatory.brca: no","menopausal.status: pre","pcr: RD","total RNA","Formalin-fixed, paraffin-embedded (FFPE) core biopsies were prospectively collected prior to treatment. The yield and purity of RNA was determined using a NanoDrop 1000 Spectrophotometer (Thermo Scientific). RNA integrity was measured using a Bioanalyzer (Agilent Technologies) with either the RNA Nano or Pico Kit, depending on sample concentration. The RNA Integrity Number (RIN) and average length of the RNA were used for sample characterization. mRNA integrity was measured using a semiquantitative reverse transcription-polymerase chain reaction assay (rtPCR). This assay is based on quantitative amplification of 5'- and 3'-end sequences of the housekeeping gene β-actin. Calculating the ratio of 3' to 5' amplicons allows for assessment of mRNA integrity: intact RNA transcripts exhibit a ratio of 1, while degraded RNA increases the ratio.","biotin","A Transcriptor First Strand cDNA Synthesis Kit (Roche) was used to prepare cDNA from 100 ng of total RNA, using an anchored oligo(dT)-primer followed by a subsequent amplification step with the SYBR Green I Master on a LightCycler® 480 instrument (Roche Applied Science). Formalin-fixed paraffin-embedded tumor (FFPET)-derived RNA was amplified with the WT-Ovation™ FFPE System V2 (NuGEN). Biotin labeling of the cDNA was performed using the FL-Ovation cDNA Biotin Module V2 (NuGEN).","9606","Hybridization of labeled probes on the Affymetrix GeneChip Human Genome U133 Plus 2.0 Array were conducted using the GeneChip® Hybridization, Wash, and Stain Kit (Affymetrix).","For this workflow a GeneChip Fluidics Station 450 and a GeneChip Scanner 3000 7G were used","R (3.0.1) & Bioconductor (2.20.1)","GPL570","Anton,,Belousov","TTB Biostatistics","NCS-TTB","Roche","Nonnenwald 2","Penzberg","82377","Germany","ftp://ftp.ncbi.nlm.nih.gov/geo/samples/GSM1233nnn/GSM1233065/suppl/GSM1233065_CJL109_20081020.CEL.gz","54675","42","HER2+ CT H","30.06","3785","26","0","31.37","ER-","24.98","HER2+","no","5","4","2","50","2","pre","0","10","631","RD","66","31.59","PR+","0","Caucasian","9.6","35","neoadjuvant doxorubicin/paclitaxel (AT) followed by cyclophosphamide/methotrexate/fluorouracil (CMF) + Trastuzumab for 1 year"
"GSM1233066","BreastCancer_S112","GSM1233066","Public on Jan 21 2014","Sep 17 2013","Jun 06 2022","RNA","1","breast cancer","Homo sapiens","centerid: 26","patid: 551","size_dissected_area: 7","percentage_tumor_cells: 65","cell_number_dissected: 2700","inflammatory_cells [%]: 25","invasive_tumor_area_size1 [mm]: 2","invasive_tumor_area_size2 [mm]: 1","invasive_tumor_cells [%]: 60","invasive_tumor_grade: 2","necrotic_cells [%]: 0","normal_epithelial_cells [%]: 0","preneoplastic_tumor_cells [%]: 0","stroma_cells [%]: 15","bgus.ct: 32.48","er.ct: 31.33","her2.ct: 29.46","pr.ct: 50","race: Caucasian","er: ER+","pr: PR-","her2: HER2+","arm: HER2+ CT H","treatment: neoadjuvant doxorubicin/paclitaxel (AT) followed by cyclophosphamide/methotrexate/fluorouracil (CMF) + Trastuzumab for 1 year","age: 35","ecog: 0","inflammatory.brca: no","menopausal.status: pre","pcr: pCR","total RNA","Formalin-fixed, paraffin-embedded (FFPE) core biopsies were prospectively collected prior to treatment. The yield and purity of RNA was determined using a NanoDrop 1000 Spectrophotometer (Thermo Scientific). RNA integrity was measured using a Bioanalyzer (Agilent Technologies) with either the RNA Nano or Pico Kit, depending on sample concentration. The RNA Integrity Number (RIN) and average length of the RNA were used for sample characterization. mRNA integrity was measured using a semiquantitative reverse transcription-polymerase chain reaction assay (rtPCR). This assay is based on quantitative amplification of 5'- and 3'-end sequences of the housekeeping gene β-actin. Calculating the ratio of 3' to 5' amplicons allows for assessment of mRNA integrity: intact RNA transcripts exhibit a ratio of 1, while degraded RNA increases the ratio.","biotin","A Transcriptor First Strand cDNA Synthesis Kit (Roche) was used to prepare cDNA from 100 ng of total RNA, using an anchored oligo(dT)-primer followed by a subsequent amplification step with the SYBR Green I Master on a LightCycler® 480 instrument (Roche Applied Science). Formalin-fixed paraffin-embedded tumor (FFPET)-derived RNA was amplified with the WT-Ovation™ FFPE System V2 (NuGEN). Biotin labeling of the cDNA was performed using the FL-Ovation cDNA Biotin Module V2 (NuGEN).","9606","Hybridization of labeled probes on the Affymetrix GeneChip Human Genome U133 Plus 2.0 Array were conducted using the GeneChip® Hybridization, Wash, and Stain Kit (Affymetrix).","For this workflow a GeneChip Fluidics Station 450 and a GeneChip Scanner 3000 7G were used","R (3.0.1) & Bioconductor (2.20.1)","GPL570","Anton,,Belousov","TTB Biostatistics","NCS-TTB","Roche","Nonnenwald 2","Penzberg","82377","Germany","ftp://ftp.ncbi.nlm.nih.gov/geo/samples/GSM1233nnn/GSM1233066/suppl/GSM1233066_CJL112_20081020.CEL.gz","54675","35","HER2+ CT H","32.48","2700","26","0","31.33","ER+","29.46","HER2+","no","25","2","1","60","2","pre","0","0","551","pCR","65","50","PR-","0","Caucasian","7","15","neoadjuvant doxorubicin/paclitaxel (AT) followed by cyclophosphamide/methotrexate/fluorouracil (CMF) + Trastuzumab for 1 year"
"GSM1233067","BreastCancer_S113","GSM1233067","Public on Jan 21 2014","Sep 17 2013","Jun 06 2022","RNA","1","breast cancer","Homo sapiens","centerid: 28","patid: 91","size_dissected_area: 40","percentage_tumor_cells: 85","cell_number_dissected: 27200","inflammatory_cells [%]: 10","invasive_tumor_area_size1 [mm]: 10","invasive_tumor_area_size2 [mm]: 4","invasive_tumor_cells [%]: 85","invasive_tumor_grade: 3","necrotic_cells [%]: 0","normal_epithelial_cells [%]: 0","preneoplastic_tumor_cells [%]: 0","stroma_cells [%]: 5","bgus.ct: 29.54","er.ct: 27.47","her2.ct: 29.56","pr.ct: 30.55","race: Caucasian","er: ER+","pr: PR+","her2: HER2-","arm: HER2- CT","treatment: neoadjuvant doxorubicin/paclitaxel (AT) followed by cyclophosphamide/methotrexate/fluorouracil (CMF)","age: 71","ecog: 0","inflammatory.brca: no","menopausal.status: post","pcr: RD","total RNA","Formalin-fixed, paraffin-embedded (FFPE) core biopsies were prospectively collected prior to treatment. The yield and purity of RNA was determined using a NanoDrop 1000 Spectrophotometer (Thermo Scientific). RNA integrity was measured using a Bioanalyzer (Agilent Technologies) with either the RNA Nano or Pico Kit, depending on sample concentration. The RNA Integrity Number (RIN) and average length of the RNA were used for sample characterization. mRNA integrity was measured using a semiquantitative reverse transcription-polymerase chain reaction assay (rtPCR). This assay is based on quantitative amplification of 5'- and 3'-end sequences of the housekeeping gene β-actin. Calculating the ratio of 3' to 5' amplicons allows for assessment of mRNA integrity: intact RNA transcripts exhibit a ratio of 1, while degraded RNA increases the ratio.","biotin","A Transcriptor First Strand cDNA Synthesis Kit (Roche) was used to prepare cDNA from 100 ng of total RNA, using an anchored oligo(dT)-primer followed by a subsequent amplification step with the SYBR Green I Master on a LightCycler® 480 instrument (Roche Applied Science). Formalin-fixed paraffin-embedded tumor (FFPET)-derived RNA was amplified with the WT-Ovation™ FFPE System V2 (NuGEN). Biotin labeling of the cDNA was performed using the FL-Ovation cDNA Biotin Module V2 (NuGEN).","9606","Hybridization of labeled probes on the Affymetrix GeneChip Human Genome U133 Plus 2.0 Array were conducted using the GeneChip® Hybridization, Wash, and Stain Kit (Affymetrix).","For this workflow a GeneChip Fluidics Station 450 and a GeneChip Scanner 3000 7G were used","R (3.0.1) & Bioconductor (2.20.1)","GPL570","Anton,,Belousov","TTB Biostatistics","NCS-TTB","Roche","Nonnenwald 2","Penzberg","82377","Germany","ftp://ftp.ncbi.nlm.nih.gov/geo/samples/GSM1233nnn/GSM1233067/suppl/GSM1233067_CJL113_20081020.CEL.gz","54675","71","HER2- CT","29.54","27200","28","0","27.47","ER+","29.56","HER2-","no","10","10","4","85","3","post","0","0","91","RD","85","30.55","PR+","0","Caucasian","40","5","neoadjuvant doxorubicin/paclitaxel (AT) followed by cyclophosphamide/methotrexate/fluorouracil (CMF)"
"GSM1233068","BreastCancer_S114","GSM1233068","Public on Jan 21 2014","Sep 17 2013","Jun 06 2022","RNA","1","breast cancer","Homo sapiens","centerid: 28","patid: 31","size_dissected_area: 12","percentage_tumor_cells: 75","cell_number_dissected: 5400","inflammatory_cells [%]: 8","invasive_tumor_area_size1 [mm]: 5","invasive_tumor_area_size2 [mm]: 2","invasive_tumor_cells [%]: 80","invasive_tumor_grade: 3","necrotic_cells [%]: 0","normal_epithelial_cells [%]: 0","preneoplastic_tumor_cells [%]: 0","stroma_cells [%]: 12","bgus.ct: 31.48","er.ct: 33.3","her2.ct: 28.12","pr.ct: 44.96","race: Caucasian","er: ER-","pr: PR-","her2: HER2+","arm: HER2+ CT","treatment: neoadjuvant doxorubicin/paclitaxel (AT) followed by cyclophosphamide/methotrexate/fluorouracil (CMF)","age: 80","ecog: 0","inflammatory.brca: no","menopausal.status: post","pcr: pCR","total RNA","Formalin-fixed, paraffin-embedded (FFPE) core biopsies were prospectively collected prior to treatment. The yield and purity of RNA was determined using a NanoDrop 1000 Spectrophotometer (Thermo Scientific). RNA integrity was measured using a Bioanalyzer (Agilent Technologies) with either the RNA Nano or Pico Kit, depending on sample concentration. The RNA Integrity Number (RIN) and average length of the RNA were used for sample characterization. mRNA integrity was measured using a semiquantitative reverse transcription-polymerase chain reaction assay (rtPCR). This assay is based on quantitative amplification of 5'- and 3'-end sequences of the housekeeping gene β-actin. Calculating the ratio of 3' to 5' amplicons allows for assessment of mRNA integrity: intact RNA transcripts exhibit a ratio of 1, while degraded RNA increases the ratio.","biotin","A Transcriptor First Strand cDNA Synthesis Kit (Roche) was used to prepare cDNA from 100 ng of total RNA, using an anchored oligo(dT)-primer followed by a subsequent amplification step with the SYBR Green I Master on a LightCycler® 480 instrument (Roche Applied Science). Formalin-fixed paraffin-embedded tumor (FFPET)-derived RNA was amplified with the WT-Ovation™ FFPE System V2 (NuGEN). Biotin labeling of the cDNA was performed using the FL-Ovation cDNA Biotin Module V2 (NuGEN).","9606","Hybridization of labeled probes on the Affymetrix GeneChip Human Genome U133 Plus 2.0 Array were conducted using the GeneChip® Hybridization, Wash, and Stain Kit (Affymetrix).","For this workflow a GeneChip Fluidics Station 450 and a GeneChip Scanner 3000 7G were used","R (3.0.1) & Bioconductor (2.20.1)","GPL570","Anton,,Belousov","TTB Biostatistics","NCS-TTB","Roche","Nonnenwald 2","Penzberg","82377","Germany","ftp://ftp.ncbi.nlm.nih.gov/geo/samples/GSM1233nnn/GSM1233068/suppl/GSM1233068_CJL114_20081020.CEL.gz","54675","80","HER2+ CT","31.48","5400","28","0","33.3","ER-","28.12","HER2+","no","8","5","2","80","3","post","0","0","31","pCR","75","44.96","PR-","0","Caucasian","12","12","neoadjuvant doxorubicin/paclitaxel (AT) followed by cyclophosphamide/methotrexate/fluorouracil (CMF)"
"GSM1233069","BreastCancer_S115","GSM1233069","Public on Jan 21 2014","Sep 17 2013","Jun 06 2022","RNA","1","breast cancer","Homo sapiens","centerid: 28","patid: 111","size_dissected_area: 48","percentage_tumor_cells: 75","cell_number_dissected: 28800","inflammatory_cells [%]: 5","invasive_tumor_area_size1 [mm]: 12","invasive_tumor_area_size2 [mm]: 4","invasive_tumor_cells [%]: 75","invasive_tumor_grade: 2","necrotic_cells [%]: 2","normal_epithelial_cells [%]: 0","preneoplastic_tumor_cells [%]: 8","stroma_cells [%]: 10","bgus.ct: 29.6","er.ct: 28.73","her2.ct: 27.64","pr.ct: 29.06","race: Caucasian","er: ER+","pr: PR+","her2: HER2-","arm: HER2- CT","treatment: neoadjuvant doxorubicin/paclitaxel (AT) followed by cyclophosphamide/methotrexate/fluorouracil (CMF)","age: 46","ecog: 0","inflammatory.brca: no","menopausal.status: pre","pcr: RD","total RNA","Formalin-fixed, paraffin-embedded (FFPE) core biopsies were prospectively collected prior to treatment. The yield and purity of RNA was determined using a NanoDrop 1000 Spectrophotometer (Thermo Scientific). RNA integrity was measured using a Bioanalyzer (Agilent Technologies) with either the RNA Nano or Pico Kit, depending on sample concentration. The RNA Integrity Number (RIN) and average length of the RNA were used for sample characterization. mRNA integrity was measured using a semiquantitative reverse transcription-polymerase chain reaction assay (rtPCR). This assay is based on quantitative amplification of 5'- and 3'-end sequences of the housekeeping gene β-actin. Calculating the ratio of 3' to 5' amplicons allows for assessment of mRNA integrity: intact RNA transcripts exhibit a ratio of 1, while degraded RNA increases the ratio.","biotin","A Transcriptor First Strand cDNA Synthesis Kit (Roche) was used to prepare cDNA from 100 ng of total RNA, using an anchored oligo(dT)-primer followed by a subsequent amplification step with the SYBR Green I Master on a LightCycler® 480 instrument (Roche Applied Science). Formalin-fixed paraffin-embedded tumor (FFPET)-derived RNA was amplified with the WT-Ovation™ FFPE System V2 (NuGEN). Biotin labeling of the cDNA was performed using the FL-Ovation cDNA Biotin Module V2 (NuGEN).","9606","Hybridization of labeled probes on the Affymetrix GeneChip Human Genome U133 Plus 2.0 Array were conducted using the GeneChip® Hybridization, Wash, and Stain Kit (Affymetrix).","For this workflow a GeneChip Fluidics Station 450 and a GeneChip Scanner 3000 7G were used","R (3.0.1) & Bioconductor (2.20.1)","GPL570","Anton,,Belousov","TTB Biostatistics","NCS-TTB","Roche","Nonnenwald 2","Penzberg","82377","Germany","ftp://ftp.ncbi.nlm.nih.gov/geo/samples/GSM1233nnn/GSM1233069/suppl/GSM1233069_CJL115_20081020.CEL.gz","54675","46","HER2- CT","29.6","28800","28","0","28.73","ER+","27.64","HER2-","no","5","12","4","75","2","pre","2","0","111","RD","75","29.06","PR+","8","Caucasian","48","10","neoadjuvant doxorubicin/paclitaxel (AT) followed by cyclophosphamide/methotrexate/fluorouracil (CMF)"
"GSM1233070","BreastCancer_S116","GSM1233070","Public on Jan 21 2014","Sep 17 2013","Jun 06 2022","RNA","1","breast cancer","Homo sapiens","centerid: 28","patid: 41","size_dissected_area: 18","percentage_tumor_cells: 80","cell_number_dissected: 8640","inflammatory_cells [%]: 12","invasive_tumor_area_size1 [mm]: 9","invasive_tumor_area_size2 [mm]: 2","invasive_tumor_cells [%]: 70","invasive_tumor_grade: 2","necrotic_cells [%]: 0","normal_epithelial_cells [%]: 5","preneoplastic_tumor_cells [%]: 0","stroma_cells [%]: 13","bgus.ct: 30.95","er.ct: 31.95","her2.ct: 25.23","pr.ct: 32.92","race: Caucasian","er: ER-","pr: PR-","her2: HER2+","arm: HER2+ CT H","treatment: neoadjuvant doxorubicin/paclitaxel (AT) followed by cyclophosphamide/methotrexate/fluorouracil (CMF) + Trastuzumab for 1 year","age: 55","ecog: 0","inflammatory.brca: yes","menopausal.status: post","pcr: RD","total RNA","Formalin-fixed, paraffin-embedded (FFPE) core biopsies were prospectively collected prior to treatment. The yield and purity of RNA was determined using a NanoDrop 1000 Spectrophotometer (Thermo Scientific). RNA integrity was measured using a Bioanalyzer (Agilent Technologies) with either the RNA Nano or Pico Kit, depending on sample concentration. The RNA Integrity Number (RIN) and average length of the RNA were used for sample characterization. mRNA integrity was measured using a semiquantitative reverse transcription-polymerase chain reaction assay (rtPCR). This assay is based on quantitative amplification of 5'- and 3'-end sequences of the housekeeping gene β-actin. Calculating the ratio of 3' to 5' amplicons allows for assessment of mRNA integrity: intact RNA transcripts exhibit a ratio of 1, while degraded RNA increases the ratio.","biotin","A Transcriptor First Strand cDNA Synthesis Kit (Roche) was used to prepare cDNA from 100 ng of total RNA, using an anchored oligo(dT)-primer followed by a subsequent amplification step with the SYBR Green I Master on a LightCycler® 480 instrument (Roche Applied Science). Formalin-fixed paraffin-embedded tumor (FFPET)-derived RNA was amplified with the WT-Ovation™ FFPE System V2 (NuGEN). Biotin labeling of the cDNA was performed using the FL-Ovation cDNA Biotin Module V2 (NuGEN).","9606","Hybridization of labeled probes on the Affymetrix GeneChip Human Genome U133 Plus 2.0 Array were conducted using the GeneChip® Hybridization, Wash, and Stain Kit (Affymetrix).","For this workflow a GeneChip Fluidics Station 450 and a GeneChip Scanner 3000 7G were used","R (3.0.1) & Bioconductor (2.20.1)","GPL570","Anton,,Belousov","TTB Biostatistics","NCS-TTB","Roche","Nonnenwald 2","Penzberg","82377","Germany","ftp://ftp.ncbi.nlm.nih.gov/geo/samples/GSM1233nnn/GSM1233070/suppl/GSM1233070_CJL116_20081020.CEL.gz","54675","55","HER2+ CT H","30.95","8640","28","0","31.95","ER-","25.23","HER2+","yes","12","9","2","70","2","post","0","5","41","RD","80","32.92","PR-","0","Caucasian","18","13","neoadjuvant doxorubicin/paclitaxel (AT) followed by cyclophosphamide/methotrexate/fluorouracil (CMF) + Trastuzumab for 1 year"
"GSM1233071","BreastCancer_S117","GSM1233071","Public on Jan 21 2014","Sep 17 2013","Jun 06 2022","RNA","1","breast cancer","Homo sapiens","centerid: 28","patid: 161","size_dissected_area: 21","percentage_tumor_cells: 85","cell_number_dissected: 10710","inflammatory_cells [%]: 25","invasive_tumor_area_size1 [mm]: 9","invasive_tumor_area_size2 [mm]: 4","invasive_tumor_cells [%]: 65","invasive_tumor_grade: 3","necrotic_cells [%]: 1","normal_epithelial_cells [%]: 0","preneoplastic_tumor_cells [%]: 0","stroma_cells [%]: 9","bgus.ct: 29.49","er.ct: 33.44","her2.ct: 26.08","pr.ct: 42.91","race: Caucasian","er: ER-","pr: PR-","her2: HER2+","arm: HER2+ CT H","treatment: neoadjuvant doxorubicin/paclitaxel (AT) followed by cyclophosphamide/methotrexate/fluorouracil (CMF) + Trastuzumab for 1 year","age: 41","ecog: 0","inflammatory.brca: no","menopausal.status: pre","pcr: pCR","total RNA","Formalin-fixed, paraffin-embedded (FFPE) core biopsies were prospectively collected prior to treatment. The yield and purity of RNA was determined using a NanoDrop 1000 Spectrophotometer (Thermo Scientific). RNA integrity was measured using a Bioanalyzer (Agilent Technologies) with either the RNA Nano or Pico Kit, depending on sample concentration. The RNA Integrity Number (RIN) and average length of the RNA were used for sample characterization. mRNA integrity was measured using a semiquantitative reverse transcription-polymerase chain reaction assay (rtPCR). This assay is based on quantitative amplification of 5'- and 3'-end sequences of the housekeeping gene β-actin. Calculating the ratio of 3' to 5' amplicons allows for assessment of mRNA integrity: intact RNA transcripts exhibit a ratio of 1, while degraded RNA increases the ratio.","biotin","A Transcriptor First Strand cDNA Synthesis Kit (Roche) was used to prepare cDNA from 100 ng of total RNA, using an anchored oligo(dT)-primer followed by a subsequent amplification step with the SYBR Green I Master on a LightCycler® 480 instrument (Roche Applied Science). Formalin-fixed paraffin-embedded tumor (FFPET)-derived RNA was amplified with the WT-Ovation™ FFPE System V2 (NuGEN). Biotin labeling of the cDNA was performed using the FL-Ovation cDNA Biotin Module V2 (NuGEN).","9606","Hybridization of labeled probes on the Affymetrix GeneChip Human Genome U133 Plus 2.0 Array were conducted using the GeneChip® Hybridization, Wash, and Stain Kit (Affymetrix).","For this workflow a GeneChip Fluidics Station 450 and a GeneChip Scanner 3000 7G were used","R (3.0.1) & Bioconductor (2.20.1)","GPL570","Anton,,Belousov","TTB Biostatistics","NCS-TTB","Roche","Nonnenwald 2","Penzberg","82377","Germany","ftp://ftp.ncbi.nlm.nih.gov/geo/samples/GSM1233nnn/GSM1233071/suppl/GSM1233071_CJL117_20081020.CEL.gz","54675","41","HER2+ CT H","29.49","10710","28","0","33.44","ER-","26.08","HER2+","no","25","9","4","65","3","pre","1","0","161","pCR","85","42.91","PR-","0","Caucasian","21","9","neoadjuvant doxorubicin/paclitaxel (AT) followed by cyclophosphamide/methotrexate/fluorouracil (CMF) + Trastuzumab for 1 year"
"GSM1233072","BreastCancer_S118","GSM1233072","Public on Jan 21 2014","Sep 17 2013","Jun 06 2022","RNA","1","breast cancer","Homo sapiens","centerid: 28","patid: 141","size_dissected_area: 15","percentage_tumor_cells: 63","cell_number_dissected: 5670","inflammatory_cells [%]: 20","invasive_tumor_area_size1 [mm]: 4","invasive_tumor_area_size2 [mm]: 2","invasive_tumor_cells [%]: 50","invasive_tumor_grade: 2","necrotic_cells [%]: 0","normal_epithelial_cells [%]: 15","preneoplastic_tumor_cells [%]: 5","stroma_cells [%]: 10","bgus.ct: 29.53","er.ct: 30.02","her2.ct: 28.55","pr.ct: 50","race: Caucasian","er: ER+","pr: PR-","her2: HER2-","arm: HER2- CT","treatment: neoadjuvant doxorubicin/paclitaxel (AT) followed by cyclophosphamide/methotrexate/fluorouracil (CMF)","age: 60","ecog: 0","inflammatory.brca: yes","menopausal.status: post","pcr: RD","total RNA","Formalin-fixed, paraffin-embedded (FFPE) core biopsies were prospectively collected prior to treatment. The yield and purity of RNA was determined using a NanoDrop 1000 Spectrophotometer (Thermo Scientific). RNA integrity was measured using a Bioanalyzer (Agilent Technologies) with either the RNA Nano or Pico Kit, depending on sample concentration. The RNA Integrity Number (RIN) and average length of the RNA were used for sample characterization. mRNA integrity was measured using a semiquantitative reverse transcription-polymerase chain reaction assay (rtPCR). This assay is based on quantitative amplification of 5'- and 3'-end sequences of the housekeeping gene β-actin. Calculating the ratio of 3' to 5' amplicons allows for assessment of mRNA integrity: intact RNA transcripts exhibit a ratio of 1, while degraded RNA increases the ratio.","biotin","A Transcriptor First Strand cDNA Synthesis Kit (Roche) was used to prepare cDNA from 100 ng of total RNA, using an anchored oligo(dT)-primer followed by a subsequent amplification step with the SYBR Green I Master on a LightCycler® 480 instrument (Roche Applied Science). Formalin-fixed paraffin-embedded tumor (FFPET)-derived RNA was amplified with the WT-Ovation™ FFPE System V2 (NuGEN). Biotin labeling of the cDNA was performed using the FL-Ovation cDNA Biotin Module V2 (NuGEN).","9606","Hybridization of labeled probes on the Affymetrix GeneChip Human Genome U133 Plus 2.0 Array were conducted using the GeneChip® Hybridization, Wash, and Stain Kit (Affymetrix).","For this workflow a GeneChip Fluidics Station 450 and a GeneChip Scanner 3000 7G were used","R (3.0.1) & Bioconductor (2.20.1)","GPL570","Anton,,Belousov","TTB Biostatistics","NCS-TTB","Roche","Nonnenwald 2","Penzberg","82377","Germany","ftp://ftp.ncbi.nlm.nih.gov/geo/samples/GSM1233nnn/GSM1233072/suppl/GSM1233072_CJL118_20081020.CEL.gz","54675","60","HER2- CT","29.53","5670","28","0","30.02","ER+","28.55","HER2-","yes","20","4","2","50","2","post","0","15","141","RD","63","50","PR-","5","Caucasian","15","10","neoadjuvant doxorubicin/paclitaxel (AT) followed by cyclophosphamide/methotrexate/fluorouracil (CMF)"
"GSM1233073","BreastCancer_S120","GSM1233073","Public on Jan 21 2014","Sep 17 2013","Jun 06 2022","RNA","1","breast cancer","Homo sapiens","centerid: 28","patid: 131","size_dissected_area: 35","percentage_tumor_cells: 75","cell_number_dissected: 15750","inflammatory_cells [%]: 15","invasive_tumor_area_size1 [mm]: 15","invasive_tumor_area_size2 [mm]: 6","invasive_tumor_cells [%]: 30","invasive_tumor_grade: 3","necrotic_cells [%]: 25","normal_epithelial_cells [%]: 0","preneoplastic_tumor_cells [%]: 0","stroma_cells [%]: 30","bgus.ct: 31.71","er.ct: 33.18","her2.ct: 27.1","pr.ct: 45.07","race: Caucasian","er: ER-","pr: PR-","her2: HER2+","arm: HER2+ CT","treatment: neoadjuvant doxorubicin/paclitaxel (AT) followed by cyclophosphamide/methotrexate/fluorouracil (CMF)","age: 55","ecog: 0","inflammatory.brca: no","menopausal.status: pre","pcr: pCR","total RNA","Formalin-fixed, paraffin-embedded (FFPE) core biopsies were prospectively collected prior to treatment. The yield and purity of RNA was determined using a NanoDrop 1000 Spectrophotometer (Thermo Scientific). RNA integrity was measured using a Bioanalyzer (Agilent Technologies) with either the RNA Nano or Pico Kit, depending on sample concentration. The RNA Integrity Number (RIN) and average length of the RNA were used for sample characterization. mRNA integrity was measured using a semiquantitative reverse transcription-polymerase chain reaction assay (rtPCR). This assay is based on quantitative amplification of 5'- and 3'-end sequences of the housekeeping gene β-actin. Calculating the ratio of 3' to 5' amplicons allows for assessment of mRNA integrity: intact RNA transcripts exhibit a ratio of 1, while degraded RNA increases the ratio.","biotin","A Transcriptor First Strand cDNA Synthesis Kit (Roche) was used to prepare cDNA from 100 ng of total RNA, using an anchored oligo(dT)-primer followed by a subsequent amplification step with the SYBR Green I Master on a LightCycler® 480 instrument (Roche Applied Science). Formalin-fixed paraffin-embedded tumor (FFPET)-derived RNA was amplified with the WT-Ovation™ FFPE System V2 (NuGEN). Biotin labeling of the cDNA was performed using the FL-Ovation cDNA Biotin Module V2 (NuGEN).","9606","Hybridization of labeled probes on the Affymetrix GeneChip Human Genome U133 Plus 2.0 Array were conducted using the GeneChip® Hybridization, Wash, and Stain Kit (Affymetrix).","For this workflow a GeneChip Fluidics Station 450 and a GeneChip Scanner 3000 7G were used","R (3.0.1) & Bioconductor (2.20.1)","GPL570","Anton,,Belousov","TTB Biostatistics","NCS-TTB","Roche","Nonnenwald 2","Penzberg","82377","Germany","ftp://ftp.ncbi.nlm.nih.gov/geo/samples/GSM1233nnn/GSM1233073/suppl/GSM1233073_CJL120_20081027.CEL.gz","54675","55","HER2+ CT","31.71","15750","28","0","33.18","ER-","27.1","HER2+","no","15","15","6","30","3","pre","25","0","131","pCR","75","45.07","PR-","0","Caucasian","35","30","neoadjuvant doxorubicin/paclitaxel (AT) followed by cyclophosphamide/methotrexate/fluorouracil (CMF)"
"GSM1233074","BreastCancer_S121","GSM1233074","Public on Jan 21 2014","Sep 17 2013","Jun 06 2022","RNA","1","breast cancer","Homo sapiens","centerid: 28","patid: 121","size_dissected_area: 30","percentage_tumor_cells: 80","cell_number_dissected: 14400","inflammatory_cells [%]: 15","invasive_tumor_area_size1 [mm]: 15","invasive_tumor_area_size2 [mm]: 6","invasive_tumor_cells [%]: 40","invasive_tumor_grade: 3","necrotic_cells [%]: 20","normal_epithelial_cells [%]: 0","preneoplastic_tumor_cells [%]: 0","stroma_cells [%]: 25","bgus.ct: 29.71","er.ct: 28.9","her2.ct: 24.39","pr.ct: 29.86","race: Caucasian","er: ER+","pr: PR-","her2: HER2+","arm: HER2+ CT H","treatment: neoadjuvant doxorubicin/paclitaxel (AT) followed by cyclophosphamide/methotrexate/fluorouracil (CMF) + Trastuzumab for 1 year","age: 55","ecog: 0","inflammatory.brca: yes","menopausal.status: post","pcr: pCR","total RNA","Formalin-fixed, paraffin-embedded (FFPE) core biopsies were prospectively collected prior to treatment. The yield and purity of RNA was determined using a NanoDrop 1000 Spectrophotometer (Thermo Scientific). RNA integrity was measured using a Bioanalyzer (Agilent Technologies) with either the RNA Nano or Pico Kit, depending on sample concentration. The RNA Integrity Number (RIN) and average length of the RNA were used for sample characterization. mRNA integrity was measured using a semiquantitative reverse transcription-polymerase chain reaction assay (rtPCR). This assay is based on quantitative amplification of 5'- and 3'-end sequences of the housekeeping gene β-actin. Calculating the ratio of 3' to 5' amplicons allows for assessment of mRNA integrity: intact RNA transcripts exhibit a ratio of 1, while degraded RNA increases the ratio.","biotin","A Transcriptor First Strand cDNA Synthesis Kit (Roche) was used to prepare cDNA from 100 ng of total RNA, using an anchored oligo(dT)-primer followed by a subsequent amplification step with the SYBR Green I Master on a LightCycler® 480 instrument (Roche Applied Science). Formalin-fixed paraffin-embedded tumor (FFPET)-derived RNA was amplified with the WT-Ovation™ FFPE System V2 (NuGEN). Biotin labeling of the cDNA was performed using the FL-Ovation cDNA Biotin Module V2 (NuGEN).","9606","Hybridization of labeled probes on the Affymetrix GeneChip Human Genome U133 Plus 2.0 Array were conducted using the GeneChip® Hybridization, Wash, and Stain Kit (Affymetrix).","For this workflow a GeneChip Fluidics Station 450 and a GeneChip Scanner 3000 7G were used","R (3.0.1) & Bioconductor (2.20.1)","GPL570","Anton,,Belousov","TTB Biostatistics","NCS-TTB","Roche","Nonnenwald 2","Penzberg","82377","Germany","ftp://ftp.ncbi.nlm.nih.gov/geo/samples/GSM1233nnn/GSM1233074/suppl/GSM1233074_CJL121_20081020.CEL.gz","54675","55","HER2+ CT H","29.71","14400","28","0","28.9","ER+","24.39","HER2+","yes","15","15","6","40","3","post","20","0","121","pCR","80","29.86","PR-","0","Caucasian","30","25","neoadjuvant doxorubicin/paclitaxel (AT) followed by cyclophosphamide/methotrexate/fluorouracil (CMF) + Trastuzumab for 1 year"
"GSM1233075","BreastCancer_S126","GSM1233075","Public on Jan 21 2014","Sep 17 2013","Jun 06 2022","RNA","1","breast cancer","Homo sapiens","centerid: 28","patid: 211","size_dissected_area: 91","percentage_tumor_cells: 70","cell_number_dissected: 50960","inflammatory_cells [%]: 5","invasive_tumor_area_size1 [mm]: 13","invasive_tumor_area_size2 [mm]: 7","invasive_tumor_cells [%]: 70","invasive_tumor_grade: 2","necrotic_cells [%]: 5","normal_epithelial_cells [%]: 5","preneoplastic_tumor_cells [%]: 0","stroma_cells [%]: 15","bgus.ct: 30","er.ct: 28.79","her2.ct: 24.08","pr.ct: 29.03","race: Caucasian","er: ER+","pr: PR+","her2: HER2+","arm: HER2+ CT","treatment: neoadjuvant doxorubicin/paclitaxel (AT) followed by cyclophosphamide/methotrexate/fluorouracil (CMF)","age: 46","ecog: 0","inflammatory.brca: no","menopausal.status: pre","pcr: RD","total RNA","Formalin-fixed, paraffin-embedded (FFPE) core biopsies were prospectively collected prior to treatment. The yield and purity of RNA was determined using a NanoDrop 1000 Spectrophotometer (Thermo Scientific). RNA integrity was measured using a Bioanalyzer (Agilent Technologies) with either the RNA Nano or Pico Kit, depending on sample concentration. The RNA Integrity Number (RIN) and average length of the RNA were used for sample characterization. mRNA integrity was measured using a semiquantitative reverse transcription-polymerase chain reaction assay (rtPCR). This assay is based on quantitative amplification of 5'- and 3'-end sequences of the housekeeping gene β-actin. Calculating the ratio of 3' to 5' amplicons allows for assessment of mRNA integrity: intact RNA transcripts exhibit a ratio of 1, while degraded RNA increases the ratio.","biotin","A Transcriptor First Strand cDNA Synthesis Kit (Roche) was used to prepare cDNA from 100 ng of total RNA, using an anchored oligo(dT)-primer followed by a subsequent amplification step with the SYBR Green I Master on a LightCycler® 480 instrument (Roche Applied Science). Formalin-fixed paraffin-embedded tumor (FFPET)-derived RNA was amplified with the WT-Ovation™ FFPE System V2 (NuGEN). Biotin labeling of the cDNA was performed using the FL-Ovation cDNA Biotin Module V2 (NuGEN).","9606","Hybridization of labeled probes on the Affymetrix GeneChip Human Genome U133 Plus 2.0 Array were conducted using the GeneChip® Hybridization, Wash, and Stain Kit (Affymetrix).","For this workflow a GeneChip Fluidics Station 450 and a GeneChip Scanner 3000 7G were used","R (3.0.1) & Bioconductor (2.20.1)","GPL570","Anton,,Belousov","TTB Biostatistics","NCS-TTB","Roche","Nonnenwald 2","Penzberg","82377","Germany","ftp://ftp.ncbi.nlm.nih.gov/geo/samples/GSM1233nnn/GSM1233075/suppl/GSM1233075_CJL126_20081020.CEL.gz","54675","46","HER2+ CT","30","50960","28","0","28.79","ER+","24.08","HER2+","no","5","13","7","70","2","pre","5","5","211","RD","70","29.03","PR+","0","Caucasian","91","15","neoadjuvant doxorubicin/paclitaxel (AT) followed by cyclophosphamide/methotrexate/fluorouracil (CMF)"
"GSM1233076","BreastCancer_S127","GSM1233076","Public on Jan 21 2014","Sep 17 2013","Jun 06 2022","RNA","1","breast cancer","Homo sapiens","centerid: 28","patid: 51","size_dissected_area: 12","percentage_tumor_cells: 55","cell_number_dissected: 3960","inflammatory_cells [%]: 10","invasive_tumor_area_size1 [mm]: 13","invasive_tumor_area_size2 [mm]: 10","invasive_tumor_cells [%]: 35","invasive_tumor_grade: 3","necrotic_cells [%]: 5","normal_epithelial_cells [%]: 5","preneoplastic_tumor_cells [%]: 20","stroma_cells [%]: 25","bgus.ct: 30.42","er.ct: 30.16","her2.ct: 26.93","pr.ct: 29.99","race: Caucasian","er: ER-","pr: PR-","her2: HER2+","arm: HER2+ CT H","treatment: neoadjuvant doxorubicin/paclitaxel (AT) followed by cyclophosphamide/methotrexate/fluorouracil (CMF) + Trastuzumab for 1 year","age: 45","ecog: 0","inflammatory.brca: yes","menopausal.status: post","pcr: pCR","total RNA","Formalin-fixed, paraffin-embedded (FFPE) core biopsies were prospectively collected prior to treatment. The yield and purity of RNA was determined using a NanoDrop 1000 Spectrophotometer (Thermo Scientific). RNA integrity was measured using a Bioanalyzer (Agilent Technologies) with either the RNA Nano or Pico Kit, depending on sample concentration. The RNA Integrity Number (RIN) and average length of the RNA were used for sample characterization. mRNA integrity was measured using a semiquantitative reverse transcription-polymerase chain reaction assay (rtPCR). This assay is based on quantitative amplification of 5'- and 3'-end sequences of the housekeeping gene β-actin. Calculating the ratio of 3' to 5' amplicons allows for assessment of mRNA integrity: intact RNA transcripts exhibit a ratio of 1, while degraded RNA increases the ratio.","biotin","A Transcriptor First Strand cDNA Synthesis Kit (Roche) was used to prepare cDNA from 100 ng of total RNA, using an anchored oligo(dT)-primer followed by a subsequent amplification step with the SYBR Green I Master on a LightCycler® 480 instrument (Roche Applied Science). Formalin-fixed paraffin-embedded tumor (FFPET)-derived RNA was amplified with the WT-Ovation™ FFPE System V2 (NuGEN). Biotin labeling of the cDNA was performed using the FL-Ovation cDNA Biotin Module V2 (NuGEN).","9606","Hybridization of labeled probes on the Affymetrix GeneChip Human Genome U133 Plus 2.0 Array were conducted using the GeneChip® Hybridization, Wash, and Stain Kit (Affymetrix).","For this workflow a GeneChip Fluidics Station 450 and a GeneChip Scanner 3000 7G were used","R (3.0.1) & Bioconductor (2.20.1)","GPL570","Anton,,Belousov","TTB Biostatistics","NCS-TTB","Roche","Nonnenwald 2","Penzberg","82377","Germany","ftp://ftp.ncbi.nlm.nih.gov/geo/samples/GSM1233nnn/GSM1233076/suppl/GSM1233076_CJL127_20081020.CEL.gz","54675","45","HER2+ CT H","30.42","3960","28","0","30.16","ER-","26.93","HER2+","yes","10","13","10","35","3","post","5","5","51","pCR","55","29.99","PR-","20","Caucasian","12","25","neoadjuvant doxorubicin/paclitaxel (AT) followed by cyclophosphamide/methotrexate/fluorouracil (CMF) + Trastuzumab for 1 year"
"GSM1233077","BreastCancer_S129","GSM1233077","Public on Jan 21 2014","Sep 17 2013","Jun 06 2022","RNA","1","breast cancer","Homo sapiens","centerid: 28","patid: 61","size_dissected_area: 18","percentage_tumor_cells: 50","cell_number_dissected: 5400","inflammatory_cells [%]: 5","invasive_tumor_area_size1 [mm]: 10","invasive_tumor_area_size2 [mm]: 7","invasive_tumor_cells [%]: 40","invasive_tumor_grade: 2","necrotic_cells [%]: 25","normal_epithelial_cells [%]: 0","preneoplastic_tumor_cells [%]: 0","stroma_cells [%]: 30","bgus.ct: 0","er.ct: 0","her2.ct: 0","pr.ct: 0","race: Caucasian","er: ER+","pr: PR-","her2: HER2+","arm: HER2+ CT H","treatment: neoadjuvant doxorubicin/paclitaxel (AT) followed by cyclophosphamide/methotrexate/fluorouracil (CMF) + Trastuzumab for 1 year","age: 58","ecog: 0","inflammatory.brca: no","menopausal.status: post","pcr: RD","total RNA","Formalin-fixed, paraffin-embedded (FFPE) core biopsies were prospectively collected prior to treatment. The yield and purity of RNA was determined using a NanoDrop 1000 Spectrophotometer (Thermo Scientific). RNA integrity was measured using a Bioanalyzer (Agilent Technologies) with either the RNA Nano or Pico Kit, depending on sample concentration. The RNA Integrity Number (RIN) and average length of the RNA were used for sample characterization. mRNA integrity was measured using a semiquantitative reverse transcription-polymerase chain reaction assay (rtPCR). This assay is based on quantitative amplification of 5'- and 3'-end sequences of the housekeeping gene β-actin. Calculating the ratio of 3' to 5' amplicons allows for assessment of mRNA integrity: intact RNA transcripts exhibit a ratio of 1, while degraded RNA increases the ratio.","biotin","A Transcriptor First Strand cDNA Synthesis Kit (Roche) was used to prepare cDNA from 100 ng of total RNA, using an anchored oligo(dT)-primer followed by a subsequent amplification step with the SYBR Green I Master on a LightCycler® 480 instrument (Roche Applied Science). Formalin-fixed paraffin-embedded tumor (FFPET)-derived RNA was amplified with the WT-Ovation™ FFPE System V2 (NuGEN). Biotin labeling of the cDNA was performed using the FL-Ovation cDNA Biotin Module V2 (NuGEN).","9606","Hybridization of labeled probes on the Affymetrix GeneChip Human Genome U133 Plus 2.0 Array were conducted using the GeneChip® Hybridization, Wash, and Stain Kit (Affymetrix).","For this workflow a GeneChip Fluidics Station 450 and a GeneChip Scanner 3000 7G were used","R (3.0.1) & Bioconductor (2.20.1)","GPL570","Anton,,Belousov","TTB Biostatistics","NCS-TTB","Roche","Nonnenwald 2","Penzberg","82377","Germany","ftp://ftp.ncbi.nlm.nih.gov/geo/samples/GSM1233nnn/GSM1233077/suppl/GSM1233077_CJL129_20081020.CEL.gz","54675","58","HER2+ CT H","0","5400","28","0","0","ER+","0","HER2+","no","5","10","7","40","2","post","25","0","61","RD","50","0","PR-","0","Caucasian","18","30","neoadjuvant doxorubicin/paclitaxel (AT) followed by cyclophosphamide/methotrexate/fluorouracil (CMF) + Trastuzumab for 1 year"
"GSM1233078","BreastCancer_S130","GSM1233078","Public on Jan 21 2014","Sep 17 2013","Jun 06 2022","RNA","1","breast cancer","Homo sapiens","centerid: 28","patid: 81","size_dissected_area: 17","percentage_tumor_cells: 90","cell_number_dissected: 9180","inflammatory_cells [%]: 10","invasive_tumor_area_size1 [mm]: 11","invasive_tumor_area_size2 [mm]: 4","invasive_tumor_cells [%]: 60","invasive_tumor_grade: 2","necrotic_cells [%]: 5","normal_epithelial_cells [%]: 5","preneoplastic_tumor_cells [%]: 0","stroma_cells [%]: 20","bgus.ct: 30.22","er.ct: 28.53","her2.ct: 28.47","pr.ct: 30.91","race: Caucasian","er: ER-","pr: PR-","her2: HER2+","arm: HER2+ CT","treatment: neoadjuvant doxorubicin/paclitaxel (AT) followed by cyclophosphamide/methotrexate/fluorouracil (CMF)","age: 35","ecog: 0","inflammatory.brca: no","menopausal.status: pre","pcr: RD","total RNA","Formalin-fixed, paraffin-embedded (FFPE) core biopsies were prospectively collected prior to treatment. The yield and purity of RNA was determined using a NanoDrop 1000 Spectrophotometer (Thermo Scientific). RNA integrity was measured using a Bioanalyzer (Agilent Technologies) with either the RNA Nano or Pico Kit, depending on sample concentration. The RNA Integrity Number (RIN) and average length of the RNA were used for sample characterization. mRNA integrity was measured using a semiquantitative reverse transcription-polymerase chain reaction assay (rtPCR). This assay is based on quantitative amplification of 5'- and 3'-end sequences of the housekeeping gene β-actin. Calculating the ratio of 3' to 5' amplicons allows for assessment of mRNA integrity: intact RNA transcripts exhibit a ratio of 1, while degraded RNA increases the ratio.","biotin","A Transcriptor First Strand cDNA Synthesis Kit (Roche) was used to prepare cDNA from 100 ng of total RNA, using an anchored oligo(dT)-primer followed by a subsequent amplification step with the SYBR Green I Master on a LightCycler® 480 instrument (Roche Applied Science). Formalin-fixed paraffin-embedded tumor (FFPET)-derived RNA was amplified with the WT-Ovation™ FFPE System V2 (NuGEN). Biotin labeling of the cDNA was performed using the FL-Ovation cDNA Biotin Module V2 (NuGEN).","9606","Hybridization of labeled probes on the Affymetrix GeneChip Human Genome U133 Plus 2.0 Array were conducted using the GeneChip® Hybridization, Wash, and Stain Kit (Affymetrix).","For this workflow a GeneChip Fluidics Station 450 and a GeneChip Scanner 3000 7G were used","R (3.0.1) & Bioconductor (2.20.1)","GPL570","Anton,,Belousov","TTB Biostatistics","NCS-TTB","Roche","Nonnenwald 2","Penzberg","82377","Germany","ftp://ftp.ncbi.nlm.nih.gov/geo/samples/GSM1233nnn/GSM1233078/suppl/GSM1233078_CJL130_20081020.CEL.gz","54675","35","HER2+ CT","30.22","9180","28","0","28.53","ER-","28.47","HER2+","no","10","11","4","60","2","pre","5","5","81","RD","90","30.91","PR-","0","Caucasian","17","20","neoadjuvant doxorubicin/paclitaxel (AT) followed by cyclophosphamide/methotrexate/fluorouracil (CMF)"
"GSM1233079","BreastCancer_S133","GSM1233079","Public on Jan 21 2014","Sep 17 2013","Jun 06 2022","RNA","1","breast cancer","Homo sapiens","centerid: 7","patid: 201","size_dissected_area: 4","percentage_tumor_cells: 80","cell_number_dissected: 1925","inflammatory_cells [%]: 9","invasive_tumor_area_size1 [mm]: 4","invasive_tumor_area_size2 [mm]: 2","invasive_tumor_cells [%]: 55","invasive_tumor_grade: 3","necrotic_cells [%]: 10","normal_epithelial_cells [%]: 1","preneoplastic_tumor_cells [%]: 0","stroma_cells [%]: 25","bgus.ct: 32.87","er.ct: 32.15","her2.ct: 29.32","pr.ct: 0","race: Caucasian","er: ER+","pr: PR-","her2: HER2+","arm: HER2+ CT","treatment: neoadjuvant doxorubicin/paclitaxel (AT) followed by cyclophosphamide/methotrexate/fluorouracil (CMF)","age: 41","ecog: 0","inflammatory.brca: yes","menopausal.status: pre","pcr: RD","total RNA","Formalin-fixed, paraffin-embedded (FFPE) core biopsies were prospectively collected prior to treatment. The yield and purity of RNA was determined using a NanoDrop 1000 Spectrophotometer (Thermo Scientific). RNA integrity was measured using a Bioanalyzer (Agilent Technologies) with either the RNA Nano or Pico Kit, depending on sample concentration. The RNA Integrity Number (RIN) and average length of the RNA were used for sample characterization. mRNA integrity was measured using a semiquantitative reverse transcription-polymerase chain reaction assay (rtPCR). This assay is based on quantitative amplification of 5'- and 3'-end sequences of the housekeeping gene β-actin. Calculating the ratio of 3' to 5' amplicons allows for assessment of mRNA integrity: intact RNA transcripts exhibit a ratio of 1, while degraded RNA increases the ratio.","biotin","A Transcriptor First Strand cDNA Synthesis Kit (Roche) was used to prepare cDNA from 100 ng of total RNA, using an anchored oligo(dT)-primer followed by a subsequent amplification step with the SYBR Green I Master on a LightCycler® 480 instrument (Roche Applied Science). Formalin-fixed paraffin-embedded tumor (FFPET)-derived RNA was amplified with the WT-Ovation™ FFPE System V2 (NuGEN). Biotin labeling of the cDNA was performed using the FL-Ovation cDNA Biotin Module V2 (NuGEN).","9606","Hybridization of labeled probes on the Affymetrix GeneChip Human Genome U133 Plus 2.0 Array were conducted using the GeneChip® Hybridization, Wash, and Stain Kit (Affymetrix).","For this workflow a GeneChip Fluidics Station 450 and a GeneChip Scanner 3000 7G were used","R (3.0.1) & Bioconductor (2.20.1)","GPL570","Anton,,Belousov","TTB Biostatistics","NCS-TTB","Roche","Nonnenwald 2","Penzberg","82377","Germany","ftp://ftp.ncbi.nlm.nih.gov/geo/samples/GSM1233nnn/GSM1233079/suppl/GSM1233079_CJL133_20081021.CEL.gz","54675","41","HER2+ CT","32.87","1925","7","0","32.15","ER+","29.32","HER2+","yes","9","4","2","55","3","pre","10","1","201","RD","80","0","PR-","0","Caucasian","4","25","neoadjuvant doxorubicin/paclitaxel (AT) followed by cyclophosphamide/methotrexate/fluorouracil (CMF)"
"GSM1233080","BreastCancer_S135","GSM1233080","Public on Jan 21 2014","Sep 17 2013","Jun 06 2022","RNA","1","breast cancer","Homo sapiens","centerid: 7","patid: 61","size_dissected_area: 5","percentage_tumor_cells: 50","cell_number_dissected: 1500","inflammatory_cells [%]: 5","invasive_tumor_area_size1 [mm]: 5","invasive_tumor_area_size2 [mm]: 2","invasive_tumor_cells [%]: 55","invasive_tumor_grade: 2","necrotic_cells [%]: 10","normal_epithelial_cells [%]: 5","preneoplastic_tumor_cells [%]: 0","stroma_cells [%]: 35","bgus.ct: 33.24","er.ct: 0","her2.ct: 28.79","pr.ct: 0","race: Caucasian","er: ER-","pr: PR-","her2: HER2+","arm: HER2+ CT H","treatment: neoadjuvant doxorubicin/paclitaxel (AT) followed by cyclophosphamide/methotrexate/fluorouracil (CMF) + Trastuzumab for 1 year","age: 58","ecog: 0","inflammatory.brca: yes","menopausal.status: post","pcr: pCR","total RNA","Formalin-fixed, paraffin-embedded (FFPE) core biopsies were prospectively collected prior to treatment. The yield and purity of RNA was determined using a NanoDrop 1000 Spectrophotometer (Thermo Scientific). RNA integrity was measured using a Bioanalyzer (Agilent Technologies) with either the RNA Nano or Pico Kit, depending on sample concentration. The RNA Integrity Number (RIN) and average length of the RNA were used for sample characterization. mRNA integrity was measured using a semiquantitative reverse transcription-polymerase chain reaction assay (rtPCR). This assay is based on quantitative amplification of 5'- and 3'-end sequences of the housekeeping gene β-actin. Calculating the ratio of 3' to 5' amplicons allows for assessment of mRNA integrity: intact RNA transcripts exhibit a ratio of 1, while degraded RNA increases the ratio.","biotin","A Transcriptor First Strand cDNA Synthesis Kit (Roche) was used to prepare cDNA from 100 ng of total RNA, using an anchored oligo(dT)-primer followed by a subsequent amplification step with the SYBR Green I Master on a LightCycler® 480 instrument (Roche Applied Science). Formalin-fixed paraffin-embedded tumor (FFPET)-derived RNA was amplified with the WT-Ovation™ FFPE System V2 (NuGEN). Biotin labeling of the cDNA was performed using the FL-Ovation cDNA Biotin Module V2 (NuGEN).","9606","Hybridization of labeled probes on the Affymetrix GeneChip Human Genome U133 Plus 2.0 Array were conducted using the GeneChip® Hybridization, Wash, and Stain Kit (Affymetrix).","For this workflow a GeneChip Fluidics Station 450 and a GeneChip Scanner 3000 7G were used","R (3.0.1) & Bioconductor (2.20.1)","GPL570","Anton,,Belousov","TTB Biostatistics","NCS-TTB","Roche","Nonnenwald 2","Penzberg","82377","Germany","ftp://ftp.ncbi.nlm.nih.gov/geo/samples/GSM1233nnn/GSM1233080/suppl/GSM1233080_CJL135_20081104.CEL.gz","54675","58","HER2+ CT H","33.24","1500","7","0","0","ER-","28.79","HER2+","yes","5","5","2","55","2","post","10","5","61","pCR","50","0","PR-","0","Caucasian","5","35","neoadjuvant doxorubicin/paclitaxel (AT) followed by cyclophosphamide/methotrexate/fluorouracil (CMF) + Trastuzumab for 1 year"
"GSM1233081","BreastCancer_S138","GSM1233081","Public on Jan 21 2014","Sep 17 2013","Jun 06 2022","RNA","1","breast cancer","Homo sapiens","centerid: 7","patid: 141","size_dissected_area: 6","percentage_tumor_cells: 80","cell_number_dissected: 2880","inflammatory_cells [%]: 5","invasive_tumor_area_size1 [mm]: 9","invasive_tumor_area_size2 [mm]: 1","invasive_tumor_cells [%]: 65","invasive_tumor_grade: 3","necrotic_cells [%]: 5","normal_epithelial_cells [%]: 0","preneoplastic_tumor_cells [%]: 0","stroma_cells [%]: 25","bgus.ct: 32","er.ct: 31.33","her2.ct: 30.24","pr.ct: 31.59","race: Caucasian","er: ER+","pr: PR+","her2: HER2+","arm: HER2+ CT H","treatment: neoadjuvant doxorubicin/paclitaxel (AT) followed by cyclophosphamide/methotrexate/fluorouracil (CMF) + Trastuzumab for 1 year","age: 46","ecog: 0","inflammatory.brca: no","menopausal.status: post","pcr: RD","total RNA","Formalin-fixed, paraffin-embedded (FFPE) core biopsies were prospectively collected prior to treatment. The yield and purity of RNA was determined using a NanoDrop 1000 Spectrophotometer (Thermo Scientific). RNA integrity was measured using a Bioanalyzer (Agilent Technologies) with either the RNA Nano or Pico Kit, depending on sample concentration. The RNA Integrity Number (RIN) and average length of the RNA were used for sample characterization. mRNA integrity was measured using a semiquantitative reverse transcription-polymerase chain reaction assay (rtPCR). This assay is based on quantitative amplification of 5'- and 3'-end sequences of the housekeeping gene β-actin. Calculating the ratio of 3' to 5' amplicons allows for assessment of mRNA integrity: intact RNA transcripts exhibit a ratio of 1, while degraded RNA increases the ratio.","biotin","A Transcriptor First Strand cDNA Synthesis Kit (Roche) was used to prepare cDNA from 100 ng of total RNA, using an anchored oligo(dT)-primer followed by a subsequent amplification step with the SYBR Green I Master on a LightCycler® 480 instrument (Roche Applied Science). Formalin-fixed paraffin-embedded tumor (FFPET)-derived RNA was amplified with the WT-Ovation™ FFPE System V2 (NuGEN). Biotin labeling of the cDNA was performed using the FL-Ovation cDNA Biotin Module V2 (NuGEN).","9606","Hybridization of labeled probes on the Affymetrix GeneChip Human Genome U133 Plus 2.0 Array were conducted using the GeneChip® Hybridization, Wash, and Stain Kit (Affymetrix).","For this workflow a GeneChip Fluidics Station 450 and a GeneChip Scanner 3000 7G were used","R (3.0.1) & Bioconductor (2.20.1)","GPL570","Anton,,Belousov","TTB Biostatistics","NCS-TTB","Roche","Nonnenwald 2","Penzberg","82377","Germany","ftp://ftp.ncbi.nlm.nih.gov/geo/samples/GSM1233nnn/GSM1233081/suppl/GSM1233081_CJL138_20081021.CEL.gz","54675","46","HER2+ CT H","32","2880","7","0","31.33","ER+","30.24","HER2+","no","5","9","1","65","3","post","5","0","141","RD","80","31.59","PR+","0","Caucasian","6","25","neoadjuvant doxorubicin/paclitaxel (AT) followed by cyclophosphamide/methotrexate/fluorouracil (CMF) + Trastuzumab for 1 year"
"GSM1233082","BreastCancer_S139","GSM1233082","Public on Jan 21 2014","Sep 17 2013","Jun 06 2022","RNA","1","breast cancer","Homo sapiens","centerid: 7","patid: 11","size_dissected_area: 5","percentage_tumor_cells: 55","cell_number_dissected: 1650","inflammatory_cells [%]: 5","invasive_tumor_area_size1 [mm]: 6","invasive_tumor_area_size2 [mm]: 4","invasive_tumor_cells [%]: 50","invasive_tumor_grade: 2","necrotic_cells [%]: 5","normal_epithelial_cells [%]: 5","preneoplastic_tumor_cells [%]: 0","stroma_cells [%]: 35","bgus.ct: 32.67","er.ct: 33.71","her2.ct: 27.4","pr.ct: 0","race: Caucasian","er: ER-","pr: PR-","her2: HER2+","arm: HER2+ CT","treatment: neoadjuvant doxorubicin/paclitaxel (AT) followed by cyclophosphamide/methotrexate/fluorouracil (CMF)","age: 62","ecog: 0","inflammatory.brca: yes","menopausal.status: post","pcr: RD","total RNA","Formalin-fixed, paraffin-embedded (FFPE) core biopsies were prospectively collected prior to treatment. The yield and purity of RNA was determined using a NanoDrop 1000 Spectrophotometer (Thermo Scientific). RNA integrity was measured using a Bioanalyzer (Agilent Technologies) with either the RNA Nano or Pico Kit, depending on sample concentration. The RNA Integrity Number (RIN) and average length of the RNA were used for sample characterization. mRNA integrity was measured using a semiquantitative reverse transcription-polymerase chain reaction assay (rtPCR). This assay is based on quantitative amplification of 5'- and 3'-end sequences of the housekeeping gene β-actin. Calculating the ratio of 3' to 5' amplicons allows for assessment of mRNA integrity: intact RNA transcripts exhibit a ratio of 1, while degraded RNA increases the ratio.","biotin","A Transcriptor First Strand cDNA Synthesis Kit (Roche) was used to prepare cDNA from 100 ng of total RNA, using an anchored oligo(dT)-primer followed by a subsequent amplification step with the SYBR Green I Master on a LightCycler® 480 instrument (Roche Applied Science). Formalin-fixed paraffin-embedded tumor (FFPET)-derived RNA was amplified with the WT-Ovation™ FFPE System V2 (NuGEN). Biotin labeling of the cDNA was performed using the FL-Ovation cDNA Biotin Module V2 (NuGEN).","9606","Hybridization of labeled probes on the Affymetrix GeneChip Human Genome U133 Plus 2.0 Array were conducted using the GeneChip® Hybridization, Wash, and Stain Kit (Affymetrix).","For this workflow a GeneChip Fluidics Station 450 and a GeneChip Scanner 3000 7G were used","R (3.0.1) & Bioconductor (2.20.1)","GPL570","Anton,,Belousov","TTB Biostatistics","NCS-TTB","Roche","Nonnenwald 2","Penzberg","82377","Germany","ftp://ftp.ncbi.nlm.nih.gov/geo/samples/GSM1233nnn/GSM1233082/suppl/GSM1233082_CJL139_20081021.CEL.gz","54675","62","HER2+ CT","32.67","1650","7","0","33.71","ER-","27.4","HER2+","yes","5","6","4","50","2","post","5","5","11","RD","55","0","PR-","0","Caucasian","5","35","neoadjuvant doxorubicin/paclitaxel (AT) followed by cyclophosphamide/methotrexate/fluorouracil (CMF)"
"GSM1233083","BreastCancer_S146","GSM1233083","Public on Jan 21 2014","Sep 17 2013","Jun 06 2022","RNA","1","breast cancer","Homo sapiens","centerid: 7","patid: 31","size_dissected_area: 1.2","percentage_tumor_cells: 75","cell_number_dissected: 550","inflammatory_cells [%]: 5","invasive_tumor_area_size1 [mm]: 2","invasive_tumor_area_size2 [mm]: 0.5","invasive_tumor_cells [%]: 65","invasive_tumor_grade: 3","necrotic_cells [%]: 5","normal_epithelial_cells [%]: 0","preneoplastic_tumor_cells [%]: 0","stroma_cells [%]: 25","bgus.ct: 32.99","er.ct: 32.39","her2.ct: 30.47","pr.ct: 33.99","race: Caucasian","er: ER-","pr: PR-","her2: HER2+","arm: HER2+ CT","treatment: neoadjuvant doxorubicin/paclitaxel (AT) followed by cyclophosphamide/methotrexate/fluorouracil (CMF)","age: 51","ecog: 0","inflammatory.brca: yes","menopausal.status: post","pcr: RD","total RNA","Formalin-fixed, paraffin-embedded (FFPE) core biopsies were prospectively collected prior to treatment. The yield and purity of RNA was determined using a NanoDrop 1000 Spectrophotometer (Thermo Scientific). RNA integrity was measured using a Bioanalyzer (Agilent Technologies) with either the RNA Nano or Pico Kit, depending on sample concentration. The RNA Integrity Number (RIN) and average length of the RNA were used for sample characterization. mRNA integrity was measured using a semiquantitative reverse transcription-polymerase chain reaction assay (rtPCR). This assay is based on quantitative amplification of 5'- and 3'-end sequences of the housekeeping gene β-actin. Calculating the ratio of 3' to 5' amplicons allows for assessment of mRNA integrity: intact RNA transcripts exhibit a ratio of 1, while degraded RNA increases the ratio.","biotin","A Transcriptor First Strand cDNA Synthesis Kit (Roche) was used to prepare cDNA from 100 ng of total RNA, using an anchored oligo(dT)-primer followed by a subsequent amplification step with the SYBR Green I Master on a LightCycler® 480 instrument (Roche Applied Science). Formalin-fixed paraffin-embedded tumor (FFPET)-derived RNA was amplified with the WT-Ovation™ FFPE System V2 (NuGEN). Biotin labeling of the cDNA was performed using the FL-Ovation cDNA Biotin Module V2 (NuGEN).","9606","Hybridization of labeled probes on the Affymetrix GeneChip Human Genome U133 Plus 2.0 Array were conducted using the GeneChip® Hybridization, Wash, and Stain Kit (Affymetrix).","For this workflow a GeneChip Fluidics Station 450 and a GeneChip Scanner 3000 7G were used","R (3.0.1) & Bioconductor (2.20.1)","GPL570","Anton,,Belousov","TTB Biostatistics","NCS-TTB","Roche","Nonnenwald 2","Penzberg","82377","Germany","ftp://ftp.ncbi.nlm.nih.gov/geo/samples/GSM1233nnn/GSM1233083/suppl/GSM1233083_CJL146_20081021.CEL.gz","54675","51","HER2+ CT","32.99","550","7","0","32.39","ER-","30.47","HER2+","yes","5","2","0.5","65","3","post","5","0","31","RD","75","33.99","PR-","0","Caucasian","1.2","25","neoadjuvant doxorubicin/paclitaxel (AT) followed by cyclophosphamide/methotrexate/fluorouracil (CMF)"
"GSM1233084","BreastCancer_S149","GSM1233084","Public on Jan 21 2014","Sep 17 2013","Jun 06 2022","RNA","1","breast cancer","Homo sapiens","centerid: 7","patid: 81","size_dissected_area: 13","percentage_tumor_cells: 40","cell_number_dissected: 3120","inflammatory_cells [%]: 30","invasive_tumor_area_size1 [mm]: 15","invasive_tumor_area_size2 [mm]: 1","invasive_tumor_cells [%]: 25","invasive_tumor_grade: 3","necrotic_cells [%]: 5","normal_epithelial_cells [%]: 20","preneoplastic_tumor_cells [%]: 0","stroma_cells [%]: 20","bgus.ct: 33.4","er.ct: 33.43","her2.ct: 29.96","pr.ct: 34.89","race: Caucasian","er: ER-","pr: PR-","her2: HER2+","arm: HER2+ CT H","treatment: neoadjuvant doxorubicin/paclitaxel (AT) followed by cyclophosphamide/methotrexate/fluorouracil (CMF) + Trastuzumab for 1 year","age: 36","ecog: 0","inflammatory.brca: no","menopausal.status: pre","pcr: RD","total RNA","Formalin-fixed, paraffin-embedded (FFPE) core biopsies were prospectively collected prior to treatment. The yield and purity of RNA was determined using a NanoDrop 1000 Spectrophotometer (Thermo Scientific). RNA integrity was measured using a Bioanalyzer (Agilent Technologies) with either the RNA Nano or Pico Kit, depending on sample concentration. The RNA Integrity Number (RIN) and average length of the RNA were used for sample characterization. mRNA integrity was measured using a semiquantitative reverse transcription-polymerase chain reaction assay (rtPCR). This assay is based on quantitative amplification of 5'- and 3'-end sequences of the housekeeping gene β-actin. Calculating the ratio of 3' to 5' amplicons allows for assessment of mRNA integrity: intact RNA transcripts exhibit a ratio of 1, while degraded RNA increases the ratio.","biotin","A Transcriptor First Strand cDNA Synthesis Kit (Roche) was used to prepare cDNA from 100 ng of total RNA, using an anchored oligo(dT)-primer followed by a subsequent amplification step with the SYBR Green I Master on a LightCycler® 480 instrument (Roche Applied Science). Formalin-fixed paraffin-embedded tumor (FFPET)-derived RNA was amplified with the WT-Ovation™ FFPE System V2 (NuGEN). Biotin labeling of the cDNA was performed using the FL-Ovation cDNA Biotin Module V2 (NuGEN).","9606","Hybridization of labeled probes on the Affymetrix GeneChip Human Genome U133 Plus 2.0 Array were conducted using the GeneChip® Hybridization, Wash, and Stain Kit (Affymetrix).","For this workflow a GeneChip Fluidics Station 450 and a GeneChip Scanner 3000 7G were used","R (3.0.1) & Bioconductor (2.20.1)","GPL570","Anton,,Belousov","TTB Biostatistics","NCS-TTB","Roche","Nonnenwald 2","Penzberg","82377","Germany","ftp://ftp.ncbi.nlm.nih.gov/geo/samples/GSM1233nnn/GSM1233084/suppl/GSM1233084_CJL149_20081104.CEL.gz","54675","36","HER2+ CT H","33.4","3120","7","0","33.43","ER-","29.96","HER2+","no","30","15","1","25","3","pre","5","20","81","RD","40","34.89","PR-","0","Caucasian","13","20","neoadjuvant doxorubicin/paclitaxel (AT) followed by cyclophosphamide/methotrexate/fluorouracil (CMF) + Trastuzumab for 1 year"
"GSM1233085","BreastCancer_S151","GSM1233085","Public on Jan 21 2014","Sep 17 2013","Jun 06 2022","RNA","1","breast cancer","Homo sapiens","centerid: 7","patid: 241","size_dissected_area: 6.6","percentage_tumor_cells: 61","cell_number_dissected: 2412","inflammatory_cells [%]: 3","invasive_tumor_area_size1 [mm]: 9","invasive_tumor_area_size2 [mm]: 1","invasive_tumor_cells [%]: 60","invasive_tumor_grade: 2","necrotic_cells [%]: 5","normal_epithelial_cells [%]: 1","preneoplastic_tumor_cells [%]: 0","stroma_cells [%]: 31","bgus.ct: 32.34","er.ct: 31.78","her2.ct: 31.27","pr.ct: 31.97","race: Caucasian","er: ER+","pr: PR+","her2: HER2-","arm: HER2- CT","treatment: neoadjuvant doxorubicin/paclitaxel (AT) followed by cyclophosphamide/methotrexate/fluorouracil (CMF)","age: 39","ecog: 0","inflammatory.brca: no","menopausal.status: pre","pcr: pCR","total RNA","Formalin-fixed, paraffin-embedded (FFPE) core biopsies were prospectively collected prior to treatment. The yield and purity of RNA was determined using a NanoDrop 1000 Spectrophotometer (Thermo Scientific). RNA integrity was measured using a Bioanalyzer (Agilent Technologies) with either the RNA Nano or Pico Kit, depending on sample concentration. The RNA Integrity Number (RIN) and average length of the RNA were used for sample characterization. mRNA integrity was measured using a semiquantitative reverse transcription-polymerase chain reaction assay (rtPCR). This assay is based on quantitative amplification of 5'- and 3'-end sequences of the housekeeping gene β-actin. Calculating the ratio of 3' to 5' amplicons allows for assessment of mRNA integrity: intact RNA transcripts exhibit a ratio of 1, while degraded RNA increases the ratio.","biotin","A Transcriptor First Strand cDNA Synthesis Kit (Roche) was used to prepare cDNA from 100 ng of total RNA, using an anchored oligo(dT)-primer followed by a subsequent amplification step with the SYBR Green I Master on a LightCycler® 480 instrument (Roche Applied Science). Formalin-fixed paraffin-embedded tumor (FFPET)-derived RNA was amplified with the WT-Ovation™ FFPE System V2 (NuGEN). Biotin labeling of the cDNA was performed using the FL-Ovation cDNA Biotin Module V2 (NuGEN).","9606","Hybridization of labeled probes on the Affymetrix GeneChip Human Genome U133 Plus 2.0 Array were conducted using the GeneChip® Hybridization, Wash, and Stain Kit (Affymetrix).","For this workflow a GeneChip Fluidics Station 450 and a GeneChip Scanner 3000 7G were used","R (3.0.1) & Bioconductor (2.20.1)","GPL570","Anton,,Belousov","TTB Biostatistics","NCS-TTB","Roche","Nonnenwald 2","Penzberg","82377","Germany","ftp://ftp.ncbi.nlm.nih.gov/geo/samples/GSM1233nnn/GSM1233085/suppl/GSM1233085_CJL151_20081027.CEL.gz","54675","39","HER2- CT","32.34","2412","7","0","31.78","ER+","31.27","HER2-","no","3","9","1","60","2","pre","5","1","241","pCR","61","31.97","PR+","0","Caucasian","6.6","31","neoadjuvant doxorubicin/paclitaxel (AT) followed by cyclophosphamide/methotrexate/fluorouracil (CMF)"
"GSM1233086","BreastCancer_S152","GSM1233086","Public on Jan 21 2014","Sep 17 2013","Jun 06 2022","RNA","1","breast cancer","Homo sapiens","centerid: 7","patid: 281","size_dissected_area: 9","percentage_tumor_cells: 90","cell_number_dissected: 4860","inflammatory_cells [%]: 3","invasive_tumor_area_size1 [mm]: 10","invasive_tumor_area_size2 [mm]: 1","invasive_tumor_cells [%]: 75","invasive_tumor_grade: 3","necrotic_cells [%]: 2","normal_epithelial_cells [%]: 0","preneoplastic_tumor_cells [%]: 0","stroma_cells [%]: 20","bgus.ct: 31.41","er.ct: 29.89","her2.ct: 30.37","pr.ct: 31.52","race: Caucasian","er: ER+","pr: PR+","her2: HER2-","arm: HER2- CT","treatment: neoadjuvant doxorubicin/paclitaxel (AT) followed by cyclophosphamide/methotrexate/fluorouracil (CMF)","age: 62","ecog: 0","inflammatory.brca: no","menopausal.status: post","pcr: RD","total RNA","Formalin-fixed, paraffin-embedded (FFPE) core biopsies were prospectively collected prior to treatment. The yield and purity of RNA was determined using a NanoDrop 1000 Spectrophotometer (Thermo Scientific). RNA integrity was measured using a Bioanalyzer (Agilent Technologies) with either the RNA Nano or Pico Kit, depending on sample concentration. The RNA Integrity Number (RIN) and average length of the RNA were used for sample characterization. mRNA integrity was measured using a semiquantitative reverse transcription-polymerase chain reaction assay (rtPCR). This assay is based on quantitative amplification of 5'- and 3'-end sequences of the housekeeping gene β-actin. Calculating the ratio of 3' to 5' amplicons allows for assessment of mRNA integrity: intact RNA transcripts exhibit a ratio of 1, while degraded RNA increases the ratio.","biotin","A Transcriptor First Strand cDNA Synthesis Kit (Roche) was used to prepare cDNA from 100 ng of total RNA, using an anchored oligo(dT)-primer followed by a subsequent amplification step with the SYBR Green I Master on a LightCycler® 480 instrument (Roche Applied Science). Formalin-fixed paraffin-embedded tumor (FFPET)-derived RNA was amplified with the WT-Ovation™ FFPE System V2 (NuGEN). Biotin labeling of the cDNA was performed using the FL-Ovation cDNA Biotin Module V2 (NuGEN).","9606","Hybridization of labeled probes on the Affymetrix GeneChip Human Genome U133 Plus 2.0 Array were conducted using the GeneChip® Hybridization, Wash, and Stain Kit (Affymetrix).","For this workflow a GeneChip Fluidics Station 450 and a GeneChip Scanner 3000 7G were used","R (3.0.1) & Bioconductor (2.20.1)","GPL570","Anton,,Belousov","TTB Biostatistics","NCS-TTB","Roche","Nonnenwald 2","Penzberg","82377","Germany","ftp://ftp.ncbi.nlm.nih.gov/geo/samples/GSM1233nnn/GSM1233086/suppl/GSM1233086_CJL152_20081027.CEL.gz","54675","62","HER2- CT","31.41","4860","7","0","29.89","ER+","30.37","HER2-","no","3","10","1","75","3","post","2","0","281","RD","90","31.52","PR+","0","Caucasian","9","20","neoadjuvant doxorubicin/paclitaxel (AT) followed by cyclophosphamide/methotrexate/fluorouracil (CMF)"
"GSM1233087","BreastCancer_S153","GSM1233087","Public on Jan 21 2014","Sep 17 2013","Jun 06 2022","RNA","1","breast cancer","Homo sapiens","centerid: 16","patid: 11","size_dissected_area: 1.2","percentage_tumor_cells: 60","cell_number_dissected: 450","inflammatory_cells [%]: 5","invasive_tumor_area_size1 [mm]: 2","invasive_tumor_area_size2 [mm]: 0.5","invasive_tumor_cells [%]: 50","invasive_tumor_grade: 3","necrotic_cells [%]: 10","normal_epithelial_cells [%]: 0","preneoplastic_tumor_cells [%]: 0","stroma_cells [%]: 35","bgus.ct: 32.98","er.ct: 33.04","her2.ct: 28.81","pr.ct: 33.87","race: Caucasian","er: ER-","pr: PR-","her2: HER2+","arm: HER2+ CT H","treatment: neoadjuvant doxorubicin/paclitaxel (AT) followed by cyclophosphamide/methotrexate/fluorouracil (CMF) + Trastuzumab for 1 year","age: 52","ecog: 0","inflammatory.brca: no","menopausal.status: pre","pcr: RD","total RNA","Formalin-fixed, paraffin-embedded (FFPE) core biopsies were prospectively collected prior to treatment. The yield and purity of RNA was determined using a NanoDrop 1000 Spectrophotometer (Thermo Scientific). RNA integrity was measured using a Bioanalyzer (Agilent Technologies) with either the RNA Nano or Pico Kit, depending on sample concentration. The RNA Integrity Number (RIN) and average length of the RNA were used for sample characterization. mRNA integrity was measured using a semiquantitative reverse transcription-polymerase chain reaction assay (rtPCR). This assay is based on quantitative amplification of 5'- and 3'-end sequences of the housekeeping gene β-actin. Calculating the ratio of 3' to 5' amplicons allows for assessment of mRNA integrity: intact RNA transcripts exhibit a ratio of 1, while degraded RNA increases the ratio.","biotin","A Transcriptor First Strand cDNA Synthesis Kit (Roche) was used to prepare cDNA from 100 ng of total RNA, using an anchored oligo(dT)-primer followed by a subsequent amplification step with the SYBR Green I Master on a LightCycler® 480 instrument (Roche Applied Science). Formalin-fixed paraffin-embedded tumor (FFPET)-derived RNA was amplified with the WT-Ovation™ FFPE System V2 (NuGEN). Biotin labeling of the cDNA was performed using the FL-Ovation cDNA Biotin Module V2 (NuGEN).","9606","Hybridization of labeled probes on the Affymetrix GeneChip Human Genome U133 Plus 2.0 Array were conducted using the GeneChip® Hybridization, Wash, and Stain Kit (Affymetrix).","For this workflow a GeneChip Fluidics Station 450 and a GeneChip Scanner 3000 7G were used","R (3.0.1) & Bioconductor (2.20.1)","GPL570","Anton,,Belousov","TTB Biostatistics","NCS-TTB","Roche","Nonnenwald 2","Penzberg","82377","Germany","ftp://ftp.ncbi.nlm.nih.gov/geo/samples/GSM1233nnn/GSM1233087/suppl/GSM1233087_CJL153_20081021.CEL.gz","54675","52","HER2+ CT H","32.98","450","16","0","33.04","ER-","28.81","HER2+","no","5","2","0.5","50","3","pre","10","0","11","RD","60","33.87","PR-","0","Caucasian","1.2","35","neoadjuvant doxorubicin/paclitaxel (AT) followed by cyclophosphamide/methotrexate/fluorouracil (CMF) + Trastuzumab for 1 year"
"GSM1233088","BreastCancer_S156","GSM1233088","Public on Jan 21 2014","Sep 17 2013","Jun 06 2022","RNA","1","breast cancer","Homo sapiens","centerid: 7","patid: 301","size_dissected_area: 2","percentage_tumor_cells: 80","cell_number_dissected: 1000","inflammatory_cells [%]: 1","invasive_tumor_area_size1 [mm]: 2","invasive_tumor_area_size2 [mm]: 1","invasive_tumor_cells [%]: 80","invasive_tumor_grade: 2","necrotic_cells [%]: 1","normal_epithelial_cells [%]: 0","preneoplastic_tumor_cells [%]: 0","stroma_cells [%]: 18","bgus.ct: 31.52","er.ct: 31.81","her2.ct: 26.06","pr.ct: 32.58","race: Caucasian","er: ER-","pr: PR+","her2: HER2+","arm: HER2+ CT H","treatment: neoadjuvant doxorubicin/paclitaxel (AT) followed by cyclophosphamide/methotrexate/fluorouracil (CMF) + Trastuzumab for 1 year","age: 41","ecog: 0","inflammatory.brca: no","menopausal.status: pre","pcr: pCR","total RNA","Formalin-fixed, paraffin-embedded (FFPE) core biopsies were prospectively collected prior to treatment. The yield and purity of RNA was determined using a NanoDrop 1000 Spectrophotometer (Thermo Scientific). RNA integrity was measured using a Bioanalyzer (Agilent Technologies) with either the RNA Nano or Pico Kit, depending on sample concentration. The RNA Integrity Number (RIN) and average length of the RNA were used for sample characterization. mRNA integrity was measured using a semiquantitative reverse transcription-polymerase chain reaction assay (rtPCR). This assay is based on quantitative amplification of 5'- and 3'-end sequences of the housekeeping gene β-actin. Calculating the ratio of 3' to 5' amplicons allows for assessment of mRNA integrity: intact RNA transcripts exhibit a ratio of 1, while degraded RNA increases the ratio.","biotin","A Transcriptor First Strand cDNA Synthesis Kit (Roche) was used to prepare cDNA from 100 ng of total RNA, using an anchored oligo(dT)-primer followed by a subsequent amplification step with the SYBR Green I Master on a LightCycler® 480 instrument (Roche Applied Science). Formalin-fixed paraffin-embedded tumor (FFPET)-derived RNA was amplified with the WT-Ovation™ FFPE System V2 (NuGEN). Biotin labeling of the cDNA was performed using the FL-Ovation cDNA Biotin Module V2 (NuGEN).","9606","Hybridization of labeled probes on the Affymetrix GeneChip Human Genome U133 Plus 2.0 Array were conducted using the GeneChip® Hybridization, Wash, and Stain Kit (Affymetrix).","For this workflow a GeneChip Fluidics Station 450 and a GeneChip Scanner 3000 7G were used","R (3.0.1) & Bioconductor (2.20.1)","GPL570","Anton,,Belousov","TTB Biostatistics","NCS-TTB","Roche","Nonnenwald 2","Penzberg","82377","Germany","ftp://ftp.ncbi.nlm.nih.gov/geo/samples/GSM1233nnn/GSM1233088/suppl/GSM1233088_CJL156_20081021.CEL.gz","54675","41","HER2+ CT H","31.52","1000","7","0","31.81","ER-","26.06","HER2+","no","1","2","1","80","2","pre","1","0","301","pCR","80","32.58","PR+","0","Caucasian","2","18","neoadjuvant doxorubicin/paclitaxel (AT) followed by cyclophosphamide/methotrexate/fluorouracil (CMF) + Trastuzumab for 1 year"
"GSM1233089","BreastCancer_S161","GSM1233089","Public on Jan 21 2014","Sep 17 2013","Jun 06 2022","RNA","1","breast cancer","Homo sapiens","centerid: 7","patid: 351","size_dissected_area: 2","percentage_tumor_cells: 60","cell_number_dissected: 720","inflammatory_cells [%]: 20","invasive_tumor_area_size1 [mm]: 2","invasive_tumor_area_size2 [mm]: 2","invasive_tumor_cells [%]: 30","invasive_tumor_grade: 2","necrotic_cells [%]: 10","normal_epithelial_cells [%]: 2","preneoplastic_tumor_cells [%]: 0","stroma_cells [%]: 38","bgus.ct: 30.93","er.ct: 30.61","her2.ct: 27.41","pr.ct: 31.05","race: Black","er: ER-","pr: PR-","her2: HER2+","arm: HER2+ CT H","treatment: neoadjuvant doxorubicin/paclitaxel (AT) followed by cyclophosphamide/methotrexate/fluorouracil (CMF) + Trastuzumab for 1 year","age: 49","ecog: 0","inflammatory.brca: no","menopausal.status: post","pcr: RD","total RNA","Formalin-fixed, paraffin-embedded (FFPE) core biopsies were prospectively collected prior to treatment. The yield and purity of RNA was determined using a NanoDrop 1000 Spectrophotometer (Thermo Scientific). RNA integrity was measured using a Bioanalyzer (Agilent Technologies) with either the RNA Nano or Pico Kit, depending on sample concentration. The RNA Integrity Number (RIN) and average length of the RNA were used for sample characterization. mRNA integrity was measured using a semiquantitative reverse transcription-polymerase chain reaction assay (rtPCR). This assay is based on quantitative amplification of 5'- and 3'-end sequences of the housekeeping gene β-actin. Calculating the ratio of 3' to 5' amplicons allows for assessment of mRNA integrity: intact RNA transcripts exhibit a ratio of 1, while degraded RNA increases the ratio.","biotin","A Transcriptor First Strand cDNA Synthesis Kit (Roche) was used to prepare cDNA from 100 ng of total RNA, using an anchored oligo(dT)-primer followed by a subsequent amplification step with the SYBR Green I Master on a LightCycler® 480 instrument (Roche Applied Science). Formalin-fixed paraffin-embedded tumor (FFPET)-derived RNA was amplified with the WT-Ovation™ FFPE System V2 (NuGEN). Biotin labeling of the cDNA was performed using the FL-Ovation cDNA Biotin Module V2 (NuGEN).","9606","Hybridization of labeled probes on the Affymetrix GeneChip Human Genome U133 Plus 2.0 Array were conducted using the GeneChip® Hybridization, Wash, and Stain Kit (Affymetrix).","For this workflow a GeneChip Fluidics Station 450 and a GeneChip Scanner 3000 7G were used","R (3.0.1) & Bioconductor (2.20.1)","GPL570","Anton,,Belousov","TTB Biostatistics","NCS-TTB","Roche","Nonnenwald 2","Penzberg","82377","Germany","ftp://ftp.ncbi.nlm.nih.gov/geo/samples/GSM1233nnn/GSM1233089/suppl/GSM1233089_CJL161_20081021.CEL.gz","54675","49","HER2+ CT H","30.93","720","7","0","30.61","ER-","27.41","HER2+","no","20","2","2","30","2","post","10","2","351","RD","60","31.05","PR-","0","Black","2","38","neoadjuvant doxorubicin/paclitaxel (AT) followed by cyclophosphamide/methotrexate/fluorouracil (CMF) + Trastuzumab for 1 year"
"GSM1233090","BreastCancer_S166","GSM1233090","Public on Jan 21 2014","Sep 17 2013","Jun 06 2022","RNA","1","breast cancer","Homo sapiens","centerid: 18","patid: 21","size_dissected_area: 9.5","percentage_tumor_cells: 50","cell_number_dissected: 2900","inflammatory_cells [%]: 5","invasive_tumor_area_size1 [mm]: 7","invasive_tumor_area_size2 [mm]: 0.5","invasive_tumor_cells [%]: 60","invasive_tumor_grade: 3","necrotic_cells [%]: 0","normal_epithelial_cells [%]: 10","preneoplastic_tumor_cells [%]: 0","stroma_cells [%]: 15","bgus.ct: 32.69","er.ct: 32.38","her2.ct: 29.18","pr.ct: 33.27","race: Caucasian","er: ER-","pr: PR-","her2: HER2+","arm: HER2+ CT H","treatment: neoadjuvant doxorubicin/paclitaxel (AT) followed by cyclophosphamide/methotrexate/fluorouracil (CMF) + Trastuzumab for 1 year","age: 56","ecog: 0","inflammatory.brca: yes","menopausal.status: post","pcr: pCR","total RNA","Formalin-fixed, paraffin-embedded (FFPE) core biopsies were prospectively collected prior to treatment. The yield and purity of RNA was determined using a NanoDrop 1000 Spectrophotometer (Thermo Scientific). RNA integrity was measured using a Bioanalyzer (Agilent Technologies) with either the RNA Nano or Pico Kit, depending on sample concentration. The RNA Integrity Number (RIN) and average length of the RNA were used for sample characterization. mRNA integrity was measured using a semiquantitative reverse transcription-polymerase chain reaction assay (rtPCR). This assay is based on quantitative amplification of 5'- and 3'-end sequences of the housekeeping gene β-actin. Calculating the ratio of 3' to 5' amplicons allows for assessment of mRNA integrity: intact RNA transcripts exhibit a ratio of 1, while degraded RNA increases the ratio.","biotin","A Transcriptor First Strand cDNA Synthesis Kit (Roche) was used to prepare cDNA from 100 ng of total RNA, using an anchored oligo(dT)-primer followed by a subsequent amplification step with the SYBR Green I Master on a LightCycler® 480 instrument (Roche Applied Science). Formalin-fixed paraffin-embedded tumor (FFPET)-derived RNA was amplified with the WT-Ovation™ FFPE System V2 (NuGEN). Biotin labeling of the cDNA was performed using the FL-Ovation cDNA Biotin Module V2 (NuGEN).","9606","Hybridization of labeled probes on the Affymetrix GeneChip Human Genome U133 Plus 2.0 Array were conducted using the GeneChip® Hybridization, Wash, and Stain Kit (Affymetrix).","For this workflow a GeneChip Fluidics Station 450 and a GeneChip Scanner 3000 7G were used","R (3.0.1) & Bioconductor (2.20.1)","GPL570","Anton,,Belousov","TTB Biostatistics","NCS-TTB","Roche","Nonnenwald 2","Penzberg","82377","Germany","ftp://ftp.ncbi.nlm.nih.gov/geo/samples/GSM1233nnn/GSM1233090/suppl/GSM1233090_CJL166_20081104.CEL.gz","54675","56","HER2+ CT H","32.69","2900","18","0","32.38","ER-","29.18","HER2+","yes","5","7","0.5","60","3","post","0","10","21","pCR","50","33.27","PR-","0","Caucasian","9.5","15","neoadjuvant doxorubicin/paclitaxel (AT) followed by cyclophosphamide/methotrexate/fluorouracil (CMF) + Trastuzumab for 1 year"
"GSM1233091","BreastCancer_S167","GSM1233091","Public on Jan 21 2014","Sep 17 2013","Jun 06 2022","RNA","1","breast cancer","Homo sapiens","centerid: 25","patid: 91","size_dissected_area: 4","percentage_tumor_cells: 55","cell_number_dissected: 1300","inflammatory_cells [%]: 14","invasive_tumor_area_size1 [mm]: 3","invasive_tumor_area_size2 [mm]: 0.5","invasive_tumor_cells [%]: 70","invasive_tumor_grade: 3","necrotic_cells [%]: 1","normal_epithelial_cells [%]: 5","preneoplastic_tumor_cells [%]: 0","stroma_cells [%]: 10","bgus.ct: 32.67","er.ct: 33.26","her2.ct: 27.19","pr.ct: 34.62","race: Caucasian","er: ER-","pr: PR-","her2: HER2+","arm: HER2+ CT","treatment: neoadjuvant doxorubicin/paclitaxel (AT) followed by cyclophosphamide/methotrexate/fluorouracil (CMF)","age: 54","ecog: 0","inflammatory.brca: no","menopausal.status: post","pcr: RD","total RNA","Formalin-fixed, paraffin-embedded (FFPE) core biopsies were prospectively collected prior to treatment. The yield and purity of RNA was determined using a NanoDrop 1000 Spectrophotometer (Thermo Scientific). RNA integrity was measured using a Bioanalyzer (Agilent Technologies) with either the RNA Nano or Pico Kit, depending on sample concentration. The RNA Integrity Number (RIN) and average length of the RNA were used for sample characterization. mRNA integrity was measured using a semiquantitative reverse transcription-polymerase chain reaction assay (rtPCR). This assay is based on quantitative amplification of 5'- and 3'-end sequences of the housekeeping gene β-actin. Calculating the ratio of 3' to 5' amplicons allows for assessment of mRNA integrity: intact RNA transcripts exhibit a ratio of 1, while degraded RNA increases the ratio.","biotin","A Transcriptor First Strand cDNA Synthesis Kit (Roche) was used to prepare cDNA from 100 ng of total RNA, using an anchored oligo(dT)-primer followed by a subsequent amplification step with the SYBR Green I Master on a LightCycler® 480 instrument (Roche Applied Science). Formalin-fixed paraffin-embedded tumor (FFPET)-derived RNA was amplified with the WT-Ovation™ FFPE System V2 (NuGEN). Biotin labeling of the cDNA was performed using the FL-Ovation cDNA Biotin Module V2 (NuGEN).","9606","Hybridization of labeled probes on the Affymetrix GeneChip Human Genome U133 Plus 2.0 Array were conducted using the GeneChip® Hybridization, Wash, and Stain Kit (Affymetrix).","For this workflow a GeneChip Fluidics Station 450 and a GeneChip Scanner 3000 7G were used","R (3.0.1) & Bioconductor (2.20.1)","GPL570","Anton,,Belousov","TTB Biostatistics","NCS-TTB","Roche","Nonnenwald 2","Penzberg","82377","Germany","ftp://ftp.ncbi.nlm.nih.gov/geo/samples/GSM1233nnn/GSM1233091/suppl/GSM1233091_CJL167_20081021.CEL.gz","54675","54","HER2+ CT","32.67","1300","25","0","33.26","ER-","27.19","HER2+","no","14","3","0.5","70","3","post","1","5","91","RD","55","34.62","PR-","0","Caucasian","4","10","neoadjuvant doxorubicin/paclitaxel (AT) followed by cyclophosphamide/methotrexate/fluorouracil (CMF)"
"GSM1233092","BreastCancer_S170","GSM1233092","Public on Jan 21 2014","Sep 17 2013","Jun 06 2022","RNA","1","breast cancer","Homo sapiens","centerid: 25","patid: 221","size_dissected_area: 8","percentage_tumor_cells: 40","cell_number_dissected: 1900","inflammatory_cells [%]: 4","invasive_tumor_area_size1 [mm]: 3","invasive_tumor_area_size2 [mm]: 0.5","invasive_tumor_cells [%]: 80","invasive_tumor_grade: 3","necrotic_cells [%]: 0","normal_epithelial_cells [%]: 1","preneoplastic_tumor_cells [%]: 0","stroma_cells [%]: 15","bgus.ct: 30.66","er.ct: 31.94","her2.ct: 26.62","pr.ct: 32.58","race: Caucasian","er: ER-","pr: PR-","her2: HER2+","arm: HER2+ CT H","treatment: neoadjuvant doxorubicin/paclitaxel (AT) followed by cyclophosphamide/methotrexate/fluorouracil (CMF) + Trastuzumab for 1 year","age: 56","ecog: 0","inflammatory.brca: no","menopausal.status: post","pcr: pCR","total RNA","Formalin-fixed, paraffin-embedded (FFPE) core biopsies were prospectively collected prior to treatment. The yield and purity of RNA was determined using a NanoDrop 1000 Spectrophotometer (Thermo Scientific). RNA integrity was measured using a Bioanalyzer (Agilent Technologies) with either the RNA Nano or Pico Kit, depending on sample concentration. The RNA Integrity Number (RIN) and average length of the RNA were used for sample characterization. mRNA integrity was measured using a semiquantitative reverse transcription-polymerase chain reaction assay (rtPCR). This assay is based on quantitative amplification of 5'- and 3'-end sequences of the housekeeping gene β-actin. Calculating the ratio of 3' to 5' amplicons allows for assessment of mRNA integrity: intact RNA transcripts exhibit a ratio of 1, while degraded RNA increases the ratio.","biotin","A Transcriptor First Strand cDNA Synthesis Kit (Roche) was used to prepare cDNA from 100 ng of total RNA, using an anchored oligo(dT)-primer followed by a subsequent amplification step with the SYBR Green I Master on a LightCycler® 480 instrument (Roche Applied Science). Formalin-fixed paraffin-embedded tumor (FFPET)-derived RNA was amplified with the WT-Ovation™ FFPE System V2 (NuGEN). Biotin labeling of the cDNA was performed using the FL-Ovation cDNA Biotin Module V2 (NuGEN).","9606","Hybridization of labeled probes on the Affymetrix GeneChip Human Genome U133 Plus 2.0 Array were conducted using the GeneChip® Hybridization, Wash, and Stain Kit (Affymetrix).","For this workflow a GeneChip Fluidics Station 450 and a GeneChip Scanner 3000 7G were used","R (3.0.1) & Bioconductor (2.20.1)","GPL570","Anton,,Belousov","TTB Biostatistics","NCS-TTB","Roche","Nonnenwald 2","Penzberg","82377","Germany","ftp://ftp.ncbi.nlm.nih.gov/geo/samples/GSM1233nnn/GSM1233092/suppl/GSM1233092_CJL170_20081021.CEL.gz","54675","56","HER2+ CT H","30.66","1900","25","0","31.94","ER-","26.62","HER2+","no","4","3","0.5","80","3","post","0","1","221","pCR","40","32.58","PR-","0","Caucasian","8","15","neoadjuvant doxorubicin/paclitaxel (AT) followed by cyclophosphamide/methotrexate/fluorouracil (CMF) + Trastuzumab for 1 year"
"GSM1233093","BreastCancer_S173","GSM1233093","Public on Jan 21 2014","Sep 17 2013","Jun 06 2022","RNA","1","breast cancer","Homo sapiens","centerid: 25","patid: 41","size_dissected_area: 5.6","percentage_tumor_cells: 40","cell_number_dissected: 1350","inflammatory_cells [%]: 10","invasive_tumor_area_size1 [mm]: 1","invasive_tumor_area_size2 [mm]: 0.5","invasive_tumor_cells [%]: 70","invasive_tumor_grade: 3","necrotic_cells [%]: 0","normal_epithelial_cells [%]: 0","preneoplastic_tumor_cells [%]: 0","stroma_cells [%]: 20","bgus.ct: 33.84","er.ct: 33.68","her2.ct: 28.86","pr.ct: 0","race: Caucasian","er: ER-","pr: PR-","her2: HER2+","arm: HER2+ CT","treatment: neoadjuvant doxorubicin/paclitaxel (AT) followed by cyclophosphamide/methotrexate/fluorouracil (CMF)","age: 56","ecog: 0","inflammatory.brca: yes","menopausal.status: post","pcr: pCR","total RNA","Formalin-fixed, paraffin-embedded (FFPE) core biopsies were prospectively collected prior to treatment. The yield and purity of RNA was determined using a NanoDrop 1000 Spectrophotometer (Thermo Scientific). RNA integrity was measured using a Bioanalyzer (Agilent Technologies) with either the RNA Nano or Pico Kit, depending on sample concentration. The RNA Integrity Number (RIN) and average length of the RNA were used for sample characterization. mRNA integrity was measured using a semiquantitative reverse transcription-polymerase chain reaction assay (rtPCR). This assay is based on quantitative amplification of 5'- and 3'-end sequences of the housekeeping gene β-actin. Calculating the ratio of 3' to 5' amplicons allows for assessment of mRNA integrity: intact RNA transcripts exhibit a ratio of 1, while degraded RNA increases the ratio.","biotin","A Transcriptor First Strand cDNA Synthesis Kit (Roche) was used to prepare cDNA from 100 ng of total RNA, using an anchored oligo(dT)-primer followed by a subsequent amplification step with the SYBR Green I Master on a LightCycler® 480 instrument (Roche Applied Science). Formalin-fixed paraffin-embedded tumor (FFPET)-derived RNA was amplified with the WT-Ovation™ FFPE System V2 (NuGEN). Biotin labeling of the cDNA was performed using the FL-Ovation cDNA Biotin Module V2 (NuGEN).","9606","Hybridization of labeled probes on the Affymetrix GeneChip Human Genome U133 Plus 2.0 Array were conducted using the GeneChip® Hybridization, Wash, and Stain Kit (Affymetrix).","For this workflow a GeneChip Fluidics Station 450 and a GeneChip Scanner 3000 7G were used","R (3.0.1) & Bioconductor (2.20.1)","GPL570","Anton,,Belousov","TTB Biostatistics","NCS-TTB","Roche","Nonnenwald 2","Penzberg","82377","Germany","ftp://ftp.ncbi.nlm.nih.gov/geo/samples/GSM1233nnn/GSM1233093/suppl/GSM1233093_CJL173_20081027.CEL.gz","54675","56","HER2+ CT","33.84","1350","25","0","33.68","ER-","28.86","HER2+","yes","10","1","0.5","70","3","post","0","0","41","pCR","40","0","PR-","0","Caucasian","5.6","20","neoadjuvant doxorubicin/paclitaxel (AT) followed by cyclophosphamide/methotrexate/fluorouracil (CMF)"
"GSM1233094","BreastCancer_S174","GSM1233094","Public on Jan 21 2014","Sep 17 2013","Jun 06 2022","RNA","1","breast cancer","Homo sapiens","centerid: 25","patid: 141","size_dissected_area: 4","percentage_tumor_cells: 40","cell_number_dissected: 950","inflammatory_cells [%]: 4","invasive_tumor_area_size1 [mm]: 3","invasive_tumor_area_size2 [mm]: 2","invasive_tumor_cells [%]: 80","invasive_tumor_grade: 3","necrotic_cells [%]: 1","normal_epithelial_cells [%]: 0","preneoplastic_tumor_cells [%]: 0","stroma_cells [%]: 15","bgus.ct: 31.51","er.ct: 32.76","her2.ct: 26.43","pr.ct: 33.95","race: Caucasian","er: ER-","pr: PR-","her2: HER2+","arm: HER2+ CT H","treatment: neoadjuvant doxorubicin/paclitaxel (AT) followed by cyclophosphamide/methotrexate/fluorouracil (CMF) + Trastuzumab for 1 year","age: 60","ecog: 0","inflammatory.brca: yes","menopausal.status: post","pcr: pCR","total RNA","Formalin-fixed, paraffin-embedded (FFPE) core biopsies were prospectively collected prior to treatment. The yield and purity of RNA was determined using a NanoDrop 1000 Spectrophotometer (Thermo Scientific). RNA integrity was measured using a Bioanalyzer (Agilent Technologies) with either the RNA Nano or Pico Kit, depending on sample concentration. The RNA Integrity Number (RIN) and average length of the RNA were used for sample characterization. mRNA integrity was measured using a semiquantitative reverse transcription-polymerase chain reaction assay (rtPCR). This assay is based on quantitative amplification of 5'- and 3'-end sequences of the housekeeping gene β-actin. Calculating the ratio of 3' to 5' amplicons allows for assessment of mRNA integrity: intact RNA transcripts exhibit a ratio of 1, while degraded RNA increases the ratio.","biotin","A Transcriptor First Strand cDNA Synthesis Kit (Roche) was used to prepare cDNA from 100 ng of total RNA, using an anchored oligo(dT)-primer followed by a subsequent amplification step with the SYBR Green I Master on a LightCycler® 480 instrument (Roche Applied Science). Formalin-fixed paraffin-embedded tumor (FFPET)-derived RNA was amplified with the WT-Ovation™ FFPE System V2 (NuGEN). Biotin labeling of the cDNA was performed using the FL-Ovation cDNA Biotin Module V2 (NuGEN).","9606","Hybridization of labeled probes on the Affymetrix GeneChip Human Genome U133 Plus 2.0 Array were conducted using the GeneChip® Hybridization, Wash, and Stain Kit (Affymetrix).","For this workflow a GeneChip Fluidics Station 450 and a GeneChip Scanner 3000 7G were used","R (3.0.1) & Bioconductor (2.20.1)","GPL570","Anton,,Belousov","TTB Biostatistics","NCS-TTB","Roche","Nonnenwald 2","Penzberg","82377","Germany","ftp://ftp.ncbi.nlm.nih.gov/geo/samples/GSM1233nnn/GSM1233094/suppl/GSM1233094_CJL174_20081027.CEL.gz","54675","60","HER2+ CT H","31.51","950","25","0","32.76","ER-","26.43","HER2+","yes","4","3","2","80","3","post","1","0","141","pCR","40","33.95","PR-","0","Caucasian","4","15","neoadjuvant doxorubicin/paclitaxel (AT) followed by cyclophosphamide/methotrexate/fluorouracil (CMF) + Trastuzumab for 1 year"
"GSM1233095","BreastCancer_S175","GSM1233095","Public on Jan 21 2014","Sep 17 2013","Jun 06 2022","RNA","1","breast cancer","Homo sapiens","centerid: 25","patid: 231","size_dissected_area: 24","percentage_tumor_cells: 80","cell_number_dissected: 15360","inflammatory_cells [%]: 5","invasive_tumor_area_size1 [mm]: 12","invasive_tumor_area_size2 [mm]: 2","invasive_tumor_cells [%]: 80","invasive_tumor_grade: 3","necrotic_cells [%]: 5","normal_epithelial_cells [%]: 0","preneoplastic_tumor_cells [%]: 0","stroma_cells [%]: 10","bgus.ct: 33.06","er.ct: 33.28","her2.ct: 28.82","pr.ct: 34.29","race: Caucasian","er: ER+","pr: PR+","her2: HER2+","arm: HER2+ CT","treatment: neoadjuvant doxorubicin/paclitaxel (AT) followed by cyclophosphamide/methotrexate/fluorouracil (CMF)","age: 55","ecog: 0","inflammatory.brca: no","menopausal.status: post","pcr: RD","total RNA","Formalin-fixed, paraffin-embedded (FFPE) core biopsies were prospectively collected prior to treatment. The yield and purity of RNA was determined using a NanoDrop 1000 Spectrophotometer (Thermo Scientific). RNA integrity was measured using a Bioanalyzer (Agilent Technologies) with either the RNA Nano or Pico Kit, depending on sample concentration. The RNA Integrity Number (RIN) and average length of the RNA were used for sample characterization. mRNA integrity was measured using a semiquantitative reverse transcription-polymerase chain reaction assay (rtPCR). This assay is based on quantitative amplification of 5'- and 3'-end sequences of the housekeeping gene β-actin. Calculating the ratio of 3' to 5' amplicons allows for assessment of mRNA integrity: intact RNA transcripts exhibit a ratio of 1, while degraded RNA increases the ratio.","biotin","A Transcriptor First Strand cDNA Synthesis Kit (Roche) was used to prepare cDNA from 100 ng of total RNA, using an anchored oligo(dT)-primer followed by a subsequent amplification step with the SYBR Green I Master on a LightCycler® 480 instrument (Roche Applied Science). Formalin-fixed paraffin-embedded tumor (FFPET)-derived RNA was amplified with the WT-Ovation™ FFPE System V2 (NuGEN). Biotin labeling of the cDNA was performed using the FL-Ovation cDNA Biotin Module V2 (NuGEN).","9606","Hybridization of labeled probes on the Affymetrix GeneChip Human Genome U133 Plus 2.0 Array were conducted using the GeneChip® Hybridization, Wash, and Stain Kit (Affymetrix).","For this workflow a GeneChip Fluidics Station 450 and a GeneChip Scanner 3000 7G were used","R (3.0.1) & Bioconductor (2.20.1)","GPL570","Anton,,Belousov","TTB Biostatistics","NCS-TTB","Roche","Nonnenwald 2","Penzberg","82377","Germany","ftp://ftp.ncbi.nlm.nih.gov/geo/samples/GSM1233nnn/GSM1233095/suppl/GSM1233095_CJL175_20081021.CEL.gz","54675","55","HER2+ CT","33.06","15360","25","0","33.28","ER+","28.82","HER2+","no","5","12","2","80","3","post","5","0","231","RD","80","34.29","PR+","0","Caucasian","24","10","neoadjuvant doxorubicin/paclitaxel (AT) followed by cyclophosphamide/methotrexate/fluorouracil (CMF)"
"GSM1233096","BreastCancer_S178","GSM1233096","Public on Jan 21 2014","Sep 17 2013","Jun 06 2022","RNA","1","breast cancer","Homo sapiens","centerid: 25","patid: 191","size_dissected_area: 21","percentage_tumor_cells: 70","cell_number_dissected: 11760","inflammatory_cells [%]: 10","invasive_tumor_area_size1 [mm]: 3","invasive_tumor_area_size2 [mm]: 7","invasive_tumor_cells [%]: 70","invasive_tumor_grade: 3","necrotic_cells [%]: 10","normal_epithelial_cells [%]: 0","preneoplastic_tumor_cells [%]: 0","stroma_cells [%]: 10","bgus.ct: 33.32","er.ct: 33.16","her2.ct: 28.21","pr.ct: 0","race: Caucasian","er: ER-","pr: PR-","her2: HER2+","arm: HER2+ CT","treatment: neoadjuvant doxorubicin/paclitaxel (AT) followed by cyclophosphamide/methotrexate/fluorouracil (CMF)","age: 38","ecog: 0","inflammatory.brca: no","menopausal.status: pre","pcr: RD","total RNA","Formalin-fixed, paraffin-embedded (FFPE) core biopsies were prospectively collected prior to treatment. The yield and purity of RNA was determined using a NanoDrop 1000 Spectrophotometer (Thermo Scientific). RNA integrity was measured using a Bioanalyzer (Agilent Technologies) with either the RNA Nano or Pico Kit, depending on sample concentration. The RNA Integrity Number (RIN) and average length of the RNA were used for sample characterization. mRNA integrity was measured using a semiquantitative reverse transcription-polymerase chain reaction assay (rtPCR). This assay is based on quantitative amplification of 5'- and 3'-end sequences of the housekeeping gene β-actin. Calculating the ratio of 3' to 5' amplicons allows for assessment of mRNA integrity: intact RNA transcripts exhibit a ratio of 1, while degraded RNA increases the ratio.","biotin","A Transcriptor First Strand cDNA Synthesis Kit (Roche) was used to prepare cDNA from 100 ng of total RNA, using an anchored oligo(dT)-primer followed by a subsequent amplification step with the SYBR Green I Master on a LightCycler® 480 instrument (Roche Applied Science). Formalin-fixed paraffin-embedded tumor (FFPET)-derived RNA was amplified with the WT-Ovation™ FFPE System V2 (NuGEN). Biotin labeling of the cDNA was performed using the FL-Ovation cDNA Biotin Module V2 (NuGEN).","9606","Hybridization of labeled probes on the Affymetrix GeneChip Human Genome U133 Plus 2.0 Array were conducted using the GeneChip® Hybridization, Wash, and Stain Kit (Affymetrix).","For this workflow a GeneChip Fluidics Station 450 and a GeneChip Scanner 3000 7G were used","R (3.0.1) & Bioconductor (2.20.1)","GPL570","Anton,,Belousov","TTB Biostatistics","NCS-TTB","Roche","Nonnenwald 2","Penzberg","82377","Germany","ftp://ftp.ncbi.nlm.nih.gov/geo/samples/GSM1233nnn/GSM1233096/suppl/GSM1233096_CJL178_20081021.CEL.gz","54675","38","HER2+ CT","33.32","11760","25","0","33.16","ER-","28.21","HER2+","no","10","3","7","70","3","pre","10","0","191","RD","70","0","PR-","0","Caucasian","21","10","neoadjuvant doxorubicin/paclitaxel (AT) followed by cyclophosphamide/methotrexate/fluorouracil (CMF)"
"GSM1233097","BreastCancer_S179","GSM1233097","Public on Jan 21 2014","Sep 17 2013","Jun 06 2022","RNA","1","breast cancer","Homo sapiens","centerid: 25","patid: 61","size_dissected_area: 4","percentage_tumor_cells: 40","cell_number_dissected: 950","inflammatory_cells [%]: 10","invasive_tumor_area_size1 [mm]: 1","invasive_tumor_area_size2 [mm]: 2","invasive_tumor_cells [%]: 80","invasive_tumor_grade: 2","necrotic_cells [%]: 0","normal_epithelial_cells [%]: 0","preneoplastic_tumor_cells [%]: 0","stroma_cells [%]: 10","bgus.ct: 31.26","er.ct: 32.99","her2.ct: 27.39","pr.ct: 33.07","race: Caucasian","er: ER-","pr: PR+","her2: HER2+","arm: HER2+ CT H","treatment: neoadjuvant doxorubicin/paclitaxel (AT) followed by cyclophosphamide/methotrexate/fluorouracil (CMF) + Trastuzumab for 1 year","age: 58","ecog: 0","inflammatory.brca: no","menopausal.status: post","pcr: pCR","total RNA","Formalin-fixed, paraffin-embedded (FFPE) core biopsies were prospectively collected prior to treatment. The yield and purity of RNA was determined using a NanoDrop 1000 Spectrophotometer (Thermo Scientific). RNA integrity was measured using a Bioanalyzer (Agilent Technologies) with either the RNA Nano or Pico Kit, depending on sample concentration. The RNA Integrity Number (RIN) and average length of the RNA were used for sample characterization. mRNA integrity was measured using a semiquantitative reverse transcription-polymerase chain reaction assay (rtPCR). This assay is based on quantitative amplification of 5'- and 3'-end sequences of the housekeeping gene β-actin. Calculating the ratio of 3' to 5' amplicons allows for assessment of mRNA integrity: intact RNA transcripts exhibit a ratio of 1, while degraded RNA increases the ratio.","biotin","A Transcriptor First Strand cDNA Synthesis Kit (Roche) was used to prepare cDNA from 100 ng of total RNA, using an anchored oligo(dT)-primer followed by a subsequent amplification step with the SYBR Green I Master on a LightCycler® 480 instrument (Roche Applied Science). Formalin-fixed paraffin-embedded tumor (FFPET)-derived RNA was amplified with the WT-Ovation™ FFPE System V2 (NuGEN). Biotin labeling of the cDNA was performed using the FL-Ovation cDNA Biotin Module V2 (NuGEN).","9606","Hybridization of labeled probes on the Affymetrix GeneChip Human Genome U133 Plus 2.0 Array were conducted using the GeneChip® Hybridization, Wash, and Stain Kit (Affymetrix).","For this workflow a GeneChip Fluidics Station 450 and a GeneChip Scanner 3000 7G were used","R (3.0.1) & Bioconductor (2.20.1)","GPL570","Anton,,Belousov","TTB Biostatistics","NCS-TTB","Roche","Nonnenwald 2","Penzberg","82377","Germany","ftp://ftp.ncbi.nlm.nih.gov/geo/samples/GSM1233nnn/GSM1233097/suppl/GSM1233097_CJL179_20081021.CEL.gz","54675","58","HER2+ CT H","31.26","950","25","0","32.99","ER-","27.39","HER2+","no","10","1","2","80","2","post","0","0","61","pCR","40","33.07","PR+","0","Caucasian","4","10","neoadjuvant doxorubicin/paclitaxel (AT) followed by cyclophosphamide/methotrexate/fluorouracil (CMF) + Trastuzumab for 1 year"
"GSM1233098","BreastCancer_S180","GSM1233098","Public on Jan 21 2014","Sep 17 2013","Jun 06 2022","RNA","1","breast cancer","Homo sapiens","centerid: 25","patid: 21","size_dissected_area: 80","percentage_tumor_cells: 70","cell_number_dissected: 44800","inflammatory_cells [%]: 10","invasive_tumor_area_size1 [mm]: 10","invasive_tumor_area_size2 [mm]: 8","invasive_tumor_cells [%]: 70","invasive_tumor_grade: 3","necrotic_cells [%]: 0","normal_epithelial_cells [%]: 0","preneoplastic_tumor_cells [%]: 10","stroma_cells [%]: 10","bgus.ct: 30.51","er.ct: 31.55","her2.ct: 25.44","pr.ct: 31.07","race: Caucasian","er: ER-","pr: PR-","her2: HER2-","arm: HER2- CT","treatment: neoadjuvant doxorubicin/paclitaxel (AT) followed by cyclophosphamide/methotrexate/fluorouracil (CMF)","age: 69","ecog: 0","inflammatory.brca: no","menopausal.status: post","pcr: pCR","total RNA","Formalin-fixed, paraffin-embedded (FFPE) core biopsies were prospectively collected prior to treatment. The yield and purity of RNA was determined using a NanoDrop 1000 Spectrophotometer (Thermo Scientific). RNA integrity was measured using a Bioanalyzer (Agilent Technologies) with either the RNA Nano or Pico Kit, depending on sample concentration. The RNA Integrity Number (RIN) and average length of the RNA were used for sample characterization. mRNA integrity was measured using a semiquantitative reverse transcription-polymerase chain reaction assay (rtPCR). This assay is based on quantitative amplification of 5'- and 3'-end sequences of the housekeeping gene β-actin. Calculating the ratio of 3' to 5' amplicons allows for assessment of mRNA integrity: intact RNA transcripts exhibit a ratio of 1, while degraded RNA increases the ratio.","biotin","A Transcriptor First Strand cDNA Synthesis Kit (Roche) was used to prepare cDNA from 100 ng of total RNA, using an anchored oligo(dT)-primer followed by a subsequent amplification step with the SYBR Green I Master on a LightCycler® 480 instrument (Roche Applied Science). Formalin-fixed paraffin-embedded tumor (FFPET)-derived RNA was amplified with the WT-Ovation™ FFPE System V2 (NuGEN). Biotin labeling of the cDNA was performed using the FL-Ovation cDNA Biotin Module V2 (NuGEN).","9606","Hybridization of labeled probes on the Affymetrix GeneChip Human Genome U133 Plus 2.0 Array were conducted using the GeneChip® Hybridization, Wash, and Stain Kit (Affymetrix).","For this workflow a GeneChip Fluidics Station 450 and a GeneChip Scanner 3000 7G were used","R (3.0.1) & Bioconductor (2.20.1)","GPL570","Anton,,Belousov","TTB Biostatistics","NCS-TTB","Roche","Nonnenwald 2","Penzberg","82377","Germany","ftp://ftp.ncbi.nlm.nih.gov/geo/samples/GSM1233nnn/GSM1233098/suppl/GSM1233098_CJL180_20081021.CEL.gz","54675","69","HER2- CT","30.51","44800","25","0","31.55","ER-","25.44","HER2-","no","10","10","8","70","3","post","0","0","21","pCR","70","31.07","PR-","10","Caucasian","80","10","neoadjuvant doxorubicin/paclitaxel (AT) followed by cyclophosphamide/methotrexate/fluorouracil (CMF)"
"GSM1233099","BreastCancer_S182","GSM1233099","Public on Jan 21 2014","Sep 17 2013","Jun 06 2022","RNA","1","breast cancer","Homo sapiens","centerid: 25","patid: 101","size_dissected_area: 6.4","percentage_tumor_cells: 75","cell_number_dissected: 3800","inflammatory_cells [%]: 10","invasive_tumor_area_size1 [mm]: 3","invasive_tumor_area_size2 [mm]: 2","invasive_tumor_cells [%]: 80","invasive_tumor_grade: 3","necrotic_cells [%]: 0","normal_epithelial_cells [%]: 0","preneoplastic_tumor_cells [%]: 0","stroma_cells [%]: 10","bgus.ct: 31.83","er.ct: 32.97","her2.ct: 29.32","pr.ct: 45.91","race: Oriental","er: ER-","pr: PR-","her2: HER2+","arm: HER2+ CT H","treatment: neoadjuvant doxorubicin/paclitaxel (AT) followed by cyclophosphamide/methotrexate/fluorouracil (CMF) + Trastuzumab for 1 year","age: 52","ecog: 0","inflammatory.brca: no","menopausal.status: post","pcr: RD","total RNA","Formalin-fixed, paraffin-embedded (FFPE) core biopsies were prospectively collected prior to treatment. The yield and purity of RNA was determined using a NanoDrop 1000 Spectrophotometer (Thermo Scientific). RNA integrity was measured using a Bioanalyzer (Agilent Technologies) with either the RNA Nano or Pico Kit, depending on sample concentration. The RNA Integrity Number (RIN) and average length of the RNA were used for sample characterization. mRNA integrity was measured using a semiquantitative reverse transcription-polymerase chain reaction assay (rtPCR). This assay is based on quantitative amplification of 5'- and 3'-end sequences of the housekeeping gene β-actin. Calculating the ratio of 3' to 5' amplicons allows for assessment of mRNA integrity: intact RNA transcripts exhibit a ratio of 1, while degraded RNA increases the ratio.","biotin","A Transcriptor First Strand cDNA Synthesis Kit (Roche) was used to prepare cDNA from 100 ng of total RNA, using an anchored oligo(dT)-primer followed by a subsequent amplification step with the SYBR Green I Master on a LightCycler® 480 instrument (Roche Applied Science). Formalin-fixed paraffin-embedded tumor (FFPET)-derived RNA was amplified with the WT-Ovation™ FFPE System V2 (NuGEN). Biotin labeling of the cDNA was performed using the FL-Ovation cDNA Biotin Module V2 (NuGEN).","9606","Hybridization of labeled probes on the Affymetrix GeneChip Human Genome U133 Plus 2.0 Array were conducted using the GeneChip® Hybridization, Wash, and Stain Kit (Affymetrix).","For this workflow a GeneChip Fluidics Station 450 and a GeneChip Scanner 3000 7G were used","R (3.0.1) & Bioconductor (2.20.1)","GPL570","Anton,,Belousov","TTB Biostatistics","NCS-TTB","Roche","Nonnenwald 2","Penzberg","82377","Germany","ftp://ftp.ncbi.nlm.nih.gov/geo/samples/GSM1233nnn/GSM1233099/suppl/GSM1233099_CJL182_20081021.CEL.gz","54675","52","HER2+ CT H","31.83","3800","25","0","32.97","ER-","29.32","HER2+","no","10","3","2","80","3","post","0","0","101","RD","75","45.91","PR-","0","Oriental","6.4","10","neoadjuvant doxorubicin/paclitaxel (AT) followed by cyclophosphamide/methotrexate/fluorouracil (CMF) + Trastuzumab for 1 year"
"GSM1233100","BreastCancer_S183","GSM1233100","Public on Jan 21 2014","Sep 17 2013","Jun 06 2022","RNA","1","breast cancer","Homo sapiens","centerid: 25","patid: 111","size_dissected_area: 7.4","percentage_tumor_cells: 63","cell_number_dissected: 2810","inflammatory_cells [%]: 10","invasive_tumor_area_size1 [mm]: 1.5","invasive_tumor_area_size2 [mm]: 5","invasive_tumor_cells [%]: 80","invasive_tumor_grade: 2","necrotic_cells [%]: 0","normal_epithelial_cells [%]: 0","preneoplastic_tumor_cells [%]: 0","stroma_cells [%]: 10","bgus.ct: 32.87","er.ct: 33.55","her2.ct: 28.68","pr.ct: 0","race: Caucasian","er: ER-","pr: PR-","her2: HER2+","arm: HER2+ CT H","treatment: neoadjuvant doxorubicin/paclitaxel (AT) followed by cyclophosphamide/methotrexate/fluorouracil (CMF) + Trastuzumab for 1 year","age: 46","ecog: 0","inflammatory.brca: yes","menopausal.status: pre","pcr: pCR","total RNA","Formalin-fixed, paraffin-embedded (FFPE) core biopsies were prospectively collected prior to treatment. The yield and purity of RNA was determined using a NanoDrop 1000 Spectrophotometer (Thermo Scientific). RNA integrity was measured using a Bioanalyzer (Agilent Technologies) with either the RNA Nano or Pico Kit, depending on sample concentration. The RNA Integrity Number (RIN) and average length of the RNA were used for sample characterization. mRNA integrity was measured using a semiquantitative reverse transcription-polymerase chain reaction assay (rtPCR). This assay is based on quantitative amplification of 5'- and 3'-end sequences of the housekeeping gene β-actin. Calculating the ratio of 3' to 5' amplicons allows for assessment of mRNA integrity: intact RNA transcripts exhibit a ratio of 1, while degraded RNA increases the ratio.","biotin","A Transcriptor First Strand cDNA Synthesis Kit (Roche) was used to prepare cDNA from 100 ng of total RNA, using an anchored oligo(dT)-primer followed by a subsequent amplification step with the SYBR Green I Master on a LightCycler® 480 instrument (Roche Applied Science). Formalin-fixed paraffin-embedded tumor (FFPET)-derived RNA was amplified with the WT-Ovation™ FFPE System V2 (NuGEN). Biotin labeling of the cDNA was performed using the FL-Ovation cDNA Biotin Module V2 (NuGEN).","9606","Hybridization of labeled probes on the Affymetrix GeneChip Human Genome U133 Plus 2.0 Array were conducted using the GeneChip® Hybridization, Wash, and Stain Kit (Affymetrix).","For this workflow a GeneChip Fluidics Station 450 and a GeneChip Scanner 3000 7G were used","R (3.0.1) & Bioconductor (2.20.1)","GPL570","Anton,,Belousov","TTB Biostatistics","NCS-TTB","Roche","Nonnenwald 2","Penzberg","82377","Germany","ftp://ftp.ncbi.nlm.nih.gov/geo/samples/GSM1233nnn/GSM1233100/suppl/GSM1233100_CJL183_20081021.CEL.gz","54675","46","HER2+ CT H","32.87","2810","25","0","33.55","ER-","28.68","HER2+","yes","10","1.5","5","80","2","pre","0","0","111","pCR","63","0","PR-","0","Caucasian","7.4","10","neoadjuvant doxorubicin/paclitaxel (AT) followed by cyclophosphamide/methotrexate/fluorouracil (CMF) + Trastuzumab for 1 year"
"GSM1233101","BreastCancer_S184","GSM1233101","Public on Jan 21 2014","Sep 17 2013","Jun 06 2022","RNA","1","breast cancer","Homo sapiens","centerid: 25","patid: 71","size_dissected_area: 4","percentage_tumor_cells: 50","cell_number_dissected: 1200","inflammatory_cells [%]: 10","invasive_tumor_area_size1 [mm]: 1.5","invasive_tumor_area_size2 [mm]: 3","invasive_tumor_cells [%]: 65","invasive_tumor_grade: 2","necrotic_cells [%]: 0","normal_epithelial_cells [%]: 0","preneoplastic_tumor_cells [%]: 0","stroma_cells [%]: 25","bgus.ct: 33.57","er.ct: 33.45","her2.ct: 29.24","pr.ct: 34.37","race: Caucasian","er: ER-","pr: PR-","her2: HER2+","arm: HER2+ CT","treatment: neoadjuvant doxorubicin/paclitaxel (AT) followed by cyclophosphamide/methotrexate/fluorouracil (CMF)","age: 55","ecog: 0","inflammatory.brca: yes","menopausal.status: post","pcr: RD","total RNA","Formalin-fixed, paraffin-embedded (FFPE) core biopsies were prospectively collected prior to treatment. The yield and purity of RNA was determined using a NanoDrop 1000 Spectrophotometer (Thermo Scientific). RNA integrity was measured using a Bioanalyzer (Agilent Technologies) with either the RNA Nano or Pico Kit, depending on sample concentration. The RNA Integrity Number (RIN) and average length of the RNA were used for sample characterization. mRNA integrity was measured using a semiquantitative reverse transcription-polymerase chain reaction assay (rtPCR). This assay is based on quantitative amplification of 5'- and 3'-end sequences of the housekeeping gene β-actin. Calculating the ratio of 3' to 5' amplicons allows for assessment of mRNA integrity: intact RNA transcripts exhibit a ratio of 1, while degraded RNA increases the ratio.","biotin","A Transcriptor First Strand cDNA Synthesis Kit (Roche) was used to prepare cDNA from 100 ng of total RNA, using an anchored oligo(dT)-primer followed by a subsequent amplification step with the SYBR Green I Master on a LightCycler® 480 instrument (Roche Applied Science). Formalin-fixed paraffin-embedded tumor (FFPET)-derived RNA was amplified with the WT-Ovation™ FFPE System V2 (NuGEN). Biotin labeling of the cDNA was performed using the FL-Ovation cDNA Biotin Module V2 (NuGEN).","9606","Hybridization of labeled probes on the Affymetrix GeneChip Human Genome U133 Plus 2.0 Array were conducted using the GeneChip® Hybridization, Wash, and Stain Kit (Affymetrix).","For this workflow a GeneChip Fluidics Station 450 and a GeneChip Scanner 3000 7G were used","R (3.0.1) & Bioconductor (2.20.1)","GPL570","Anton,,Belousov","TTB Biostatistics","NCS-TTB","Roche","Nonnenwald 2","Penzberg","82377","Germany","ftp://ftp.ncbi.nlm.nih.gov/geo/samples/GSM1233nnn/GSM1233101/suppl/GSM1233101_CJL184_20081027.CEL.gz","54675","55","HER2+ CT","33.57","1200","25","0","33.45","ER-","29.24","HER2+","yes","10","1.5","3","65","2","post","0","0","71","RD","50","34.37","PR-","0","Caucasian","4","25","neoadjuvant doxorubicin/paclitaxel (AT) followed by cyclophosphamide/methotrexate/fluorouracil (CMF)"
"GSM1233102","BreastCancer_S185","GSM1233102","Public on Jan 21 2014","Sep 17 2013","Jun 06 2022","RNA","1","breast cancer","Homo sapiens","centerid: 10","patid: 11","size_dissected_area: 21","percentage_tumor_cells: 85","cell_number_dissected: 10710","inflammatory_cells [%]: 20","invasive_tumor_area_size1 [mm]: 10","invasive_tumor_area_size2 [mm]: 9","invasive_tumor_cells [%]: 50","invasive_tumor_grade: 3","necrotic_cells [%]: 15","normal_epithelial_cells [%]: 0","preneoplastic_tumor_cells [%]: 0","stroma_cells [%]: 15","bgus.ct: 32.39","er.ct: 33.28","her2.ct: 31.88","pr.ct: 34.55","race: Caucasian","er: ER-","pr: PR-","her2: HER2-","arm: HER2- CT","treatment: neoadjuvant doxorubicin/paclitaxel (AT) followed by cyclophosphamide/methotrexate/fluorouracil (CMF)","age: 49","ecog: 0","inflammatory.brca: no","menopausal.status: pre","pcr: RD","total RNA","Formalin-fixed, paraffin-embedded (FFPE) core biopsies were prospectively collected prior to treatment. The yield and purity of RNA was determined using a NanoDrop 1000 Spectrophotometer (Thermo Scientific). RNA integrity was measured using a Bioanalyzer (Agilent Technologies) with either the RNA Nano or Pico Kit, depending on sample concentration. The RNA Integrity Number (RIN) and average length of the RNA were used for sample characterization. mRNA integrity was measured using a semiquantitative reverse transcription-polymerase chain reaction assay (rtPCR). This assay is based on quantitative amplification of 5'- and 3'-end sequences of the housekeeping gene β-actin. Calculating the ratio of 3' to 5' amplicons allows for assessment of mRNA integrity: intact RNA transcripts exhibit a ratio of 1, while degraded RNA increases the ratio.","biotin","A Transcriptor First Strand cDNA Synthesis Kit (Roche) was used to prepare cDNA from 100 ng of total RNA, using an anchored oligo(dT)-primer followed by a subsequent amplification step with the SYBR Green I Master on a LightCycler® 480 instrument (Roche Applied Science). Formalin-fixed paraffin-embedded tumor (FFPET)-derived RNA was amplified with the WT-Ovation™ FFPE System V2 (NuGEN). Biotin labeling of the cDNA was performed using the FL-Ovation cDNA Biotin Module V2 (NuGEN).","9606","Hybridization of labeled probes on the Affymetrix GeneChip Human Genome U133 Plus 2.0 Array were conducted using the GeneChip® Hybridization, Wash, and Stain Kit (Affymetrix).","For this workflow a GeneChip Fluidics Station 450 and a GeneChip Scanner 3000 7G were used","R (3.0.1) & Bioconductor (2.20.1)","GPL570","Anton,,Belousov","TTB Biostatistics","NCS-TTB","Roche","Nonnenwald 2","Penzberg","82377","Germany","ftp://ftp.ncbi.nlm.nih.gov/geo/samples/GSM1233nnn/GSM1233102/suppl/GSM1233102_CJL185_20090114.CEL.gz","54675","49","HER2- CT","32.39","10710","10","0","33.28","ER-","31.88","HER2-","no","20","10","9","50","3","pre","15","0","11","RD","85","34.55","PR-","0","Caucasian","21","15","neoadjuvant doxorubicin/paclitaxel (AT) followed by cyclophosphamide/methotrexate/fluorouracil (CMF)"
"GSM1233103","BreastCancer_S192","GSM1233103","Public on Jan 21 2014","Sep 17 2013","Jun 06 2022","RNA","1","breast cancer","Homo sapiens","centerid: 21","patid: 21","size_dissected_area: 5","percentage_tumor_cells: 90","cell_number_dissected: 2700","inflammatory_cells [%]: 5","invasive_tumor_area_size1 [mm]: 6","invasive_tumor_area_size2 [mm]: 1","invasive_tumor_cells [%]: 60","invasive_tumor_grade: 3","necrotic_cells [%]: 5","normal_epithelial_cells [%]: 0","preneoplastic_tumor_cells [%]: 0","stroma_cells [%]: 30","bgus.ct: 33.42","er.ct: 0","her2.ct: 31.22","pr.ct: 0","race: Caucasian","er: ER-","pr: PR-","her2: HER2-","arm: HER2- CT","treatment: neoadjuvant doxorubicin/paclitaxel (AT) followed by cyclophosphamide/methotrexate/fluorouracil (CMF)","age: 60","ecog: 0","inflammatory.brca: no","menopausal.status: post","pcr: RD","total RNA","Formalin-fixed, paraffin-embedded (FFPE) core biopsies were prospectively collected prior to treatment. The yield and purity of RNA was determined using a NanoDrop 1000 Spectrophotometer (Thermo Scientific). RNA integrity was measured using a Bioanalyzer (Agilent Technologies) with either the RNA Nano or Pico Kit, depending on sample concentration. The RNA Integrity Number (RIN) and average length of the RNA were used for sample characterization. mRNA integrity was measured using a semiquantitative reverse transcription-polymerase chain reaction assay (rtPCR). This assay is based on quantitative amplification of 5'- and 3'-end sequences of the housekeeping gene β-actin. Calculating the ratio of 3' to 5' amplicons allows for assessment of mRNA integrity: intact RNA transcripts exhibit a ratio of 1, while degraded RNA increases the ratio.","biotin","A Transcriptor First Strand cDNA Synthesis Kit (Roche) was used to prepare cDNA from 100 ng of total RNA, using an anchored oligo(dT)-primer followed by a subsequent amplification step with the SYBR Green I Master on a LightCycler® 480 instrument (Roche Applied Science). Formalin-fixed paraffin-embedded tumor (FFPET)-derived RNA was amplified with the WT-Ovation™ FFPE System V2 (NuGEN). Biotin labeling of the cDNA was performed using the FL-Ovation cDNA Biotin Module V2 (NuGEN).","9606","Hybridization of labeled probes on the Affymetrix GeneChip Human Genome U133 Plus 2.0 Array were conducted using the GeneChip® Hybridization, Wash, and Stain Kit (Affymetrix).","For this workflow a GeneChip Fluidics Station 450 and a GeneChip Scanner 3000 7G were used","R (3.0.1) & Bioconductor (2.20.1)","GPL570","Anton,,Belousov","TTB Biostatistics","NCS-TTB","Roche","Nonnenwald 2","Penzberg","82377","Germany","ftp://ftp.ncbi.nlm.nih.gov/geo/samples/GSM1233nnn/GSM1233103/suppl/GSM1233103_CJL192_20090114.CEL.gz","54675","60","HER2- CT","33.42","2700","21","0","0","ER-","31.22","HER2-","no","5","6","1","60","3","post","5","0","21","RD","90","0","PR-","0","Caucasian","5","30","neoadjuvant doxorubicin/paclitaxel (AT) followed by cyclophosphamide/methotrexate/fluorouracil (CMF)"
"GSM1233104","BreastCancer_S193","GSM1233104","Public on Jan 21 2014","Sep 17 2013","Jun 06 2022","RNA","1","breast cancer","Homo sapiens","centerid: 21","patid: 31","size_dissected_area: 6","percentage_tumor_cells: 75","cell_number_dissected: 2700","inflammatory_cells [%]: 10","invasive_tumor_area_size1 [mm]: 6","invasive_tumor_area_size2 [mm]: 1","invasive_tumor_cells [%]: 55","invasive_tumor_grade: 2","necrotic_cells [%]: 5","normal_epithelial_cells [%]: 0","preneoplastic_tumor_cells [%]: 0","stroma_cells [%]: 30","bgus.ct: 30.83","er.ct: 32.93","her2.ct: 27.84","pr.ct: 33.21","race: Caucasian","er: ER-","pr: PR-","her2: HER2+","arm: HER2+ CT H","treatment: neoadjuvant doxorubicin/paclitaxel (AT) followed by cyclophosphamide/methotrexate/fluorouracil (CMF) + Trastuzumab for 1 year","age: 42","ecog: 0","inflammatory.brca: no","menopausal.status: post","pcr: pCR","total RNA","Formalin-fixed, paraffin-embedded (FFPE) core biopsies were prospectively collected prior to treatment. The yield and purity of RNA was determined using a NanoDrop 1000 Spectrophotometer (Thermo Scientific). RNA integrity was measured using a Bioanalyzer (Agilent Technologies) with either the RNA Nano or Pico Kit, depending on sample concentration. The RNA Integrity Number (RIN) and average length of the RNA were used for sample characterization. mRNA integrity was measured using a semiquantitative reverse transcription-polymerase chain reaction assay (rtPCR). This assay is based on quantitative amplification of 5'- and 3'-end sequences of the housekeeping gene β-actin. Calculating the ratio of 3' to 5' amplicons allows for assessment of mRNA integrity: intact RNA transcripts exhibit a ratio of 1, while degraded RNA increases the ratio.","biotin","A Transcriptor First Strand cDNA Synthesis Kit (Roche) was used to prepare cDNA from 100 ng of total RNA, using an anchored oligo(dT)-primer followed by a subsequent amplification step with the SYBR Green I Master on a LightCycler® 480 instrument (Roche Applied Science). Formalin-fixed paraffin-embedded tumor (FFPET)-derived RNA was amplified with the WT-Ovation™ FFPE System V2 (NuGEN). Biotin labeling of the cDNA was performed using the FL-Ovation cDNA Biotin Module V2 (NuGEN).","9606","Hybridization of labeled probes on the Affymetrix GeneChip Human Genome U133 Plus 2.0 Array were conducted using the GeneChip® Hybridization, Wash, and Stain Kit (Affymetrix).","For this workflow a GeneChip Fluidics Station 450 and a GeneChip Scanner 3000 7G were used","R (3.0.1) & Bioconductor (2.20.1)","GPL570","Anton,,Belousov","TTB Biostatistics","NCS-TTB","Roche","Nonnenwald 2","Penzberg","82377","Germany","ftp://ftp.ncbi.nlm.nih.gov/geo/samples/GSM1233nnn/GSM1233104/suppl/GSM1233104_CJL193_20081027.CEL.gz","54675","42","HER2+ CT H","30.83","2700","21","0","32.93","ER-","27.84","HER2+","no","10","6","1","55","2","post","5","0","31","pCR","75","33.21","PR-","0","Caucasian","6","30","neoadjuvant doxorubicin/paclitaxel (AT) followed by cyclophosphamide/methotrexate/fluorouracil (CMF) + Trastuzumab for 1 year"
"GSM1233105","BreastCancer_S203","GSM1233105","Public on Jan 21 2014","Sep 17 2013","Jun 06 2022","RNA","1","breast cancer","Homo sapiens","centerid: 38","patid: 71","size_dissected_area: 5","percentage_tumor_cells: 95","cell_number_dissected: 2850","inflammatory_cells [%]: 10","invasive_tumor_area_size1 [mm]: 6","invasive_tumor_area_size2 [mm]: 1.5","invasive_tumor_cells [%]: 60","invasive_tumor_grade: 3","necrotic_cells [%]: 5","normal_epithelial_cells [%]: 0","preneoplastic_tumor_cells [%]: 0","stroma_cells [%]: 30","bgus.ct: 32.57","er.ct: 33.58","her2.ct: 27.32","pr.ct: 0","race: Caucasian","er: ER-","pr: PR-","her2: HER2+","arm: HER2+ CT","treatment: neoadjuvant doxorubicin/paclitaxel (AT) followed by cyclophosphamide/methotrexate/fluorouracil (CMF)","age: 71","ecog: 0","inflammatory.brca: no","menopausal.status: post","pcr: RD","total RNA","Formalin-fixed, paraffin-embedded (FFPE) core biopsies were prospectively collected prior to treatment. The yield and purity of RNA was determined using a NanoDrop 1000 Spectrophotometer (Thermo Scientific). RNA integrity was measured using a Bioanalyzer (Agilent Technologies) with either the RNA Nano or Pico Kit, depending on sample concentration. The RNA Integrity Number (RIN) and average length of the RNA were used for sample characterization. mRNA integrity was measured using a semiquantitative reverse transcription-polymerase chain reaction assay (rtPCR). This assay is based on quantitative amplification of 5'- and 3'-end sequences of the housekeeping gene β-actin. Calculating the ratio of 3' to 5' amplicons allows for assessment of mRNA integrity: intact RNA transcripts exhibit a ratio of 1, while degraded RNA increases the ratio.","biotin","A Transcriptor First Strand cDNA Synthesis Kit (Roche) was used to prepare cDNA from 100 ng of total RNA, using an anchored oligo(dT)-primer followed by a subsequent amplification step with the SYBR Green I Master on a LightCycler® 480 instrument (Roche Applied Science). Formalin-fixed paraffin-embedded tumor (FFPET)-derived RNA was amplified with the WT-Ovation™ FFPE System V2 (NuGEN). Biotin labeling of the cDNA was performed using the FL-Ovation cDNA Biotin Module V2 (NuGEN).","9606","Hybridization of labeled probes on the Affymetrix GeneChip Human Genome U133 Plus 2.0 Array were conducted using the GeneChip® Hybridization, Wash, and Stain Kit (Affymetrix).","For this workflow a GeneChip Fluidics Station 450 and a GeneChip Scanner 3000 7G were used","R (3.0.1) & Bioconductor (2.20.1)","GPL570","Anton,,Belousov","TTB Biostatistics","NCS-TTB","Roche","Nonnenwald 2","Penzberg","82377","Germany","ftp://ftp.ncbi.nlm.nih.gov/geo/samples/GSM1233nnn/GSM1233105/suppl/GSM1233105_CJL203_20081021.CEL.gz","54675","71","HER2+ CT","32.57","2850","38","0","33.58","ER-","27.32","HER2+","no","10","6","1.5","60","3","post","5","0","71","RD","95","0","PR-","0","Caucasian","5","30","neoadjuvant doxorubicin/paclitaxel (AT) followed by cyclophosphamide/methotrexate/fluorouracil (CMF)"
"GSM1233106","BreastCancer_S205","GSM1233106","Public on Jan 21 2014","Sep 17 2013","Jun 06 2022","RNA","1","breast cancer","Homo sapiens","centerid: 38","patid: 101","size_dissected_area: 7","percentage_tumor_cells: 70","cell_number_dissected: 5000","inflammatory_cells [%]: 5","invasive_tumor_area_size1 [mm]: 6","invasive_tumor_area_size2 [mm]: 1","invasive_tumor_cells [%]: 60","invasive_tumor_grade: 2","necrotic_cells [%]: 5","normal_epithelial_cells [%]: 0","preneoplastic_tumor_cells [%]: 0","stroma_cells [%]: 30","bgus.ct: 34.21","er.ct: 0","her2.ct: 30","pr.ct: 0","race: Caucasian","er: ER-","pr: PR-","her2: HER2+","arm: HER2+ CT H","treatment: neoadjuvant doxorubicin/paclitaxel (AT) followed by cyclophosphamide/methotrexate/fluorouracil (CMF) + Trastuzumab for 1 year","age: 26","ecog: 0","inflammatory.brca: no","menopausal.status: pre","pcr: pCR","total RNA","Formalin-fixed, paraffin-embedded (FFPE) core biopsies were prospectively collected prior to treatment. The yield and purity of RNA was determined using a NanoDrop 1000 Spectrophotometer (Thermo Scientific). RNA integrity was measured using a Bioanalyzer (Agilent Technologies) with either the RNA Nano or Pico Kit, depending on sample concentration. The RNA Integrity Number (RIN) and average length of the RNA were used for sample characterization. mRNA integrity was measured using a semiquantitative reverse transcription-polymerase chain reaction assay (rtPCR). This assay is based on quantitative amplification of 5'- and 3'-end sequences of the housekeeping gene β-actin. Calculating the ratio of 3' to 5' amplicons allows for assessment of mRNA integrity: intact RNA transcripts exhibit a ratio of 1, while degraded RNA increases the ratio.","biotin","A Transcriptor First Strand cDNA Synthesis Kit (Roche) was used to prepare cDNA from 100 ng of total RNA, using an anchored oligo(dT)-primer followed by a subsequent amplification step with the SYBR Green I Master on a LightCycler® 480 instrument (Roche Applied Science). Formalin-fixed paraffin-embedded tumor (FFPET)-derived RNA was amplified with the WT-Ovation™ FFPE System V2 (NuGEN). Biotin labeling of the cDNA was performed using the FL-Ovation cDNA Biotin Module V2 (NuGEN).","9606","Hybridization of labeled probes on the Affymetrix GeneChip Human Genome U133 Plus 2.0 Array were conducted using the GeneChip® Hybridization, Wash, and Stain Kit (Affymetrix).","For this workflow a GeneChip Fluidics Station 450 and a GeneChip Scanner 3000 7G were used","R (3.0.1) & Bioconductor (2.20.1)","GPL570","Anton,,Belousov","TTB Biostatistics","NCS-TTB","Roche","Nonnenwald 2","Penzberg","82377","Germany","ftp://ftp.ncbi.nlm.nih.gov/geo/samples/GSM1233nnn/GSM1233106/suppl/GSM1233106_CJL205_20081021.CEL.gz","54675","26","HER2+ CT H","34.21","5000","38","0","0","ER-","30","HER2+","no","5","6","1","60","2","pre","5","0","101","pCR","70","0","PR-","0","Caucasian","7","30","neoadjuvant doxorubicin/paclitaxel (AT) followed by cyclophosphamide/methotrexate/fluorouracil (CMF) + Trastuzumab for 1 year"
"GSM1233107","BreastCancer_S207","GSM1233107","Public on Jan 21 2014","Sep 17 2013","Jun 06 2022","RNA","1","breast cancer","Homo sapiens","centerid: 38","patid: 131","size_dissected_area: 10","percentage_tumor_cells: 80","cell_number_dissected: 10000","inflammatory_cells [%]: 15","invasive_tumor_area_size1 [mm]: 10","invasive_tumor_area_size2 [mm]: 1","invasive_tumor_cells [%]: 65","invasive_tumor_grade: 3","necrotic_cells [%]: 5","normal_epithelial_cells [%]: 0","preneoplastic_tumor_cells [%]: 0","stroma_cells [%]: 15","bgus.ct: 31.3","er.ct: 33.94","her2.ct: 31.28","pr.ct: 48.68","race: Caucasian","er: ER-","pr: PR-","her2: HER2-","arm: HER2- CT","treatment: neoadjuvant doxorubicin/paclitaxel (AT) followed by cyclophosphamide/methotrexate/fluorouracil (CMF)","age: 46","ecog: 0","inflammatory.brca: no","menopausal.status: pre","pcr: RD","total RNA","Formalin-fixed, paraffin-embedded (FFPE) core biopsies were prospectively collected prior to treatment. The yield and purity of RNA was determined using a NanoDrop 1000 Spectrophotometer (Thermo Scientific). RNA integrity was measured using a Bioanalyzer (Agilent Technologies) with either the RNA Nano or Pico Kit, depending on sample concentration. The RNA Integrity Number (RIN) and average length of the RNA were used for sample characterization. mRNA integrity was measured using a semiquantitative reverse transcription-polymerase chain reaction assay (rtPCR). This assay is based on quantitative amplification of 5'- and 3'-end sequences of the housekeeping gene β-actin. Calculating the ratio of 3' to 5' amplicons allows for assessment of mRNA integrity: intact RNA transcripts exhibit a ratio of 1, while degraded RNA increases the ratio.","biotin","A Transcriptor First Strand cDNA Synthesis Kit (Roche) was used to prepare cDNA from 100 ng of total RNA, using an anchored oligo(dT)-primer followed by a subsequent amplification step with the SYBR Green I Master on a LightCycler® 480 instrument (Roche Applied Science). Formalin-fixed paraffin-embedded tumor (FFPET)-derived RNA was amplified with the WT-Ovation™ FFPE System V2 (NuGEN). Biotin labeling of the cDNA was performed using the FL-Ovation cDNA Biotin Module V2 (NuGEN).","9606","Hybridization of labeled probes on the Affymetrix GeneChip Human Genome U133 Plus 2.0 Array were conducted using the GeneChip® Hybridization, Wash, and Stain Kit (Affymetrix).","For this workflow a GeneChip Fluidics Station 450 and a GeneChip Scanner 3000 7G were used","R (3.0.1) & Bioconductor (2.20.1)","GPL570","Anton,,Belousov","TTB Biostatistics","NCS-TTB","Roche","Nonnenwald 2","Penzberg","82377","Germany","ftp://ftp.ncbi.nlm.nih.gov/geo/samples/GSM1233nnn/GSM1233107/suppl/GSM1233107_CJL207_20081021.CEL.gz","54675","46","HER2- CT","31.3","10000","38","0","33.94","ER-","31.28","HER2-","no","15","10","1","65","3","pre","5","0","131","RD","80","48.68","PR-","0","Caucasian","10","15","neoadjuvant doxorubicin/paclitaxel (AT) followed by cyclophosphamide/methotrexate/fluorouracil (CMF)"
"GSM1233108","BreastCancer_S208","GSM1233108","Public on Jan 21 2014","Sep 17 2013","Jun 06 2022","RNA","1","breast cancer","Homo sapiens","centerid: 38","patid: 141","size_dissected_area: 3","percentage_tumor_cells: 70","cell_number_dissected: 2800","inflammatory_cells [%]: 3","invasive_tumor_area_size1 [mm]: 9","invasive_tumor_area_size2 [mm]: 1","invasive_tumor_cells [%]: 50","invasive_tumor_grade: 3","necrotic_cells [%]: 5","normal_epithelial_cells [%]: 5","preneoplastic_tumor_cells [%]: 0","stroma_cells [%]: 37","bgus.ct: 32.89","er.ct: 31.22","her2.ct: 31.46","pr.ct: 33.72","race: Caucasian","er: ER+","pr: PR+","her2: HER2-","arm: HER2- CT","treatment: neoadjuvant doxorubicin/paclitaxel (AT) followed by cyclophosphamide/methotrexate/fluorouracil (CMF)","age: 54","ecog: 0","inflammatory.brca: no","menopausal.status: post","pcr: RD","total RNA","Formalin-fixed, paraffin-embedded (FFPE) core biopsies were prospectively collected prior to treatment. The yield and purity of RNA was determined using a NanoDrop 1000 Spectrophotometer (Thermo Scientific). RNA integrity was measured using a Bioanalyzer (Agilent Technologies) with either the RNA Nano or Pico Kit, depending on sample concentration. The RNA Integrity Number (RIN) and average length of the RNA were used for sample characterization. mRNA integrity was measured using a semiquantitative reverse transcription-polymerase chain reaction assay (rtPCR). This assay is based on quantitative amplification of 5'- and 3'-end sequences of the housekeeping gene β-actin. Calculating the ratio of 3' to 5' amplicons allows for assessment of mRNA integrity: intact RNA transcripts exhibit a ratio of 1, while degraded RNA increases the ratio.","biotin","A Transcriptor First Strand cDNA Synthesis Kit (Roche) was used to prepare cDNA from 100 ng of total RNA, using an anchored oligo(dT)-primer followed by a subsequent amplification step with the SYBR Green I Master on a LightCycler® 480 instrument (Roche Applied Science). Formalin-fixed paraffin-embedded tumor (FFPET)-derived RNA was amplified with the WT-Ovation™ FFPE System V2 (NuGEN). Biotin labeling of the cDNA was performed using the FL-Ovation cDNA Biotin Module V2 (NuGEN).","9606","Hybridization of labeled probes on the Affymetrix GeneChip Human Genome U133 Plus 2.0 Array were conducted using the GeneChip® Hybridization, Wash, and Stain Kit (Affymetrix).","For this workflow a GeneChip Fluidics Station 450 and a GeneChip Scanner 3000 7G were used","R (3.0.1) & Bioconductor (2.20.1)","GPL570","Anton,,Belousov","TTB Biostatistics","NCS-TTB","Roche","Nonnenwald 2","Penzberg","82377","Germany","ftp://ftp.ncbi.nlm.nih.gov/geo/samples/GSM1233nnn/GSM1233108/suppl/GSM1233108_CJL208_20081021.CEL.gz","54675","54","HER2- CT","32.89","2800","38","0","31.22","ER+","31.46","HER2-","no","3","9","1","50","3","post","5","5","141","RD","70","33.72","PR+","0","Caucasian","3","37","neoadjuvant doxorubicin/paclitaxel (AT) followed by cyclophosphamide/methotrexate/fluorouracil (CMF)"
"GSM1233109","BreastCancer_S210","GSM1233109","Public on Jan 21 2014","Sep 17 2013","Jun 06 2022","RNA","1","breast cancer","Homo sapiens","centerid: 38","patid: 161","size_dissected_area: 3","percentage_tumor_cells: 30","cell_number_dissected: 900","inflammatory_cells [%]: 5","invasive_tumor_area_size1 [mm]: 2","invasive_tumor_area_size2 [mm]: 1.5","invasive_tumor_cells [%]: 20","invasive_tumor_grade: 2","necrotic_cells [%]: 2","normal_epithelial_cells [%]: 0","preneoplastic_tumor_cells [%]: 20","stroma_cells [%]: 53","bgus.ct: 32.81","er.ct: 32.07","her2.ct: 31.52","pr.ct: 32.94","race: Caucasian","er: ER+","pr: PR+","her2: HER2-","arm: HER2- CT","treatment: neoadjuvant doxorubicin/paclitaxel (AT) followed by cyclophosphamide/methotrexate/fluorouracil (CMF)","age: 49","ecog: 0","inflammatory.brca: no","menopausal.status: pre","pcr: RD","total RNA","Formalin-fixed, paraffin-embedded (FFPE) core biopsies were prospectively collected prior to treatment. The yield and purity of RNA was determined using a NanoDrop 1000 Spectrophotometer (Thermo Scientific). RNA integrity was measured using a Bioanalyzer (Agilent Technologies) with either the RNA Nano or Pico Kit, depending on sample concentration. The RNA Integrity Number (RIN) and average length of the RNA were used for sample characterization. mRNA integrity was measured using a semiquantitative reverse transcription-polymerase chain reaction assay (rtPCR). This assay is based on quantitative amplification of 5'- and 3'-end sequences of the housekeeping gene β-actin. Calculating the ratio of 3' to 5' amplicons allows for assessment of mRNA integrity: intact RNA transcripts exhibit a ratio of 1, while degraded RNA increases the ratio.","biotin","A Transcriptor First Strand cDNA Synthesis Kit (Roche) was used to prepare cDNA from 100 ng of total RNA, using an anchored oligo(dT)-primer followed by a subsequent amplification step with the SYBR Green I Master on a LightCycler® 480 instrument (Roche Applied Science). Formalin-fixed paraffin-embedded tumor (FFPET)-derived RNA was amplified with the WT-Ovation™ FFPE System V2 (NuGEN). Biotin labeling of the cDNA was performed using the FL-Ovation cDNA Biotin Module V2 (NuGEN).","9606","Hybridization of labeled probes on the Affymetrix GeneChip Human Genome U133 Plus 2.0 Array were conducted using the GeneChip® Hybridization, Wash, and Stain Kit (Affymetrix).","For this workflow a GeneChip Fluidics Station 450 and a GeneChip Scanner 3000 7G were used","R (3.0.1) & Bioconductor (2.20.1)","GPL570","Anton,,Belousov","TTB Biostatistics","NCS-TTB","Roche","Nonnenwald 2","Penzberg","82377","Germany","ftp://ftp.ncbi.nlm.nih.gov/geo/samples/GSM1233nnn/GSM1233109/suppl/GSM1233109_CJL210_20090114.CEL.gz","54675","49","HER2- CT","32.81","900","38","0","32.07","ER+","31.52","HER2-","no","5","2","1.5","20","2","pre","2","0","161","RD","30","32.94","PR+","20","Caucasian","3","53","neoadjuvant doxorubicin/paclitaxel (AT) followed by cyclophosphamide/methotrexate/fluorouracil (CMF)"
"GSM1233110","BreastCancer_S211","GSM1233110","Public on Jan 21 2014","Sep 17 2013","Jun 06 2022","RNA","1","breast cancer","Homo sapiens","centerid: 31","patid: 11","size_dissected_area: 35","percentage_tumor_cells: 70","cell_number_dissected: 24000","inflammatory_cells [%]: 2","invasive_tumor_area_size1 [mm]: 8","invasive_tumor_area_size2 [mm]: 7","invasive_tumor_cells [%]: 60","invasive_tumor_grade: 2","necrotic_cells [%]: 2","normal_epithelial_cells [%]: 2","preneoplastic_tumor_cells [%]: 0","stroma_cells [%]: 34","bgus.ct: 31.3","er.ct: 29.7","her2.ct: 29.2","pr.ct: 31.45","race: Caucasian","er: ER+","pr: PR+","her2: HER2-","arm: HER2- CT","treatment: neoadjuvant doxorubicin/paclitaxel (AT) followed by cyclophosphamide/methotrexate/fluorouracil (CMF)","age: 47","ecog: 0","inflammatory.brca: no","menopausal.status: post","pcr: RD","total RNA","Formalin-fixed, paraffin-embedded (FFPE) core biopsies were prospectively collected prior to treatment. The yield and purity of RNA was determined using a NanoDrop 1000 Spectrophotometer (Thermo Scientific). RNA integrity was measured using a Bioanalyzer (Agilent Technologies) with either the RNA Nano or Pico Kit, depending on sample concentration. The RNA Integrity Number (RIN) and average length of the RNA were used for sample characterization. mRNA integrity was measured using a semiquantitative reverse transcription-polymerase chain reaction assay (rtPCR). This assay is based on quantitative amplification of 5'- and 3'-end sequences of the housekeeping gene β-actin. Calculating the ratio of 3' to 5' amplicons allows for assessment of mRNA integrity: intact RNA transcripts exhibit a ratio of 1, while degraded RNA increases the ratio.","biotin","A Transcriptor First Strand cDNA Synthesis Kit (Roche) was used to prepare cDNA from 100 ng of total RNA, using an anchored oligo(dT)-primer followed by a subsequent amplification step with the SYBR Green I Master on a LightCycler® 480 instrument (Roche Applied Science). Formalin-fixed paraffin-embedded tumor (FFPET)-derived RNA was amplified with the WT-Ovation™ FFPE System V2 (NuGEN). Biotin labeling of the cDNA was performed using the FL-Ovation cDNA Biotin Module V2 (NuGEN).","9606","Hybridization of labeled probes on the Affymetrix GeneChip Human Genome U133 Plus 2.0 Array were conducted using the GeneChip® Hybridization, Wash, and Stain Kit (Affymetrix).","For this workflow a GeneChip Fluidics Station 450 and a GeneChip Scanner 3000 7G were used","R (3.0.1) & Bioconductor (2.20.1)","GPL570","Anton,,Belousov","TTB Biostatistics","NCS-TTB","Roche","Nonnenwald 2","Penzberg","82377","Germany","ftp://ftp.ncbi.nlm.nih.gov/geo/samples/GSM1233nnn/GSM1233110/suppl/GSM1233110_CJL211_20081027.CEL.gz","54675","47","HER2- CT","31.3","24000","31","0","29.7","ER+","29.2","HER2-","no","2","8","7","60","2","post","2","2","11","RD","70","31.45","PR+","0","Caucasian","35","34","neoadjuvant doxorubicin/paclitaxel (AT) followed by cyclophosphamide/methotrexate/fluorouracil (CMF)"
"GSM1233111","BreastCancer_S212","GSM1233111","Public on Jan 21 2014","Sep 17 2013","Jun 06 2022","RNA","1","breast cancer","Homo sapiens","centerid: 31","patid: 21","size_dissected_area: 54","percentage_tumor_cells: 70","cell_number_dissected: 30240","inflammatory_cells [%]: 5","invasive_tumor_area_size1 [mm]: 9","invasive_tumor_area_size2 [mm]: 6","invasive_tumor_cells [%]: 70","invasive_tumor_grade: 3","necrotic_cells [%]: 5","normal_epithelial_cells [%]: 0","preneoplastic_tumor_cells [%]: 0","stroma_cells [%]: 20","bgus.ct: 31.96","er.ct: 33.86","her2.ct: 28.86","pr.ct: 0","race: Caucasian","er: ER-","pr: PR-","her2: HER2+","arm: HER2+ CT H","treatment: neoadjuvant doxorubicin/paclitaxel (AT) followed by cyclophosphamide/methotrexate/fluorouracil (CMF) + Trastuzumab for 1 year","age: 76","ecog: 0","inflammatory.brca: no","menopausal.status: post","pcr: pCR","total RNA","Formalin-fixed, paraffin-embedded (FFPE) core biopsies were prospectively collected prior to treatment. The yield and purity of RNA was determined using a NanoDrop 1000 Spectrophotometer (Thermo Scientific). RNA integrity was measured using a Bioanalyzer (Agilent Technologies) with either the RNA Nano or Pico Kit, depending on sample concentration. The RNA Integrity Number (RIN) and average length of the RNA were used for sample characterization. mRNA integrity was measured using a semiquantitative reverse transcription-polymerase chain reaction assay (rtPCR). This assay is based on quantitative amplification of 5'- and 3'-end sequences of the housekeeping gene β-actin. Calculating the ratio of 3' to 5' amplicons allows for assessment of mRNA integrity: intact RNA transcripts exhibit a ratio of 1, while degraded RNA increases the ratio.","biotin","A Transcriptor First Strand cDNA Synthesis Kit (Roche) was used to prepare cDNA from 100 ng of total RNA, using an anchored oligo(dT)-primer followed by a subsequent amplification step with the SYBR Green I Master on a LightCycler® 480 instrument (Roche Applied Science). Formalin-fixed paraffin-embedded tumor (FFPET)-derived RNA was amplified with the WT-Ovation™ FFPE System V2 (NuGEN). Biotin labeling of the cDNA was performed using the FL-Ovation cDNA Biotin Module V2 (NuGEN).","9606","Hybridization of labeled probes on the Affymetrix GeneChip Human Genome U133 Plus 2.0 Array were conducted using the GeneChip® Hybridization, Wash, and Stain Kit (Affymetrix).","For this workflow a GeneChip Fluidics Station 450 and a GeneChip Scanner 3000 7G were used","R (3.0.1) & Bioconductor (2.20.1)","GPL570","Anton,,Belousov","TTB Biostatistics","NCS-TTB","Roche","Nonnenwald 2","Penzberg","82377","Germany","ftp://ftp.ncbi.nlm.nih.gov/geo/samples/GSM1233nnn/GSM1233111/suppl/GSM1233111_CJL212_20081021.CEL.gz","54675","76","HER2+ CT H","31.96","30240","31","0","33.86","ER-","28.86","HER2+","no","5","9","6","70","3","post","5","0","21","pCR","70","0","PR-","0","Caucasian","54","20","neoadjuvant doxorubicin/paclitaxel (AT) followed by cyclophosphamide/methotrexate/fluorouracil (CMF) + Trastuzumab for 1 year"
"GSM1233112","BreastCancer_S215","GSM1233112","Public on Jan 21 2014","Sep 17 2013","Jun 06 2022","RNA","1","breast cancer","Homo sapiens","centerid: 31","patid: 51","size_dissected_area: 4","percentage_tumor_cells: 70","cell_number_dissected: 3900","inflammatory_cells [%]: 15","invasive_tumor_area_size1 [mm]: 6","invasive_tumor_area_size2 [mm]: 1","invasive_tumor_cells [%]: 65","invasive_tumor_grade: 2","necrotic_cells [%]: 2","normal_epithelial_cells [%]: 1","preneoplastic_tumor_cells [%]: 0","stroma_cells [%]: 17","bgus.ct: 33.35","er.ct: 32.37","her2.ct: 31.54","pr.ct: 34.61","race: Caucasian","er: ER+","pr: PR-","her2: HER2+","arm: HER2+ CT H","treatment: neoadjuvant doxorubicin/paclitaxel (AT) followed by cyclophosphamide/methotrexate/fluorouracil (CMF) + Trastuzumab for 1 year","age: 58","ecog: 0","inflammatory.brca: no","menopausal.status: post","pcr: RD","total RNA","Formalin-fixed, paraffin-embedded (FFPE) core biopsies were prospectively collected prior to treatment. The yield and purity of RNA was determined using a NanoDrop 1000 Spectrophotometer (Thermo Scientific). RNA integrity was measured using a Bioanalyzer (Agilent Technologies) with either the RNA Nano or Pico Kit, depending on sample concentration. The RNA Integrity Number (RIN) and average length of the RNA were used for sample characterization. mRNA integrity was measured using a semiquantitative reverse transcription-polymerase chain reaction assay (rtPCR). This assay is based on quantitative amplification of 5'- and 3'-end sequences of the housekeeping gene β-actin. Calculating the ratio of 3' to 5' amplicons allows for assessment of mRNA integrity: intact RNA transcripts exhibit a ratio of 1, while degraded RNA increases the ratio.","biotin","A Transcriptor First Strand cDNA Synthesis Kit (Roche) was used to prepare cDNA from 100 ng of total RNA, using an anchored oligo(dT)-primer followed by a subsequent amplification step with the SYBR Green I Master on a LightCycler® 480 instrument (Roche Applied Science). Formalin-fixed paraffin-embedded tumor (FFPET)-derived RNA was amplified with the WT-Ovation™ FFPE System V2 (NuGEN). Biotin labeling of the cDNA was performed using the FL-Ovation cDNA Biotin Module V2 (NuGEN).","9606","Hybridization of labeled probes on the Affymetrix GeneChip Human Genome U133 Plus 2.0 Array were conducted using the GeneChip® Hybridization, Wash, and Stain Kit (Affymetrix).","For this workflow a GeneChip Fluidics Station 450 and a GeneChip Scanner 3000 7G were used","R (3.0.1) & Bioconductor (2.20.1)","GPL570","Anton,,Belousov","TTB Biostatistics","NCS-TTB","Roche","Nonnenwald 2","Penzberg","82377","Germany","ftp://ftp.ncbi.nlm.nih.gov/geo/samples/GSM1233nnn/GSM1233112/suppl/GSM1233112_CJL215_20081021.CEL.gz","54675","58","HER2+ CT H","33.35","3900","31","0","32.37","ER+","31.54","HER2+","no","15","6","1","65","2","post","2","1","51","RD","70","34.61","PR-","0","Caucasian","4","17","neoadjuvant doxorubicin/paclitaxel (AT) followed by cyclophosphamide/methotrexate/fluorouracil (CMF) + Trastuzumab for 1 year"
"GSM1233113","BreastCancer_S218","GSM1233113","Public on Jan 21 2014","Sep 17 2013","Jun 06 2022","RNA","1","breast cancer","Homo sapiens","centerid: 31","patid: 81","size_dissected_area: 160","percentage_tumor_cells: 75","cell_number_dissected: 110000","inflammatory_cells [%]: 10","invasive_tumor_area_size1 [mm]: 15","invasive_tumor_area_size2 [mm]: 8","invasive_tumor_cells [%]: 65","invasive_tumor_grade: 3","necrotic_cells [%]: 4","normal_epithelial_cells [%]: 1","preneoplastic_tumor_cells [%]: 0","stroma_cells [%]: 20","bgus.ct: 28.17","er.ct: 26.64","her2.ct: 26.74","pr.ct: 49.34","race: Caucasian","er: ER+","pr: PR-","her2: HER2-","arm: HER2- CT","treatment: neoadjuvant doxorubicin/paclitaxel (AT) followed by cyclophosphamide/methotrexate/fluorouracil (CMF)","age: 53","ecog: 0","inflammatory.brca: no","menopausal.status: post","pcr: RD","total RNA","Formalin-fixed, paraffin-embedded (FFPE) core biopsies were prospectively collected prior to treatment. The yield and purity of RNA was determined using a NanoDrop 1000 Spectrophotometer (Thermo Scientific). RNA integrity was measured using a Bioanalyzer (Agilent Technologies) with either the RNA Nano or Pico Kit, depending on sample concentration. The RNA Integrity Number (RIN) and average length of the RNA were used for sample characterization. mRNA integrity was measured using a semiquantitative reverse transcription-polymerase chain reaction assay (rtPCR). This assay is based on quantitative amplification of 5'- and 3'-end sequences of the housekeeping gene β-actin. Calculating the ratio of 3' to 5' amplicons allows for assessment of mRNA integrity: intact RNA transcripts exhibit a ratio of 1, while degraded RNA increases the ratio.","biotin","A Transcriptor First Strand cDNA Synthesis Kit (Roche) was used to prepare cDNA from 100 ng of total RNA, using an anchored oligo(dT)-primer followed by a subsequent amplification step with the SYBR Green I Master on a LightCycler® 480 instrument (Roche Applied Science). Formalin-fixed paraffin-embedded tumor (FFPET)-derived RNA was amplified with the WT-Ovation™ FFPE System V2 (NuGEN). Biotin labeling of the cDNA was performed using the FL-Ovation cDNA Biotin Module V2 (NuGEN).","9606","Hybridization of labeled probes on the Affymetrix GeneChip Human Genome U133 Plus 2.0 Array were conducted using the GeneChip® Hybridization, Wash, and Stain Kit (Affymetrix).","For this workflow a GeneChip Fluidics Station 450 and a GeneChip Scanner 3000 7G were used","R (3.0.1) & Bioconductor (2.20.1)","GPL570","Anton,,Belousov","TTB Biostatistics","NCS-TTB","Roche","Nonnenwald 2","Penzberg","82377","Germany","ftp://ftp.ncbi.nlm.nih.gov/geo/samples/GSM1233nnn/GSM1233113/suppl/GSM1233113_CJL218_20081021.CEL.gz","54675","53","HER2- CT","28.17","110000","31","0","26.64","ER+","26.74","HER2-","no","10","15","8","65","3","post","4","1","81","RD","75","49.34","PR-","0","Caucasian","160","20","neoadjuvant doxorubicin/paclitaxel (AT) followed by cyclophosphamide/methotrexate/fluorouracil (CMF)"
"GSM1233114","BreastCancer_S219","GSM1233114","Public on Jan 21 2014","Sep 17 2013","Jun 06 2022","RNA","1","breast cancer","Homo sapiens","centerid: 37","patid: 21","size_dissected_area: 30","percentage_tumor_cells: 75","cell_number_dissected: 21000","inflammatory_cells [%]: 3","invasive_tumor_area_size1 [mm]: 10","invasive_tumor_area_size2 [mm]: 2","invasive_tumor_cells [%]: 60","invasive_tumor_grade: 3","necrotic_cells [%]: 4","normal_epithelial_cells [%]: 3","preneoplastic_tumor_cells [%]: 0","stroma_cells [%]: 30","bgus.ct: 32.73","er.ct: 33.85","her2.ct: 33.12","pr.ct: 34.9","race: Caucasian","er: ER-","pr: PR-","her2: HER2-","arm: HER2- CT","treatment: neoadjuvant doxorubicin/paclitaxel (AT) followed by cyclophosphamide/methotrexate/fluorouracil (CMF)","age: 30","ecog: 0","inflammatory.brca: no","menopausal.status: pre","pcr: pCR","total RNA","Formalin-fixed, paraffin-embedded (FFPE) core biopsies were prospectively collected prior to treatment. The yield and purity of RNA was determined using a NanoDrop 1000 Spectrophotometer (Thermo Scientific). RNA integrity was measured using a Bioanalyzer (Agilent Technologies) with either the RNA Nano or Pico Kit, depending on sample concentration. The RNA Integrity Number (RIN) and average length of the RNA were used for sample characterization. mRNA integrity was measured using a semiquantitative reverse transcription-polymerase chain reaction assay (rtPCR). This assay is based on quantitative amplification of 5'- and 3'-end sequences of the housekeeping gene β-actin. Calculating the ratio of 3' to 5' amplicons allows for assessment of mRNA integrity: intact RNA transcripts exhibit a ratio of 1, while degraded RNA increases the ratio.","biotin","A Transcriptor First Strand cDNA Synthesis Kit (Roche) was used to prepare cDNA from 100 ng of total RNA, using an anchored oligo(dT)-primer followed by a subsequent amplification step with the SYBR Green I Master on a LightCycler® 480 instrument (Roche Applied Science). Formalin-fixed paraffin-embedded tumor (FFPET)-derived RNA was amplified with the WT-Ovation™ FFPE System V2 (NuGEN). Biotin labeling of the cDNA was performed using the FL-Ovation cDNA Biotin Module V2 (NuGEN).","9606","Hybridization of labeled probes on the Affymetrix GeneChip Human Genome U133 Plus 2.0 Array were conducted using the GeneChip® Hybridization, Wash, and Stain Kit (Affymetrix).","For this workflow a GeneChip Fluidics Station 450 and a GeneChip Scanner 3000 7G were used","R (3.0.1) & Bioconductor (2.20.1)","GPL570","Anton,,Belousov","TTB Biostatistics","NCS-TTB","Roche","Nonnenwald 2","Penzberg","82377","Germany","ftp://ftp.ncbi.nlm.nih.gov/geo/samples/GSM1233nnn/GSM1233114/suppl/GSM1233114_CJL219_20081021.CEL.gz","54675","30","HER2- CT","32.73","21000","37","0","33.85","ER-","33.12","HER2-","no","3","10","2","60","3","pre","4","3","21","pCR","75","34.9","PR-","0","Caucasian","30","30","neoadjuvant doxorubicin/paclitaxel (AT) followed by cyclophosphamide/methotrexate/fluorouracil (CMF)"
"GSM1233115","BreastCancer_S221","GSM1233115","Public on Jan 21 2014","Sep 17 2013","Jun 06 2022","RNA","1","breast cancer","Homo sapiens","centerid: 37","patid: 61","size_dissected_area: 30","percentage_tumor_cells: 65","cell_number_dissected: 19000","inflammatory_cells [%]: 5","invasive_tumor_area_size1 [mm]: 8","invasive_tumor_area_size2 [mm]: 3","invasive_tumor_cells [%]: 40","invasive_tumor_grade: 3","necrotic_cells [%]: 4","normal_epithelial_cells [%]: 1","preneoplastic_tumor_cells [%]: 3","stroma_cells [%]: 47","bgus.ct: 33.71","er.ct: 0","her2.ct: 28.07","pr.ct: 45.71","race: Caucasian","er: ER-","pr: PR-","her2: HER2+","arm: HER2+ CT","treatment: neoadjuvant doxorubicin/paclitaxel (AT) followed by cyclophosphamide/methotrexate/fluorouracil (CMF)","age: 35","ecog: 0","inflammatory.brca: no","menopausal.status: pre","pcr: pCR","total RNA","Formalin-fixed, paraffin-embedded (FFPE) core biopsies were prospectively collected prior to treatment. The yield and purity of RNA was determined using a NanoDrop 1000 Spectrophotometer (Thermo Scientific). RNA integrity was measured using a Bioanalyzer (Agilent Technologies) with either the RNA Nano or Pico Kit, depending on sample concentration. The RNA Integrity Number (RIN) and average length of the RNA were used for sample characterization. mRNA integrity was measured using a semiquantitative reverse transcription-polymerase chain reaction assay (rtPCR). This assay is based on quantitative amplification of 5'- and 3'-end sequences of the housekeeping gene β-actin. Calculating the ratio of 3' to 5' amplicons allows for assessment of mRNA integrity: intact RNA transcripts exhibit a ratio of 1, while degraded RNA increases the ratio.","biotin","A Transcriptor First Strand cDNA Synthesis Kit (Roche) was used to prepare cDNA from 100 ng of total RNA, using an anchored oligo(dT)-primer followed by a subsequent amplification step with the SYBR Green I Master on a LightCycler® 480 instrument (Roche Applied Science). Formalin-fixed paraffin-embedded tumor (FFPET)-derived RNA was amplified with the WT-Ovation™ FFPE System V2 (NuGEN). Biotin labeling of the cDNA was performed using the FL-Ovation cDNA Biotin Module V2 (NuGEN).","9606","Hybridization of labeled probes on the Affymetrix GeneChip Human Genome U133 Plus 2.0 Array were conducted using the GeneChip® Hybridization, Wash, and Stain Kit (Affymetrix).","For this workflow a GeneChip Fluidics Station 450 and a GeneChip Scanner 3000 7G were used","R (3.0.1) & Bioconductor (2.20.1)","GPL570","Anton,,Belousov","TTB Biostatistics","NCS-TTB","Roche","Nonnenwald 2","Penzberg","82377","Germany","ftp://ftp.ncbi.nlm.nih.gov/geo/samples/GSM1233nnn/GSM1233115/suppl/GSM1233115_CJL221_20081021.CEL.gz","54675","35","HER2+ CT","33.71","19000","37","0","0","ER-","28.07","HER2+","no","5","8","3","40","3","pre","4","1","61","pCR","65","45.71","PR-","3","Caucasian","30","47","neoadjuvant doxorubicin/paclitaxel (AT) followed by cyclophosphamide/methotrexate/fluorouracil (CMF)"
"GSM1233116","BreastCancer_S226","GSM1233116","Public on Jan 21 2014","Sep 17 2013","Jun 06 2022","RNA","1","breast cancer","Homo sapiens","centerid: 34","patid: 41","size_dissected_area: 27","percentage_tumor_cells: 80","cell_number_dissected: 17280","inflammatory_cells [%]: 1","invasive_tumor_area_size1 [mm]: 9","invasive_tumor_area_size2 [mm]: 3","invasive_tumor_cells [%]: 80","invasive_tumor_grade: 2","necrotic_cells [%]: 1","normal_epithelial_cells [%]: 0","preneoplastic_tumor_cells [%]: 0","stroma_cells [%]: 18","bgus.ct: 29.57","er.ct: 29.28","her2.ct: 28.31","pr.ct: 29.27","race: Caucasian","er: ER+","pr: PR-","her2: HER2-","arm: HER2- CT","treatment: neoadjuvant doxorubicin/paclitaxel (AT) followed by cyclophosphamide/methotrexate/fluorouracil (CMF)","age: 34","ecog: 0","inflammatory.brca: no","menopausal.status: pre","pcr: RD","total RNA","Formalin-fixed, paraffin-embedded (FFPE) core biopsies were prospectively collected prior to treatment. The yield and purity of RNA was determined using a NanoDrop 1000 Spectrophotometer (Thermo Scientific). RNA integrity was measured using a Bioanalyzer (Agilent Technologies) with either the RNA Nano or Pico Kit, depending on sample concentration. The RNA Integrity Number (RIN) and average length of the RNA were used for sample characterization. mRNA integrity was measured using a semiquantitative reverse transcription-polymerase chain reaction assay (rtPCR). This assay is based on quantitative amplification of 5'- and 3'-end sequences of the housekeeping gene β-actin. Calculating the ratio of 3' to 5' amplicons allows for assessment of mRNA integrity: intact RNA transcripts exhibit a ratio of 1, while degraded RNA increases the ratio.","biotin","A Transcriptor First Strand cDNA Synthesis Kit (Roche) was used to prepare cDNA from 100 ng of total RNA, using an anchored oligo(dT)-primer followed by a subsequent amplification step with the SYBR Green I Master on a LightCycler® 480 instrument (Roche Applied Science). Formalin-fixed paraffin-embedded tumor (FFPET)-derived RNA was amplified with the WT-Ovation™ FFPE System V2 (NuGEN). Biotin labeling of the cDNA was performed using the FL-Ovation cDNA Biotin Module V2 (NuGEN).","9606","Hybridization of labeled probes on the Affymetrix GeneChip Human Genome U133 Plus 2.0 Array were conducted using the GeneChip® Hybridization, Wash, and Stain Kit (Affymetrix).","For this workflow a GeneChip Fluidics Station 450 and a GeneChip Scanner 3000 7G were used","R (3.0.1) & Bioconductor (2.20.1)","GPL570","Anton,,Belousov","TTB Biostatistics","NCS-TTB","Roche","Nonnenwald 2","Penzberg","82377","Germany","ftp://ftp.ncbi.nlm.nih.gov/geo/samples/GSM1233nnn/GSM1233116/suppl/GSM1233116_CJL226_20081021.CEL.gz","54675","34","HER2- CT","29.57","17280","34","0","29.28","ER+","28.31","HER2-","no","1","9","3","80","2","pre","1","0","41","RD","80","29.27","PR-","0","Caucasian","27","18","neoadjuvant doxorubicin/paclitaxel (AT) followed by cyclophosphamide/methotrexate/fluorouracil (CMF)"
"GSM1233117","BreastCancer_S230","GSM1233117","Public on Jan 21 2014","Sep 17 2013","Jun 06 2022","RNA","1","breast cancer","Homo sapiens","centerid: 34","patid: 81","size_dissected_area: 70","percentage_tumor_cells: 85","cell_number_dissected: 47600","inflammatory_cells [%]: 4","invasive_tumor_area_size1 [mm]: 14","invasive_tumor_area_size2 [mm]: 5","invasive_tumor_cells [%]: 85","invasive_tumor_grade: 3","necrotic_cells [%]: 1","normal_epithelial_cells [%]: 0","preneoplastic_tumor_cells [%]: 0","stroma_cells [%]: 10","bgus.ct: 28.63","er.ct: 28.86","her2.ct: 26.08","pr.ct: 50","race: Caucasian","er: ER+","pr: PR-","her2: HER2+","arm: HER2+ CT","treatment: neoadjuvant doxorubicin/paclitaxel (AT) followed by cyclophosphamide/methotrexate/fluorouracil (CMF)","age: 54","ecog: 0","inflammatory.brca: no","menopausal.status: post","pcr: RD","total RNA","Formalin-fixed, paraffin-embedded (FFPE) core biopsies were prospectively collected prior to treatment. The yield and purity of RNA was determined using a NanoDrop 1000 Spectrophotometer (Thermo Scientific). RNA integrity was measured using a Bioanalyzer (Agilent Technologies) with either the RNA Nano or Pico Kit, depending on sample concentration. The RNA Integrity Number (RIN) and average length of the RNA were used for sample characterization. mRNA integrity was measured using a semiquantitative reverse transcription-polymerase chain reaction assay (rtPCR). This assay is based on quantitative amplification of 5'- and 3'-end sequences of the housekeeping gene β-actin. Calculating the ratio of 3' to 5' amplicons allows for assessment of mRNA integrity: intact RNA transcripts exhibit a ratio of 1, while degraded RNA increases the ratio.","biotin","A Transcriptor First Strand cDNA Synthesis Kit (Roche) was used to prepare cDNA from 100 ng of total RNA, using an anchored oligo(dT)-primer followed by a subsequent amplification step with the SYBR Green I Master on a LightCycler® 480 instrument (Roche Applied Science). Formalin-fixed paraffin-embedded tumor (FFPET)-derived RNA was amplified with the WT-Ovation™ FFPE System V2 (NuGEN). Biotin labeling of the cDNA was performed using the FL-Ovation cDNA Biotin Module V2 (NuGEN).","9606","Hybridization of labeled probes on the Affymetrix GeneChip Human Genome U133 Plus 2.0 Array were conducted using the GeneChip® Hybridization, Wash, and Stain Kit (Affymetrix).","For this workflow a GeneChip Fluidics Station 450 and a GeneChip Scanner 3000 7G were used","R (3.0.1) & Bioconductor (2.20.1)","GPL570","Anton,,Belousov","TTB Biostatistics","NCS-TTB","Roche","Nonnenwald 2","Penzberg","82377","Germany","ftp://ftp.ncbi.nlm.nih.gov/geo/samples/GSM1233nnn/GSM1233117/suppl/GSM1233117_CJL230_20081021.CEL.gz","54675","54","HER2+ CT","28.63","47600","34","0","28.86","ER+","26.08","HER2+","no","4","14","5","85","3","post","1","0","81","RD","85","50","PR-","0","Caucasian","70","10","neoadjuvant doxorubicin/paclitaxel (AT) followed by cyclophosphamide/methotrexate/fluorouracil (CMF)"
"GSM1233118","BreastCancer_S231","GSM1233118","Public on Jan 21 2014","Sep 17 2013","Jun 06 2022","RNA","1","breast cancer","Homo sapiens","centerid: 33","patid: 11","size_dissected_area: 44","percentage_tumor_cells: 80","cell_number_dissected: 28160","inflammatory_cells [%]: 2","invasive_tumor_area_size1 [mm]: 11","invasive_tumor_area_size2 [mm]: 4","invasive_tumor_cells [%]: 80","invasive_tumor_grade: 2","necrotic_cells [%]: 1","normal_epithelial_cells [%]: 2","preneoplastic_tumor_cells [%]: 5","stroma_cells [%]: 10","bgus.ct: 30.3","er.ct: 30.68","her2.ct: 26.7","pr.ct: 31.19","race: Caucasian","er: ER+","pr: PR-","her2: HER2+","arm: HER2+ CT","treatment: neoadjuvant doxorubicin/paclitaxel (AT) followed by cyclophosphamide/methotrexate/fluorouracil (CMF)","age: 46","ecog: 0","inflammatory.brca: yes","menopausal.status: pre","pcr: RD","total RNA","Formalin-fixed, paraffin-embedded (FFPE) core biopsies were prospectively collected prior to treatment. The yield and purity of RNA was determined using a NanoDrop 1000 Spectrophotometer (Thermo Scientific). RNA integrity was measured using a Bioanalyzer (Agilent Technologies) with either the RNA Nano or Pico Kit, depending on sample concentration. The RNA Integrity Number (RIN) and average length of the RNA were used for sample characterization. mRNA integrity was measured using a semiquantitative reverse transcription-polymerase chain reaction assay (rtPCR). This assay is based on quantitative amplification of 5'- and 3'-end sequences of the housekeeping gene β-actin. Calculating the ratio of 3' to 5' amplicons allows for assessment of mRNA integrity: intact RNA transcripts exhibit a ratio of 1, while degraded RNA increases the ratio.","biotin","A Transcriptor First Strand cDNA Synthesis Kit (Roche) was used to prepare cDNA from 100 ng of total RNA, using an anchored oligo(dT)-primer followed by a subsequent amplification step with the SYBR Green I Master on a LightCycler® 480 instrument (Roche Applied Science). Formalin-fixed paraffin-embedded tumor (FFPET)-derived RNA was amplified with the WT-Ovation™ FFPE System V2 (NuGEN). Biotin labeling of the cDNA was performed using the FL-Ovation cDNA Biotin Module V2 (NuGEN).","9606","Hybridization of labeled probes on the Affymetrix GeneChip Human Genome U133 Plus 2.0 Array were conducted using the GeneChip® Hybridization, Wash, and Stain Kit (Affymetrix).","For this workflow a GeneChip Fluidics Station 450 and a GeneChip Scanner 3000 7G were used","R (3.0.1) & Bioconductor (2.20.1)","GPL570","Anton,,Belousov","TTB Biostatistics","NCS-TTB","Roche","Nonnenwald 2","Penzberg","82377","Germany","ftp://ftp.ncbi.nlm.nih.gov/geo/samples/GSM1233nnn/GSM1233118/suppl/GSM1233118_CJL208_20090114.CEL.gz","54675","46","HER2+ CT","30.3","28160","33","0","30.68","ER+","26.7","HER2+","yes","2","11","4","80","2","pre","1","2","11","RD","80","31.19","PR-","5","Caucasian","44","10","neoadjuvant doxorubicin/paclitaxel (AT) followed by cyclophosphamide/methotrexate/fluorouracil (CMF)"
"GSM1233119","BreastCancer_S232","GSM1233119","Public on Jan 21 2014","Sep 17 2013","Jun 06 2022","RNA","1","breast cancer","Homo sapiens","centerid: 29","patid: 21","size_dissected_area: 2","percentage_tumor_cells: 80","cell_number_dissected: 2000","inflammatory_cells [%]: 5","invasive_tumor_area_size1 [mm]: 5","invasive_tumor_area_size2 [mm]: 2","invasive_tumor_cells [%]: 80","invasive_tumor_grade: 3","necrotic_cells [%]: 15","normal_epithelial_cells [%]: 0","preneoplastic_tumor_cells [%]: 0","stroma_cells [%]: 0","bgus.ct: 31.93","er.ct: 33.43","her2.ct: 32.86","pr.ct: 34.64","race: Caucasian","er: ER-","pr: PR-","her2: HER2-","arm: HER2- CT","treatment: neoadjuvant doxorubicin/paclitaxel (AT) followed by cyclophosphamide/methotrexate/fluorouracil (CMF)","age: 44","ecog: 0","inflammatory.brca: no","menopausal.status: pre","pcr: pCR","total RNA","Formalin-fixed, paraffin-embedded (FFPE) core biopsies were prospectively collected prior to treatment. The yield and purity of RNA was determined using a NanoDrop 1000 Spectrophotometer (Thermo Scientific). RNA integrity was measured using a Bioanalyzer (Agilent Technologies) with either the RNA Nano or Pico Kit, depending on sample concentration. The RNA Integrity Number (RIN) and average length of the RNA were used for sample characterization. mRNA integrity was measured using a semiquantitative reverse transcription-polymerase chain reaction assay (rtPCR). This assay is based on quantitative amplification of 5'- and 3'-end sequences of the housekeeping gene β-actin. Calculating the ratio of 3' to 5' amplicons allows for assessment of mRNA integrity: intact RNA transcripts exhibit a ratio of 1, while degraded RNA increases the ratio.","biotin","A Transcriptor First Strand cDNA Synthesis Kit (Roche) was used to prepare cDNA from 100 ng of total RNA, using an anchored oligo(dT)-primer followed by a subsequent amplification step with the SYBR Green I Master on a LightCycler® 480 instrument (Roche Applied Science). Formalin-fixed paraffin-embedded tumor (FFPET)-derived RNA was amplified with the WT-Ovation™ FFPE System V2 (NuGEN). Biotin labeling of the cDNA was performed using the FL-Ovation cDNA Biotin Module V2 (NuGEN).","9606","Hybridization of labeled probes on the Affymetrix GeneChip Human Genome U133 Plus 2.0 Array were conducted using the GeneChip® Hybridization, Wash, and Stain Kit (Affymetrix).","For this workflow a GeneChip Fluidics Station 450 and a GeneChip Scanner 3000 7G were used","R (3.0.1) & Bioconductor (2.20.1)","GPL570","Anton,,Belousov","TTB Biostatistics","NCS-TTB","Roche","Nonnenwald 2","Penzberg","82377","Germany","ftp://ftp.ncbi.nlm.nih.gov/geo/samples/GSM1233nnn/GSM1233119/suppl/GSM1233119_CJL232_20081021.CEL.gz","54675","44","HER2- CT","31.93","2000","29","0","33.43","ER-","32.86","HER2-","no","5","5","2","80","3","pre","15","0","21","pCR","80","34.64","PR-","0","Caucasian","2","0","neoadjuvant doxorubicin/paclitaxel (AT) followed by cyclophosphamide/methotrexate/fluorouracil (CMF)"
"GSM1233120","BreastCancer_S233","GSM1233120","Public on Jan 21 2014","Sep 17 2013","Jun 06 2022","RNA","1","breast cancer","Homo sapiens","centerid: 25","patid: 31","size_dissected_area: 6","percentage_tumor_cells: 70","cell_number_dissected: 4000","inflammatory_cells [%]: 2","invasive_tumor_area_size1 [mm]: 7","invasive_tumor_area_size2 [mm]: 6","invasive_tumor_cells [%]: 75","invasive_tumor_grade: 3","necrotic_cells [%]: 1","normal_epithelial_cells [%]: 0","preneoplastic_tumor_cells [%]: 2","stroma_cells [%]: 20","bgus.ct: 32.29","er.ct: 33.41","her2.ct: 31.1","pr.ct: 33.85","race: Caucasian","er: ER-","pr: PR-","her2: HER2-","arm: HER2- CT","treatment: neoadjuvant doxorubicin/paclitaxel (AT) followed by cyclophosphamide/methotrexate/fluorouracil (CMF)","age: 38","ecog: 0","inflammatory.brca: no","menopausal.status: pre","pcr: RD","total RNA","Formalin-fixed, paraffin-embedded (FFPE) core biopsies were prospectively collected prior to treatment. The yield and purity of RNA was determined using a NanoDrop 1000 Spectrophotometer (Thermo Scientific). RNA integrity was measured using a Bioanalyzer (Agilent Technologies) with either the RNA Nano or Pico Kit, depending on sample concentration. The RNA Integrity Number (RIN) and average length of the RNA were used for sample characterization. mRNA integrity was measured using a semiquantitative reverse transcription-polymerase chain reaction assay (rtPCR). This assay is based on quantitative amplification of 5'- and 3'-end sequences of the housekeeping gene β-actin. Calculating the ratio of 3' to 5' amplicons allows for assessment of mRNA integrity: intact RNA transcripts exhibit a ratio of 1, while degraded RNA increases the ratio.","biotin","A Transcriptor First Strand cDNA Synthesis Kit (Roche) was used to prepare cDNA from 100 ng of total RNA, using an anchored oligo(dT)-primer followed by a subsequent amplification step with the SYBR Green I Master on a LightCycler® 480 instrument (Roche Applied Science). Formalin-fixed paraffin-embedded tumor (FFPET)-derived RNA was amplified with the WT-Ovation™ FFPE System V2 (NuGEN). Biotin labeling of the cDNA was performed using the FL-Ovation cDNA Biotin Module V2 (NuGEN).","9606","Hybridization of labeled probes on the Affymetrix GeneChip Human Genome U133 Plus 2.0 Array were conducted using the GeneChip® Hybridization, Wash, and Stain Kit (Affymetrix).","For this workflow a GeneChip Fluidics Station 450 and a GeneChip Scanner 3000 7G were used","R (3.0.1) & Bioconductor (2.20.1)","GPL570","Anton,,Belousov","TTB Biostatistics","NCS-TTB","Roche","Nonnenwald 2","Penzberg","82377","Germany","ftp://ftp.ncbi.nlm.nih.gov/geo/samples/GSM1233nnn/GSM1233120/suppl/GSM1233120_CJL233_20081027.CEL.gz","54675","38","HER2- CT","32.29","4000","25","0","33.41","ER-","31.1","HER2-","no","2","7","6","75","3","pre","1","0","31","RD","70","33.85","PR-","2","Caucasian","6","20","neoadjuvant doxorubicin/paclitaxel (AT) followed by cyclophosphamide/methotrexate/fluorouracil (CMF)"
"GSM1233121","BreastCancer_S234","GSM1233121","Public on Jan 21 2014","Sep 17 2013","Jun 06 2022","RNA","1","breast cancer","Homo sapiens","centerid: 25","patid: 81","size_dissected_area: 6","percentage_tumor_cells: 60","cell_number_dissected: 3500","inflammatory_cells [%]: 3","invasive_tumor_area_size1 [mm]: 6","invasive_tumor_area_size2 [mm]: 2","invasive_tumor_cells [%]: 70","invasive_tumor_grade: 2","necrotic_cells [%]: 2","normal_epithelial_cells [%]: 0","preneoplastic_tumor_cells [%]: 0","stroma_cells [%]: 25","bgus.ct: 30.84","er.ct: 30.66","her2.ct: 29.54","pr.ct: 50","race: Caucasian","er: ER+","pr: PR-","her2: HER2-","arm: HER2- CT","treatment: neoadjuvant doxorubicin/paclitaxel (AT) followed by cyclophosphamide/methotrexate/fluorouracil (CMF)","age: 70","ecog: 0","inflammatory.brca: yes","menopausal.status: post","pcr: RD","total RNA","Formalin-fixed, paraffin-embedded (FFPE) core biopsies were prospectively collected prior to treatment. The yield and purity of RNA was determined using a NanoDrop 1000 Spectrophotometer (Thermo Scientific). RNA integrity was measured using a Bioanalyzer (Agilent Technologies) with either the RNA Nano or Pico Kit, depending on sample concentration. The RNA Integrity Number (RIN) and average length of the RNA were used for sample characterization. mRNA integrity was measured using a semiquantitative reverse transcription-polymerase chain reaction assay (rtPCR). This assay is based on quantitative amplification of 5'- and 3'-end sequences of the housekeeping gene β-actin. Calculating the ratio of 3' to 5' amplicons allows for assessment of mRNA integrity: intact RNA transcripts exhibit a ratio of 1, while degraded RNA increases the ratio.","biotin","A Transcriptor First Strand cDNA Synthesis Kit (Roche) was used to prepare cDNA from 100 ng of total RNA, using an anchored oligo(dT)-primer followed by a subsequent amplification step with the SYBR Green I Master on a LightCycler® 480 instrument (Roche Applied Science). Formalin-fixed paraffin-embedded tumor (FFPET)-derived RNA was amplified with the WT-Ovation™ FFPE System V2 (NuGEN). Biotin labeling of the cDNA was performed using the FL-Ovation cDNA Biotin Module V2 (NuGEN).","9606","Hybridization of labeled probes on the Affymetrix GeneChip Human Genome U133 Plus 2.0 Array were conducted using the GeneChip® Hybridization, Wash, and Stain Kit (Affymetrix).","For this workflow a GeneChip Fluidics Station 450 and a GeneChip Scanner 3000 7G were used","R (3.0.1) & Bioconductor (2.20.1)","GPL570","Anton,,Belousov","TTB Biostatistics","NCS-TTB","Roche","Nonnenwald 2","Penzberg","82377","Germany","ftp://ftp.ncbi.nlm.nih.gov/geo/samples/GSM1233nnn/GSM1233121/suppl/GSM1233121_CJL234_20081021.CEL.gz","54675","70","HER2- CT","30.84","3500","25","0","30.66","ER+","29.54","HER2-","yes","3","6","2","70","2","post","2","0","81","RD","60","50","PR-","0","Caucasian","6","25","neoadjuvant doxorubicin/paclitaxel (AT) followed by cyclophosphamide/methotrexate/fluorouracil (CMF)"
"GSM1233122","BreastCancer_S235","GSM1233122","Public on Jan 21 2014","Sep 17 2013","Jun 06 2022","RNA","1","breast cancer","Homo sapiens","centerid: 27","patid: 21","size_dissected_area: 6","percentage_tumor_cells: 65","cell_number_dissected: 3900","inflammatory_cells [%]: 4","invasive_tumor_area_size1 [mm]: 5","invasive_tumor_area_size2 [mm]: 2","invasive_tumor_cells [%]: 80","invasive_tumor_grade: 3","necrotic_cells [%]: 1","normal_epithelial_cells [%]: 5","preneoplastic_tumor_cells [%]: 0","stroma_cells [%]: 10","bgus.ct: 29.5","er.ct: 31.28","her2.ct: 25.01","pr.ct: 31.23","race: Caucasian","er: ER-","pr: PR-","her2: HER2+","arm: HER2+ CT H","treatment: neoadjuvant doxorubicin/paclitaxel (AT) followed by cyclophosphamide/methotrexate/fluorouracil (CMF) + Trastuzumab for 1 year","age: 38","ecog: 0","inflammatory.brca: yes","menopausal.status: pre","pcr: pCR","total RNA","Formalin-fixed, paraffin-embedded (FFPE) core biopsies were prospectively collected prior to treatment. The yield and purity of RNA was determined using a NanoDrop 1000 Spectrophotometer (Thermo Scientific). RNA integrity was measured using a Bioanalyzer (Agilent Technologies) with either the RNA Nano or Pico Kit, depending on sample concentration. The RNA Integrity Number (RIN) and average length of the RNA were used for sample characterization. mRNA integrity was measured using a semiquantitative reverse transcription-polymerase chain reaction assay (rtPCR). This assay is based on quantitative amplification of 5'- and 3'-end sequences of the housekeeping gene β-actin. Calculating the ratio of 3' to 5' amplicons allows for assessment of mRNA integrity: intact RNA transcripts exhibit a ratio of 1, while degraded RNA increases the ratio.","biotin","A Transcriptor First Strand cDNA Synthesis Kit (Roche) was used to prepare cDNA from 100 ng of total RNA, using an anchored oligo(dT)-primer followed by a subsequent amplification step with the SYBR Green I Master on a LightCycler® 480 instrument (Roche Applied Science). Formalin-fixed paraffin-embedded tumor (FFPET)-derived RNA was amplified with the WT-Ovation™ FFPE System V2 (NuGEN). Biotin labeling of the cDNA was performed using the FL-Ovation cDNA Biotin Module V2 (NuGEN).","9606","Hybridization of labeled probes on the Affymetrix GeneChip Human Genome U133 Plus 2.0 Array were conducted using the GeneChip® Hybridization, Wash, and Stain Kit (Affymetrix).","For this workflow a GeneChip Fluidics Station 450 and a GeneChip Scanner 3000 7G were used","R (3.0.1) & Bioconductor (2.20.1)","GPL570","Anton,,Belousov","TTB Biostatistics","NCS-TTB","Roche","Nonnenwald 2","Penzberg","82377","Germany","ftp://ftp.ncbi.nlm.nih.gov/geo/samples/GSM1233nnn/GSM1233122/suppl/GSM1233122_CJL235_20081021.CEL.gz","54675","38","HER2+ CT H","29.5","3900","27","0","31.28","ER-","25.01","HER2+","yes","4","5","2","80","3","pre","1","5","21","pCR","65","31.23","PR-","0","Caucasian","6","10","neoadjuvant doxorubicin/paclitaxel (AT) followed by cyclophosphamide/methotrexate/fluorouracil (CMF) + Trastuzumab for 1 year"
"GSM1233123","BreastCancer_S237","GSM1233123","Public on Jan 21 2014","Sep 17 2013","Jun 06 2022","RNA","1","breast cancer","Homo sapiens","centerid: 23","patid: 101","size_dissected_area: 30","percentage_tumor_cells: 85","cell_number_dissected: 20400","inflammatory_cells [%]: 4","invasive_tumor_area_size1 [mm]: 6","invasive_tumor_area_size2 [mm]: 5","invasive_tumor_cells [%]: 85","invasive_tumor_grade: 2","necrotic_cells [%]: 1","normal_epithelial_cells [%]: 0","preneoplastic_tumor_cells [%]: 0","stroma_cells [%]: 10","bgus.ct: 29.98","er.ct: 27.92","her2.ct: 28.48","pr.ct: 30.15","race: Caucasian","er: ER+","pr: PR-","her2: HER2-","arm: HER2- CT","treatment: neoadjuvant doxorubicin/paclitaxel (AT) followed by cyclophosphamide/methotrexate/fluorouracil (CMF)","age: 71","ecog: 1","inflammatory.brca: no","menopausal.status: post","pcr: RD","total RNA","Formalin-fixed, paraffin-embedded (FFPE) core biopsies were prospectively collected prior to treatment. The yield and purity of RNA was determined using a NanoDrop 1000 Spectrophotometer (Thermo Scientific). RNA integrity was measured using a Bioanalyzer (Agilent Technologies) with either the RNA Nano or Pico Kit, depending on sample concentration. The RNA Integrity Number (RIN) and average length of the RNA were used for sample characterization. mRNA integrity was measured using a semiquantitative reverse transcription-polymerase chain reaction assay (rtPCR). This assay is based on quantitative amplification of 5'- and 3'-end sequences of the housekeeping gene β-actin. Calculating the ratio of 3' to 5' amplicons allows for assessment of mRNA integrity: intact RNA transcripts exhibit a ratio of 1, while degraded RNA increases the ratio.","biotin","A Transcriptor First Strand cDNA Synthesis Kit (Roche) was used to prepare cDNA from 100 ng of total RNA, using an anchored oligo(dT)-primer followed by a subsequent amplification step with the SYBR Green I Master on a LightCycler® 480 instrument (Roche Applied Science). Formalin-fixed paraffin-embedded tumor (FFPET)-derived RNA was amplified with the WT-Ovation™ FFPE System V2 (NuGEN). Biotin labeling of the cDNA was performed using the FL-Ovation cDNA Biotin Module V2 (NuGEN).","9606","Hybridization of labeled probes on the Affymetrix GeneChip Human Genome U133 Plus 2.0 Array were conducted using the GeneChip® Hybridization, Wash, and Stain Kit (Affymetrix).","For this workflow a GeneChip Fluidics Station 450 and a GeneChip Scanner 3000 7G were used","R (3.0.1) & Bioconductor (2.20.1)","GPL570","Anton,,Belousov","TTB Biostatistics","NCS-TTB","Roche","Nonnenwald 2","Penzberg","82377","Germany","ftp://ftp.ncbi.nlm.nih.gov/geo/samples/GSM1233nnn/GSM1233123/suppl/GSM1233123_CJL237_20081027.CEL.gz","54675","71","HER2- CT","29.98","20400","23","1","27.92","ER+","28.48","HER2-","no","4","6","5","85","2","post","1","0","101","RD","85","30.15","PR-","0","Caucasian","30","10","neoadjuvant doxorubicin/paclitaxel (AT) followed by cyclophosphamide/methotrexate/fluorouracil (CMF)"
"GSM1233124","BreastCancer_S241","GSM1233124","Public on Jan 21 2014","Sep 17 2013","Jun 06 2022","RNA","1","breast cancer","Homo sapiens","centerid: 26","patid: 231","size_dissected_area: 4","percentage_tumor_cells: 70","cell_number_dissected: 2800","inflammatory_cells [%]: 5","invasive_tumor_area_size1 [mm]: 5","invasive_tumor_area_size2 [mm]: 2","invasive_tumor_cells [%]: 80","invasive_tumor_grade: 3","necrotic_cells [%]: 5","normal_epithelial_cells [%]: 0","preneoplastic_tumor_cells [%]: 0","stroma_cells [%]: 10","bgus.ct: 33.73","er.ct: 32.95","her2.ct: 33.51","pr.ct: 34.42","race: Caucasian","er: ER+","pr: PR-","her2: HER2-","arm: HER2- CT","treatment: neoadjuvant doxorubicin/paclitaxel (AT) followed by cyclophosphamide/methotrexate/fluorouracil (CMF)","age: 45","ecog: 0","inflammatory.brca: no","menopausal.status: pre","pcr: RD","total RNA","Formalin-fixed, paraffin-embedded (FFPE) core biopsies were prospectively collected prior to treatment. The yield and purity of RNA was determined using a NanoDrop 1000 Spectrophotometer (Thermo Scientific). RNA integrity was measured using a Bioanalyzer (Agilent Technologies) with either the RNA Nano or Pico Kit, depending on sample concentration. The RNA Integrity Number (RIN) and average length of the RNA were used for sample characterization. mRNA integrity was measured using a semiquantitative reverse transcription-polymerase chain reaction assay (rtPCR). This assay is based on quantitative amplification of 5'- and 3'-end sequences of the housekeeping gene β-actin. Calculating the ratio of 3' to 5' amplicons allows for assessment of mRNA integrity: intact RNA transcripts exhibit a ratio of 1, while degraded RNA increases the ratio.","biotin","A Transcriptor First Strand cDNA Synthesis Kit (Roche) was used to prepare cDNA from 100 ng of total RNA, using an anchored oligo(dT)-primer followed by a subsequent amplification step with the SYBR Green I Master on a LightCycler® 480 instrument (Roche Applied Science). Formalin-fixed paraffin-embedded tumor (FFPET)-derived RNA was amplified with the WT-Ovation™ FFPE System V2 (NuGEN). Biotin labeling of the cDNA was performed using the FL-Ovation cDNA Biotin Module V2 (NuGEN).","9606","Hybridization of labeled probes on the Affymetrix GeneChip Human Genome U133 Plus 2.0 Array were conducted using the GeneChip® Hybridization, Wash, and Stain Kit (Affymetrix).","For this workflow a GeneChip Fluidics Station 450 and a GeneChip Scanner 3000 7G were used","R (3.0.1) & Bioconductor (2.20.1)","GPL570","Anton,,Belousov","TTB Biostatistics","NCS-TTB","Roche","Nonnenwald 2","Penzberg","82377","Germany","ftp://ftp.ncbi.nlm.nih.gov/geo/samples/GSM1233nnn/GSM1233124/suppl/GSM1233124_CJL241_20081027.CEL.gz","54675","45","HER2- CT","33.73","2800","26","0","32.95","ER+","33.51","HER2-","no","5","5","2","80","3","pre","5","0","231","RD","70","34.42","PR-","0","Caucasian","4","10","neoadjuvant doxorubicin/paclitaxel (AT) followed by cyclophosphamide/methotrexate/fluorouracil (CMF)"
"GSM1233125","BreastCancer_S244","GSM1233125","Public on Jan 21 2014","Sep 17 2013","Jun 06 2022","RNA","1","breast cancer","Homo sapiens","centerid: 26","patid: 281","size_dissected_area: 16","percentage_tumor_cells: 70","cell_number_dissected: 8960","inflammatory_cells [%]: 3","invasive_tumor_area_size1 [mm]: 8","invasive_tumor_area_size2 [mm]: 2","invasive_tumor_cells [%]: 70","invasive_tumor_grade: 2","necrotic_cells [%]: 1","normal_epithelial_cells [%]: 1","preneoplastic_tumor_cells [%]: 5","stroma_cells [%]: 20","bgus.ct: 32.21","er.ct: 31.85","her2.ct: 31.44","pr.ct: 31.63","race: Caucasian","er: ER+","pr: PR+","her2: HER2-","arm: HER2- CT","treatment: neoadjuvant doxorubicin/paclitaxel (AT) followed by cyclophosphamide/methotrexate/fluorouracil (CMF)","age: 46","ecog: 0","inflammatory.brca: no","menopausal.status: pre","pcr: RD","total RNA","Formalin-fixed, paraffin-embedded (FFPE) core biopsies were prospectively collected prior to treatment. The yield and purity of RNA was determined using a NanoDrop 1000 Spectrophotometer (Thermo Scientific). RNA integrity was measured using a Bioanalyzer (Agilent Technologies) with either the RNA Nano or Pico Kit, depending on sample concentration. The RNA Integrity Number (RIN) and average length of the RNA were used for sample characterization. mRNA integrity was measured using a semiquantitative reverse transcription-polymerase chain reaction assay (rtPCR). This assay is based on quantitative amplification of 5'- and 3'-end sequences of the housekeeping gene β-actin. Calculating the ratio of 3' to 5' amplicons allows for assessment of mRNA integrity: intact RNA transcripts exhibit a ratio of 1, while degraded RNA increases the ratio.","biotin","A Transcriptor First Strand cDNA Synthesis Kit (Roche) was used to prepare cDNA from 100 ng of total RNA, using an anchored oligo(dT)-primer followed by a subsequent amplification step with the SYBR Green I Master on a LightCycler® 480 instrument (Roche Applied Science). Formalin-fixed paraffin-embedded tumor (FFPET)-derived RNA was amplified with the WT-Ovation™ FFPE System V2 (NuGEN). Biotin labeling of the cDNA was performed using the FL-Ovation cDNA Biotin Module V2 (NuGEN).","9606","Hybridization of labeled probes on the Affymetrix GeneChip Human Genome U133 Plus 2.0 Array were conducted using the GeneChip® Hybridization, Wash, and Stain Kit (Affymetrix).","For this workflow a GeneChip Fluidics Station 450 and a GeneChip Scanner 3000 7G were used","R (3.0.1) & Bioconductor (2.20.1)","GPL570","Anton,,Belousov","TTB Biostatistics","NCS-TTB","Roche","Nonnenwald 2","Penzberg","82377","Germany","ftp://ftp.ncbi.nlm.nih.gov/geo/samples/GSM1233nnn/GSM1233125/suppl/GSM1233125_CJL244_20081021.CEL.gz","54675","46","HER2- CT","32.21","8960","26","0","31.85","ER+","31.44","HER2-","no","3","8","2","70","2","pre","1","1","281","RD","70","31.63","PR+","5","Caucasian","16","20","neoadjuvant doxorubicin/paclitaxel (AT) followed by cyclophosphamide/methotrexate/fluorouracil (CMF)"
"GSM1233126","BreastCancer_S245","GSM1233126","Public on Jan 21 2014","Sep 17 2013","Jun 06 2022","RNA","1","breast cancer","Homo sapiens","centerid: 26","patid: 311","size_dissected_area: 4.4","percentage_tumor_cells: 30","cell_number_dissected: 800","inflammatory_cells [%]: 25","invasive_tumor_area_size1 [mm]: 10","invasive_tumor_area_size2 [mm]: 1","invasive_tumor_cells [%]: 25","invasive_tumor_grade: 3","necrotic_cells [%]: 0","normal_epithelial_cells [%]: 0","preneoplastic_tumor_cells [%]: 0","stroma_cells [%]: 50","bgus.ct: 31.71","er.ct: 32.98","her2.ct: 31.2","pr.ct: 39.83","race: Caucasian","er: ER+","pr: PR+","her2: HER2-","arm: HER2- CT","treatment: neoadjuvant doxorubicin/paclitaxel (AT) followed by cyclophosphamide/methotrexate/fluorouracil (CMF)","age: 64","ecog: 0","inflammatory.brca: no","menopausal.status: post","pcr: RD","total RNA","Formalin-fixed, paraffin-embedded (FFPE) core biopsies were prospectively collected prior to treatment. The yield and purity of RNA was determined using a NanoDrop 1000 Spectrophotometer (Thermo Scientific). RNA integrity was measured using a Bioanalyzer (Agilent Technologies) with either the RNA Nano or Pico Kit, depending on sample concentration. The RNA Integrity Number (RIN) and average length of the RNA were used for sample characterization. mRNA integrity was measured using a semiquantitative reverse transcription-polymerase chain reaction assay (rtPCR). This assay is based on quantitative amplification of 5'- and 3'-end sequences of the housekeeping gene β-actin. Calculating the ratio of 3' to 5' amplicons allows for assessment of mRNA integrity: intact RNA transcripts exhibit a ratio of 1, while degraded RNA increases the ratio.","biotin","A Transcriptor First Strand cDNA Synthesis Kit (Roche) was used to prepare cDNA from 100 ng of total RNA, using an anchored oligo(dT)-primer followed by a subsequent amplification step with the SYBR Green I Master on a LightCycler® 480 instrument (Roche Applied Science). Formalin-fixed paraffin-embedded tumor (FFPET)-derived RNA was amplified with the WT-Ovation™ FFPE System V2 (NuGEN). Biotin labeling of the cDNA was performed using the FL-Ovation cDNA Biotin Module V2 (NuGEN).","9606","Hybridization of labeled probes on the Affymetrix GeneChip Human Genome U133 Plus 2.0 Array were conducted using the GeneChip® Hybridization, Wash, and Stain Kit (Affymetrix).","For this workflow a GeneChip Fluidics Station 450 and a GeneChip Scanner 3000 7G were used","R (3.0.1) & Bioconductor (2.20.1)","GPL570","Anton,,Belousov","TTB Biostatistics","NCS-TTB","Roche","Nonnenwald 2","Penzberg","82377","Germany","ftp://ftp.ncbi.nlm.nih.gov/geo/samples/GSM1233nnn/GSM1233126/suppl/GSM1233126_CJL245_20081021.CEL.gz","54675","64","HER2- CT","31.71","800","26","0","32.98","ER+","31.2","HER2-","no","25","10","1","25","3","post","0","0","311","RD","30","39.83","PR+","0","Caucasian","4.4","50","neoadjuvant doxorubicin/paclitaxel (AT) followed by cyclophosphamide/methotrexate/fluorouracil (CMF)"
"GSM1233127","BreastCancer_S246","GSM1233127","Public on Jan 21 2014","Sep 17 2013","Jun 06 2022","RNA","1","breast cancer","Homo sapiens","centerid: 26","patid: 321","size_dissected_area: 9","percentage_tumor_cells: 75","cell_number_dissected: 4000","inflammatory_cells [%]: 10","invasive_tumor_area_size1 [mm]: 6","invasive_tumor_area_size2 [mm]: 1","invasive_tumor_cells [%]: 60","invasive_tumor_grade: 3","necrotic_cells [%]: 10","normal_epithelial_cells [%]: 0","preneoplastic_tumor_cells [%]: 0","stroma_cells [%]: 20","bgus.ct: 29.43","er.ct: 32.41","her2.ct: 29.49","pr.ct: 31.9","race: Caucasian","er: ER-","pr: PR-","her2: HER2-","arm: HER2- CT","treatment: neoadjuvant doxorubicin/paclitaxel (AT) followed by cyclophosphamide/methotrexate/fluorouracil (CMF)","age: 42","ecog: 0","inflammatory.brca: no","menopausal.status: pre","pcr: RD","total RNA","Formalin-fixed, paraffin-embedded (FFPE) core biopsies were prospectively collected prior to treatment. The yield and purity of RNA was determined using a NanoDrop 1000 Spectrophotometer (Thermo Scientific). RNA integrity was measured using a Bioanalyzer (Agilent Technologies) with either the RNA Nano or Pico Kit, depending on sample concentration. The RNA Integrity Number (RIN) and average length of the RNA were used for sample characterization. mRNA integrity was measured using a semiquantitative reverse transcription-polymerase chain reaction assay (rtPCR). This assay is based on quantitative amplification of 5'- and 3'-end sequences of the housekeeping gene β-actin. Calculating the ratio of 3' to 5' amplicons allows for assessment of mRNA integrity: intact RNA transcripts exhibit a ratio of 1, while degraded RNA increases the ratio.","biotin","A Transcriptor First Strand cDNA Synthesis Kit (Roche) was used to prepare cDNA from 100 ng of total RNA, using an anchored oligo(dT)-primer followed by a subsequent amplification step with the SYBR Green I Master on a LightCycler® 480 instrument (Roche Applied Science). Formalin-fixed paraffin-embedded tumor (FFPET)-derived RNA was amplified with the WT-Ovation™ FFPE System V2 (NuGEN). Biotin labeling of the cDNA was performed using the FL-Ovation cDNA Biotin Module V2 (NuGEN).","9606","Hybridization of labeled probes on the Affymetrix GeneChip Human Genome U133 Plus 2.0 Array were conducted using the GeneChip® Hybridization, Wash, and Stain Kit (Affymetrix).","For this workflow a GeneChip Fluidics Station 450 and a GeneChip Scanner 3000 7G were used","R (3.0.1) & Bioconductor (2.20.1)","GPL570","Anton,,Belousov","TTB Biostatistics","NCS-TTB","Roche","Nonnenwald 2","Penzberg","82377","Germany","ftp://ftp.ncbi.nlm.nih.gov/geo/samples/GSM1233nnn/GSM1233127/suppl/GSM1233127_CJL246_20081021.CEL.gz","54675","42","HER2- CT","29.43","4000","26","0","32.41","ER-","29.49","HER2-","no","10","6","1","60","3","pre","10","0","321","RD","75","31.9","PR-","0","Caucasian","9","20","neoadjuvant doxorubicin/paclitaxel (AT) followed by cyclophosphamide/methotrexate/fluorouracil (CMF)"
"GSM1233128","BreastCancer_S247","GSM1233128","Public on Jan 21 2014","Sep 17 2013","Jun 06 2022","RNA","1","breast cancer","Homo sapiens","centerid: 26","patid: 331","size_dissected_area: 8","percentage_tumor_cells: 55","cell_number_dissected: 2640","inflammatory_cells [%]: 5","invasive_tumor_area_size1 [mm]: 9","invasive_tumor_area_size2 [mm]: 2","invasive_tumor_cells [%]: 20","invasive_tumor_grade: 3","necrotic_cells [%]: 0","normal_epithelial_cells [%]: 15","preneoplastic_tumor_cells [%]: 0","stroma_cells [%]: 60","bgus.ct: 32.61","er.ct: 33.26","her2.ct: 33.88","pr.ct: 35.04","race: Caucasian","er: ER+","pr: PR+","her2: HER2-","arm: HER2- CT","treatment: neoadjuvant doxorubicin/paclitaxel (AT) followed by cyclophosphamide/methotrexate/fluorouracil (CMF)","age: 44","ecog: 0","inflammatory.brca: no","menopausal.status: pre","pcr: RD","total RNA","Formalin-fixed, paraffin-embedded (FFPE) core biopsies were prospectively collected prior to treatment. The yield and purity of RNA was determined using a NanoDrop 1000 Spectrophotometer (Thermo Scientific). RNA integrity was measured using a Bioanalyzer (Agilent Technologies) with either the RNA Nano or Pico Kit, depending on sample concentration. The RNA Integrity Number (RIN) and average length of the RNA were used for sample characterization. mRNA integrity was measured using a semiquantitative reverse transcription-polymerase chain reaction assay (rtPCR). This assay is based on quantitative amplification of 5'- and 3'-end sequences of the housekeeping gene β-actin. Calculating the ratio of 3' to 5' amplicons allows for assessment of mRNA integrity: intact RNA transcripts exhibit a ratio of 1, while degraded RNA increases the ratio.","biotin","A Transcriptor First Strand cDNA Synthesis Kit (Roche) was used to prepare cDNA from 100 ng of total RNA, using an anchored oligo(dT)-primer followed by a subsequent amplification step with the SYBR Green I Master on a LightCycler® 480 instrument (Roche Applied Science). Formalin-fixed paraffin-embedded tumor (FFPET)-derived RNA was amplified with the WT-Ovation™ FFPE System V2 (NuGEN). Biotin labeling of the cDNA was performed using the FL-Ovation cDNA Biotin Module V2 (NuGEN).","9606","Hybridization of labeled probes on the Affymetrix GeneChip Human Genome U133 Plus 2.0 Array were conducted using the GeneChip® Hybridization, Wash, and Stain Kit (Affymetrix).","For this workflow a GeneChip Fluidics Station 450 and a GeneChip Scanner 3000 7G were used","R (3.0.1) & Bioconductor (2.20.1)","GPL570","Anton,,Belousov","TTB Biostatistics","NCS-TTB","Roche","Nonnenwald 2","Penzberg","82377","Germany","ftp://ftp.ncbi.nlm.nih.gov/geo/samples/GSM1233nnn/GSM1233128/suppl/GSM1233128_CJL247_20081021.CEL.gz","54675","44","HER2- CT","32.61","2640","26","0","33.26","ER+","33.88","HER2-","no","5","9","2","20","3","pre","0","15","331","RD","55","35.04","PR+","0","Caucasian","8","60","neoadjuvant doxorubicin/paclitaxel (AT) followed by cyclophosphamide/methotrexate/fluorouracil (CMF)"
"GSM1233129","BreastCancer_S248","GSM1233129","Public on Jan 21 2014","Sep 17 2013","Jun 06 2022","RNA","1","breast cancer","Homo sapiens","centerid: 26","patid: 381","size_dissected_area: 7","percentage_tumor_cells: 75","cell_number_dissected: 3150","inflammatory_cells [%]: 5","invasive_tumor_area_size1 [mm]: 9","invasive_tumor_area_size2 [mm]: 1","invasive_tumor_cells [%]: 60","invasive_tumor_grade: 2","necrotic_cells [%]: 5","normal_epithelial_cells [%]: 3","preneoplastic_tumor_cells [%]: 0","stroma_cells [%]: 27","bgus.ct: 30.09","er.ct: 30.84","her2.ct: 25.86","pr.ct: 43.09","race: Caucasian","er: ER+","pr: PR-","her2: HER2-","arm: HER2- CT","treatment: neoadjuvant doxorubicin/paclitaxel (AT) followed by cyclophosphamide/methotrexate/fluorouracil (CMF)","age: 55","ecog: 0","inflammatory.brca: yes","menopausal.status: post","pcr: pCR","total RNA","Formalin-fixed, paraffin-embedded (FFPE) core biopsies were prospectively collected prior to treatment. The yield and purity of RNA was determined using a NanoDrop 1000 Spectrophotometer (Thermo Scientific). RNA integrity was measured using a Bioanalyzer (Agilent Technologies) with either the RNA Nano or Pico Kit, depending on sample concentration. The RNA Integrity Number (RIN) and average length of the RNA were used for sample characterization. mRNA integrity was measured using a semiquantitative reverse transcription-polymerase chain reaction assay (rtPCR). This assay is based on quantitative amplification of 5'- and 3'-end sequences of the housekeeping gene β-actin. Calculating the ratio of 3' to 5' amplicons allows for assessment of mRNA integrity: intact RNA transcripts exhibit a ratio of 1, while degraded RNA increases the ratio.","biotin","A Transcriptor First Strand cDNA Synthesis Kit (Roche) was used to prepare cDNA from 100 ng of total RNA, using an anchored oligo(dT)-primer followed by a subsequent amplification step with the SYBR Green I Master on a LightCycler® 480 instrument (Roche Applied Science). Formalin-fixed paraffin-embedded tumor (FFPET)-derived RNA was amplified with the WT-Ovation™ FFPE System V2 (NuGEN). Biotin labeling of the cDNA was performed using the FL-Ovation cDNA Biotin Module V2 (NuGEN).","9606","Hybridization of labeled probes on the Affymetrix GeneChip Human Genome U133 Plus 2.0 Array were conducted using the GeneChip® Hybridization, Wash, and Stain Kit (Affymetrix).","For this workflow a GeneChip Fluidics Station 450 and a GeneChip Scanner 3000 7G were used","R (3.0.1) & Bioconductor (2.20.1)","GPL570","Anton,,Belousov","TTB Biostatistics","NCS-TTB","Roche","Nonnenwald 2","Penzberg","82377","Germany","ftp://ftp.ncbi.nlm.nih.gov/geo/samples/GSM1233nnn/GSM1233129/suppl/GSM1233129_CJL248_20081021.CEL.gz","54675","55","HER2- CT","30.09","3150","26","0","30.84","ER+","25.86","HER2-","yes","5","9","1","60","2","post","5","3","381","pCR","75","43.09","PR-","0","Caucasian","7","27","neoadjuvant doxorubicin/paclitaxel (AT) followed by cyclophosphamide/methotrexate/fluorouracil (CMF)"
"GSM1233130","BreastCancer_S250","GSM1233130","Public on Jan 21 2014","Sep 17 2013","Jun 06 2022","RNA","1","breast cancer","Homo sapiens","centerid: 26","patid: 431","size_dissected_area: 3.6","percentage_tumor_cells: 60","cell_number_dissected: 1300","inflammatory_cells [%]: 10","invasive_tumor_area_size1 [mm]: 10","invasive_tumor_area_size2 [mm]: 1","invasive_tumor_cells [%]: 40","invasive_tumor_grade: 2","necrotic_cells [%]: 0","normal_epithelial_cells [%]: 0","preneoplastic_tumor_cells [%]: 0","stroma_cells [%]: 40","bgus.ct: 30.44","er.ct: 29.76","her2.ct: 29.17","pr.ct: 30.33","race: Caucasian","er: ER+","pr: PR+","her2: HER2-","arm: HER2- CT","treatment: neoadjuvant doxorubicin/paclitaxel (AT) followed by cyclophosphamide/methotrexate/fluorouracil (CMF)","age: 47","ecog: 0","inflammatory.brca: no","menopausal.status: pre","pcr: RD","total RNA","Formalin-fixed, paraffin-embedded (FFPE) core biopsies were prospectively collected prior to treatment. The yield and purity of RNA was determined using a NanoDrop 1000 Spectrophotometer (Thermo Scientific). RNA integrity was measured using a Bioanalyzer (Agilent Technologies) with either the RNA Nano or Pico Kit, depending on sample concentration. The RNA Integrity Number (RIN) and average length of the RNA were used for sample characterization. mRNA integrity was measured using a semiquantitative reverse transcription-polymerase chain reaction assay (rtPCR). This assay is based on quantitative amplification of 5'- and 3'-end sequences of the housekeeping gene β-actin. Calculating the ratio of 3' to 5' amplicons allows for assessment of mRNA integrity: intact RNA transcripts exhibit a ratio of 1, while degraded RNA increases the ratio.","biotin","A Transcriptor First Strand cDNA Synthesis Kit (Roche) was used to prepare cDNA from 100 ng of total RNA, using an anchored oligo(dT)-primer followed by a subsequent amplification step with the SYBR Green I Master on a LightCycler® 480 instrument (Roche Applied Science). Formalin-fixed paraffin-embedded tumor (FFPET)-derived RNA was amplified with the WT-Ovation™ FFPE System V2 (NuGEN). Biotin labeling of the cDNA was performed using the FL-Ovation cDNA Biotin Module V2 (NuGEN).","9606","Hybridization of labeled probes on the Affymetrix GeneChip Human Genome U133 Plus 2.0 Array were conducted using the GeneChip® Hybridization, Wash, and Stain Kit (Affymetrix).","For this workflow a GeneChip Fluidics Station 450 and a GeneChip Scanner 3000 7G were used","R (3.0.1) & Bioconductor (2.20.1)","GPL570","Anton,,Belousov","TTB Biostatistics","NCS-TTB","Roche","Nonnenwald 2","Penzberg","82377","Germany","ftp://ftp.ncbi.nlm.nih.gov/geo/samples/GSM1233nnn/GSM1233130/suppl/GSM1233130_CJL250_20081021.CEL.gz","54675","47","HER2- CT","30.44","1300","26","0","29.76","ER+","29.17","HER2-","no","10","10","1","40","2","pre","0","0","431","RD","60","30.33","PR+","0","Caucasian","3.6","40","neoadjuvant doxorubicin/paclitaxel (AT) followed by cyclophosphamide/methotrexate/fluorouracil (CMF)"
"GSM1233131","BreastCancer_S251","GSM1233131","Public on Jan 21 2014","Sep 17 2013","Jun 06 2022","RNA","1","breast cancer","Homo sapiens","centerid: 26","patid: 451","size_dissected_area: 5","percentage_tumor_cells: 60","cell_number_dissected: 1800","inflammatory_cells [%]: 20","invasive_tumor_area_size1 [mm]: 7","invasive_tumor_area_size2 [mm]: 1","invasive_tumor_cells [%]: 40","invasive_tumor_grade: 3","necrotic_cells [%]: 0","normal_epithelial_cells [%]: 0","preneoplastic_tumor_cells [%]: 0","stroma_cells [%]: 40","bgus.ct: 31.56","er.ct: 32.33","her2.ct: 26.84","pr.ct: 46.06","race: Caucasian","er: ER-","pr: PR-","her2: HER2-","arm: HER2- CT","treatment: neoadjuvant doxorubicin/paclitaxel (AT) followed by cyclophosphamide/methotrexate/fluorouracil (CMF)","age: 57","ecog: 0","inflammatory.brca: no","menopausal.status: post","pcr: RD","total RNA","Formalin-fixed, paraffin-embedded (FFPE) core biopsies were prospectively collected prior to treatment. The yield and purity of RNA was determined using a NanoDrop 1000 Spectrophotometer (Thermo Scientific). RNA integrity was measured using a Bioanalyzer (Agilent Technologies) with either the RNA Nano or Pico Kit, depending on sample concentration. The RNA Integrity Number (RIN) and average length of the RNA were used for sample characterization. mRNA integrity was measured using a semiquantitative reverse transcription-polymerase chain reaction assay (rtPCR). This assay is based on quantitative amplification of 5'- and 3'-end sequences of the housekeeping gene β-actin. Calculating the ratio of 3' to 5' amplicons allows for assessment of mRNA integrity: intact RNA transcripts exhibit a ratio of 1, while degraded RNA increases the ratio.","biotin","A Transcriptor First Strand cDNA Synthesis Kit (Roche) was used to prepare cDNA from 100 ng of total RNA, using an anchored oligo(dT)-primer followed by a subsequent amplification step with the SYBR Green I Master on a LightCycler® 480 instrument (Roche Applied Science). Formalin-fixed paraffin-embedded tumor (FFPET)-derived RNA was amplified with the WT-Ovation™ FFPE System V2 (NuGEN). Biotin labeling of the cDNA was performed using the FL-Ovation cDNA Biotin Module V2 (NuGEN).","9606","Hybridization of labeled probes on the Affymetrix GeneChip Human Genome U133 Plus 2.0 Array were conducted using the GeneChip® Hybridization, Wash, and Stain Kit (Affymetrix).","For this workflow a GeneChip Fluidics Station 450 and a GeneChip Scanner 3000 7G were used","R (3.0.1) & Bioconductor (2.20.1)","GPL570","Anton,,Belousov","TTB Biostatistics","NCS-TTB","Roche","Nonnenwald 2","Penzberg","82377","Germany","ftp://ftp.ncbi.nlm.nih.gov/geo/samples/GSM1233nnn/GSM1233131/suppl/GSM1233131_CJL251_20081021.CEL.gz","54675","57","HER2- CT","31.56","1800","26","0","32.33","ER-","26.84","HER2-","no","20","7","1","40","3","post","0","0","451","RD","60","46.06","PR-","0","Caucasian","5","40","neoadjuvant doxorubicin/paclitaxel (AT) followed by cyclophosphamide/methotrexate/fluorouracil (CMF)"
"GSM1233132","BreastCancer_S252","GSM1233132","Public on Jan 21 2014","Sep 17 2013","Jun 06 2022","RNA","1","breast cancer","Homo sapiens","centerid: 26","patid: 481","size_dissected_area: 3","percentage_tumor_cells: 80","cell_number_dissected: 1440","inflammatory_cells [%]: 10","invasive_tumor_area_size1 [mm]: 4","invasive_tumor_area_size2 [mm]: 1","invasive_tumor_cells [%]: 30","invasive_tumor_grade: 3","necrotic_cells [%]: 0","normal_epithelial_cells [%]: 0","preneoplastic_tumor_cells [%]: 0","stroma_cells [%]: 60","bgus.ct: 32.57","er.ct: 33.45","her2.ct: 32.27","pr.ct: 34.49","race: Caucasian","er: ER-","pr: PR+","her2: HER2-","arm: HER2- CT","treatment: neoadjuvant doxorubicin/paclitaxel (AT) followed by cyclophosphamide/methotrexate/fluorouracil (CMF)","age: 52","ecog: 0","inflammatory.brca: no","menopausal.status: post","pcr: pCR","total RNA","Formalin-fixed, paraffin-embedded (FFPE) core biopsies were prospectively collected prior to treatment. The yield and purity of RNA was determined using a NanoDrop 1000 Spectrophotometer (Thermo Scientific). RNA integrity was measured using a Bioanalyzer (Agilent Technologies) with either the RNA Nano or Pico Kit, depending on sample concentration. The RNA Integrity Number (RIN) and average length of the RNA were used for sample characterization. mRNA integrity was measured using a semiquantitative reverse transcription-polymerase chain reaction assay (rtPCR). This assay is based on quantitative amplification of 5'- and 3'-end sequences of the housekeeping gene β-actin. Calculating the ratio of 3' to 5' amplicons allows for assessment of mRNA integrity: intact RNA transcripts exhibit a ratio of 1, while degraded RNA increases the ratio.","biotin","A Transcriptor First Strand cDNA Synthesis Kit (Roche) was used to prepare cDNA from 100 ng of total RNA, using an anchored oligo(dT)-primer followed by a subsequent amplification step with the SYBR Green I Master on a LightCycler® 480 instrument (Roche Applied Science). Formalin-fixed paraffin-embedded tumor (FFPET)-derived RNA was amplified with the WT-Ovation™ FFPE System V2 (NuGEN). Biotin labeling of the cDNA was performed using the FL-Ovation cDNA Biotin Module V2 (NuGEN).","9606","Hybridization of labeled probes on the Affymetrix GeneChip Human Genome U133 Plus 2.0 Array were conducted using the GeneChip® Hybridization, Wash, and Stain Kit (Affymetrix).","For this workflow a GeneChip Fluidics Station 450 and a GeneChip Scanner 3000 7G were used","R (3.0.1) & Bioconductor (2.20.1)","GPL570","Anton,,Belousov","TTB Biostatistics","NCS-TTB","Roche","Nonnenwald 2","Penzberg","82377","Germany","ftp://ftp.ncbi.nlm.nih.gov/geo/samples/GSM1233nnn/GSM1233132/suppl/GSM1233132_CJL252_20081021.CEL.gz","54675","52","HER2- CT","32.57","1440","26","0","33.45","ER-","32.27","HER2-","no","10","4","1","30","3","post","0","0","481","pCR","80","34.49","PR+","0","Caucasian","3","60","neoadjuvant doxorubicin/paclitaxel (AT) followed by cyclophosphamide/methotrexate/fluorouracil (CMF)"
"GSM1233133","BreastCancer_S253","GSM1233133","Public on Jan 21 2014","Sep 17 2013","Jun 06 2022","RNA","1","breast cancer","Homo sapiens","centerid: 26","patid: 501","size_dissected_area: 5","percentage_tumor_cells: 90","cell_number_dissected: 2700","inflammatory_cells [%]: 3","invasive_tumor_area_size1 [mm]: 4","invasive_tumor_area_size2 [mm]: 3","invasive_tumor_cells [%]: 60","invasive_tumor_grade: 2","necrotic_cells [%]: 0","normal_epithelial_cells [%]: 0","preneoplastic_tumor_cells [%]: 0","stroma_cells [%]: 37","bgus.ct: 32.03","er.ct: 31.12","her2.ct: 31.05","pr.ct: 32.11","race: Caucasian","er: ER+","pr: PR+","her2: HER2-","arm: HER2- CT","treatment: neoadjuvant doxorubicin/paclitaxel (AT) followed by cyclophosphamide/methotrexate/fluorouracil (CMF)","age: 42","ecog: 0","inflammatory.brca: no","menopausal.status: pre","pcr: RD","total RNA","Formalin-fixed, paraffin-embedded (FFPE) core biopsies were prospectively collected prior to treatment. The yield and purity of RNA was determined using a NanoDrop 1000 Spectrophotometer (Thermo Scientific). RNA integrity was measured using a Bioanalyzer (Agilent Technologies) with either the RNA Nano or Pico Kit, depending on sample concentration. The RNA Integrity Number (RIN) and average length of the RNA were used for sample characterization. mRNA integrity was measured using a semiquantitative reverse transcription-polymerase chain reaction assay (rtPCR). This assay is based on quantitative amplification of 5'- and 3'-end sequences of the housekeeping gene β-actin. Calculating the ratio of 3' to 5' amplicons allows for assessment of mRNA integrity: intact RNA transcripts exhibit a ratio of 1, while degraded RNA increases the ratio.","biotin","A Transcriptor First Strand cDNA Synthesis Kit (Roche) was used to prepare cDNA from 100 ng of total RNA, using an anchored oligo(dT)-primer followed by a subsequent amplification step with the SYBR Green I Master on a LightCycler® 480 instrument (Roche Applied Science). Formalin-fixed paraffin-embedded tumor (FFPET)-derived RNA was amplified with the WT-Ovation™ FFPE System V2 (NuGEN). Biotin labeling of the cDNA was performed using the FL-Ovation cDNA Biotin Module V2 (NuGEN).","9606","Hybridization of labeled probes on the Affymetrix GeneChip Human Genome U133 Plus 2.0 Array were conducted using the GeneChip® Hybridization, Wash, and Stain Kit (Affymetrix).","For this workflow a GeneChip Fluidics Station 450 and a GeneChip Scanner 3000 7G were used","R (3.0.1) & Bioconductor (2.20.1)","GPL570","Anton,,Belousov","TTB Biostatistics","NCS-TTB","Roche","Nonnenwald 2","Penzberg","82377","Germany","ftp://ftp.ncbi.nlm.nih.gov/geo/samples/GSM1233nnn/GSM1233133/suppl/GSM1233133_CJL253_20081021.CEL.gz","54675","42","HER2- CT","32.03","2700","26","0","31.12","ER+","31.05","HER2-","no","3","4","3","60","2","pre","0","0","501","RD","90","32.11","PR+","0","Caucasian","5","37","neoadjuvant doxorubicin/paclitaxel (AT) followed by cyclophosphamide/methotrexate/fluorouracil (CMF)"
"GSM1233134","BreastCancer_S254","GSM1233134","Public on Jan 21 2014","Sep 17 2013","Jun 06 2022","RNA","1","breast cancer","Homo sapiens","centerid: 26","patid: 521","size_dissected_area: 5","percentage_tumor_cells: 90","cell_number_dissected: 2700","inflammatory_cells [%]: 3","invasive_tumor_area_size1 [mm]: 5","invasive_tumor_area_size2 [mm]: 1","invasive_tumor_cells [%]: 80","invasive_tumor_grade: 3","necrotic_cells [%]: 5","normal_epithelial_cells [%]: 0","preneoplastic_tumor_cells [%]: 0","stroma_cells [%]: 12","bgus.ct: 29.55","er.ct: 27.94","her2.ct: 28.41","pr.ct: 27.94","race: Caucasian","er: ER+","pr: PR+","her2: HER2-","arm: HER2- CT","treatment: neoadjuvant doxorubicin/paclitaxel (AT) followed by cyclophosphamide/methotrexate/fluorouracil (CMF)","age: 64","ecog: 0","inflammatory.brca: no","menopausal.status: post","pcr: RD","total RNA","Formalin-fixed, paraffin-embedded (FFPE) core biopsies were prospectively collected prior to treatment. The yield and purity of RNA was determined using a NanoDrop 1000 Spectrophotometer (Thermo Scientific). RNA integrity was measured using a Bioanalyzer (Agilent Technologies) with either the RNA Nano or Pico Kit, depending on sample concentration. The RNA Integrity Number (RIN) and average length of the RNA were used for sample characterization. mRNA integrity was measured using a semiquantitative reverse transcription-polymerase chain reaction assay (rtPCR). This assay is based on quantitative amplification of 5'- and 3'-end sequences of the housekeeping gene β-actin. Calculating the ratio of 3' to 5' amplicons allows for assessment of mRNA integrity: intact RNA transcripts exhibit a ratio of 1, while degraded RNA increases the ratio.","biotin","A Transcriptor First Strand cDNA Synthesis Kit (Roche) was used to prepare cDNA from 100 ng of total RNA, using an anchored oligo(dT)-primer followed by a subsequent amplification step with the SYBR Green I Master on a LightCycler® 480 instrument (Roche Applied Science). Formalin-fixed paraffin-embedded tumor (FFPET)-derived RNA was amplified with the WT-Ovation™ FFPE System V2 (NuGEN). Biotin labeling of the cDNA was performed using the FL-Ovation cDNA Biotin Module V2 (NuGEN).","9606","Hybridization of labeled probes on the Affymetrix GeneChip Human Genome U133 Plus 2.0 Array were conducted using the GeneChip® Hybridization, Wash, and Stain Kit (Affymetrix).","For this workflow a GeneChip Fluidics Station 450 and a GeneChip Scanner 3000 7G were used","R (3.0.1) & Bioconductor (2.20.1)","GPL570","Anton,,Belousov","TTB Biostatistics","NCS-TTB","Roche","Nonnenwald 2","Penzberg","82377","Germany","ftp://ftp.ncbi.nlm.nih.gov/geo/samples/GSM1233nnn/GSM1233134/suppl/GSM1233134_CJL254_20081021.CEL.gz","54675","64","HER2- CT","29.55","2700","26","0","27.94","ER+","28.41","HER2-","no","3","5","1","80","3","post","5","0","521","RD","90","27.94","PR+","0","Caucasian","5","12","neoadjuvant doxorubicin/paclitaxel (AT) followed by cyclophosphamide/methotrexate/fluorouracil (CMF)"
"GSM1233135","BreastCancer_S256","GSM1233135","Public on Jan 21 2014","Sep 17 2013","Jun 06 2022","RNA","1","breast cancer","Homo sapiens","centerid: 26","patid: 591","size_dissected_area: 7","percentage_tumor_cells: 60","cell_number_dissected: 2500","inflammatory_cells [%]: 10","invasive_tumor_area_size1 [mm]: 10","invasive_tumor_area_size2 [mm]: 1","invasive_tumor_cells [%]: 30","invasive_tumor_grade: 2","necrotic_cells [%]: 0","normal_epithelial_cells [%]: 0","preneoplastic_tumor_cells [%]: 0","stroma_cells [%]: 60","bgus.ct: 29.77","er.ct: 28.83","her2.ct: 28.67","pr.ct: 29.19","race: Caucasian","er: ER-","pr: PR-","her2: HER2-","arm: HER2- CT","treatment: neoadjuvant doxorubicin/paclitaxel (AT) followed by cyclophosphamide/methotrexate/fluorouracil (CMF)","age: 66","ecog: 0","inflammatory.brca: no","menopausal.status: post","pcr: RD","total RNA","Formalin-fixed, paraffin-embedded (FFPE) core biopsies were prospectively collected prior to treatment. The yield and purity of RNA was determined using a NanoDrop 1000 Spectrophotometer (Thermo Scientific). RNA integrity was measured using a Bioanalyzer (Agilent Technologies) with either the RNA Nano or Pico Kit, depending on sample concentration. The RNA Integrity Number (RIN) and average length of the RNA were used for sample characterization. mRNA integrity was measured using a semiquantitative reverse transcription-polymerase chain reaction assay (rtPCR). This assay is based on quantitative amplification of 5'- and 3'-end sequences of the housekeeping gene β-actin. Calculating the ratio of 3' to 5' amplicons allows for assessment of mRNA integrity: intact RNA transcripts exhibit a ratio of 1, while degraded RNA increases the ratio.","biotin","A Transcriptor First Strand cDNA Synthesis Kit (Roche) was used to prepare cDNA from 100 ng of total RNA, using an anchored oligo(dT)-primer followed by a subsequent amplification step with the SYBR Green I Master on a LightCycler® 480 instrument (Roche Applied Science). Formalin-fixed paraffin-embedded tumor (FFPET)-derived RNA was amplified with the WT-Ovation™ FFPE System V2 (NuGEN). Biotin labeling of the cDNA was performed using the FL-Ovation cDNA Biotin Module V2 (NuGEN).","9606","Hybridization of labeled probes on the Affymetrix GeneChip Human Genome U133 Plus 2.0 Array were conducted using the GeneChip® Hybridization, Wash, and Stain Kit (Affymetrix).","For this workflow a GeneChip Fluidics Station 450 and a GeneChip Scanner 3000 7G were used","R (3.0.1) & Bioconductor (2.20.1)","GPL570","Anton,,Belousov","TTB Biostatistics","NCS-TTB","Roche","Nonnenwald 2","Penzberg","82377","Germany","ftp://ftp.ncbi.nlm.nih.gov/geo/samples/GSM1233nnn/GSM1233135/suppl/GSM1233135_CJL256_20081021.CEL.gz","54675","66","HER2- CT","29.77","2500","26","0","28.83","ER-","28.67","HER2-","no","10","10","1","30","2","post","0","0","591","RD","60","29.19","PR-","0","Caucasian","7","60","neoadjuvant doxorubicin/paclitaxel (AT) followed by cyclophosphamide/methotrexate/fluorouracil (CMF)"
"GSM1233136","BreastCancer_S257","GSM1233136","Public on Jan 21 2014","Sep 17 2013","Jun 06 2022","RNA","1","breast cancer","Homo sapiens","centerid: 26","patid: 621","size_dissected_area: 5","percentage_tumor_cells: 70","cell_number_dissected: 2100","inflammatory_cells [%]: 15","invasive_tumor_area_size1 [mm]: 8","invasive_tumor_area_size2 [mm]: 1","invasive_tumor_cells [%]: 30","invasive_tumor_grade: 2","necrotic_cells [%]: 0","normal_epithelial_cells [%]: 5","preneoplastic_tumor_cells [%]: 0","stroma_cells [%]: 50","bgus.ct: 30.83","er.ct: 30.45","her2.ct: 29.5","pr.ct: 30.73","race: Caucasian","er: ER-","pr: PR-","her2: HER2-","arm: HER2- CT","treatment: neoadjuvant doxorubicin/paclitaxel (AT) followed by cyclophosphamide/methotrexate/fluorouracil (CMF)","age: 56","ecog: 0","inflammatory.brca: no","menopausal.status: post","pcr: RD","total RNA","Formalin-fixed, paraffin-embedded (FFPE) core biopsies were prospectively collected prior to treatment. The yield and purity of RNA was determined using a NanoDrop 1000 Spectrophotometer (Thermo Scientific). RNA integrity was measured using a Bioanalyzer (Agilent Technologies) with either the RNA Nano or Pico Kit, depending on sample concentration. The RNA Integrity Number (RIN) and average length of the RNA were used for sample characterization. mRNA integrity was measured using a semiquantitative reverse transcription-polymerase chain reaction assay (rtPCR). This assay is based on quantitative amplification of 5'- and 3'-end sequences of the housekeeping gene β-actin. Calculating the ratio of 3' to 5' amplicons allows for assessment of mRNA integrity: intact RNA transcripts exhibit a ratio of 1, while degraded RNA increases the ratio.","biotin","A Transcriptor First Strand cDNA Synthesis Kit (Roche) was used to prepare cDNA from 100 ng of total RNA, using an anchored oligo(dT)-primer followed by a subsequent amplification step with the SYBR Green I Master on a LightCycler® 480 instrument (Roche Applied Science). Formalin-fixed paraffin-embedded tumor (FFPET)-derived RNA was amplified with the WT-Ovation™ FFPE System V2 (NuGEN). Biotin labeling of the cDNA was performed using the FL-Ovation cDNA Biotin Module V2 (NuGEN).","9606","Hybridization of labeled probes on the Affymetrix GeneChip Human Genome U133 Plus 2.0 Array were conducted using the GeneChip® Hybridization, Wash, and Stain Kit (Affymetrix).","For this workflow a GeneChip Fluidics Station 450 and a GeneChip Scanner 3000 7G were used","R (3.0.1) & Bioconductor (2.20.1)","GPL570","Anton,,Belousov","TTB Biostatistics","NCS-TTB","Roche","Nonnenwald 2","Penzberg","82377","Germany","ftp://ftp.ncbi.nlm.nih.gov/geo/samples/GSM1233nnn/GSM1233136/suppl/GSM1233136_CJL257_20081021.CEL.gz","54675","56","HER2- CT","30.83","2100","26","0","30.45","ER-","29.5","HER2-","no","15","8","1","30","2","post","0","5","621","RD","70","30.73","PR-","0","Caucasian","5","50","neoadjuvant doxorubicin/paclitaxel (AT) followed by cyclophosphamide/methotrexate/fluorouracil (CMF)"
"GSM1233137","BreastCancer_S258","GSM1233137","Public on Jan 21 2014","Sep 17 2013","Jun 06 2022","RNA","1","breast cancer","Homo sapiens","centerid: 26","patid: 651","size_dissected_area: 15","percentage_tumor_cells: 80","cell_number_dissected: 9600","inflammatory_cells [%]: 2","invasive_tumor_area_size1 [mm]: 15","invasive_tumor_area_size2 [mm]: 1","invasive_tumor_cells [%]: 80","invasive_tumor_grade: 2","necrotic_cells [%]: 0","normal_epithelial_cells [%]: 8","preneoplastic_tumor_cells [%]: 0","stroma_cells [%]: 10","bgus.ct: 28.81","er.ct: 26.12","her2.ct: 26.75","pr.ct: 28.59","race: Caucasian","er: ER+","pr: PR+","her2: HER2-","arm: HER2- CT","treatment: neoadjuvant doxorubicin/paclitaxel (AT) followed by cyclophosphamide/methotrexate/fluorouracil (CMF)","age: 60","ecog: 1","inflammatory.brca: no","menopausal.status: post","pcr: RD","total RNA","Formalin-fixed, paraffin-embedded (FFPE) core biopsies were prospectively collected prior to treatment. The yield and purity of RNA was determined using a NanoDrop 1000 Spectrophotometer (Thermo Scientific). RNA integrity was measured using a Bioanalyzer (Agilent Technologies) with either the RNA Nano or Pico Kit, depending on sample concentration. The RNA Integrity Number (RIN) and average length of the RNA were used for sample characterization. mRNA integrity was measured using a semiquantitative reverse transcription-polymerase chain reaction assay (rtPCR). This assay is based on quantitative amplification of 5'- and 3'-end sequences of the housekeeping gene β-actin. Calculating the ratio of 3' to 5' amplicons allows for assessment of mRNA integrity: intact RNA transcripts exhibit a ratio of 1, while degraded RNA increases the ratio.","biotin","A Transcriptor First Strand cDNA Synthesis Kit (Roche) was used to prepare cDNA from 100 ng of total RNA, using an anchored oligo(dT)-primer followed by a subsequent amplification step with the SYBR Green I Master on a LightCycler® 480 instrument (Roche Applied Science). Formalin-fixed paraffin-embedded tumor (FFPET)-derived RNA was amplified with the WT-Ovation™ FFPE System V2 (NuGEN). Biotin labeling of the cDNA was performed using the FL-Ovation cDNA Biotin Module V2 (NuGEN).","9606","Hybridization of labeled probes on the Affymetrix GeneChip Human Genome U133 Plus 2.0 Array were conducted using the GeneChip® Hybridization, Wash, and Stain Kit (Affymetrix).","For this workflow a GeneChip Fluidics Station 450 and a GeneChip Scanner 3000 7G were used","R (3.0.1) & Bioconductor (2.20.1)","GPL570","Anton,,Belousov","TTB Biostatistics","NCS-TTB","Roche","Nonnenwald 2","Penzberg","82377","Germany","ftp://ftp.ncbi.nlm.nih.gov/geo/samples/GSM1233nnn/GSM1233137/suppl/GSM1233137_CJL258_20090114.CEL.gz","54675","60","HER2- CT","28.81","9600","26","1","26.12","ER+","26.75","HER2-","no","2","15","1","80","2","post","0","8","651","RD","80","28.59","PR+","0","Caucasian","15","10","neoadjuvant doxorubicin/paclitaxel (AT) followed by cyclophosphamide/methotrexate/fluorouracil (CMF)"
"GSM1233138","BreastCancer_S259","GSM1233138","Public on Jan 21 2014","Sep 17 2013","Jun 06 2022","RNA","1","breast cancer","Homo sapiens","centerid: 26","patid: 681","size_dissected_area: 18","percentage_tumor_cells: 60","cell_number_dissected: 6500","inflammatory_cells [%]: 10","invasive_tumor_area_size1 [mm]: 9","invasive_tumor_area_size2 [mm]: 3","invasive_tumor_cells [%]: 60","invasive_tumor_grade: 3","necrotic_cells [%]: 0","normal_epithelial_cells [%]: 10","preneoplastic_tumor_cells [%]: 0","stroma_cells [%]: 20","bgus.ct: 30.01","er.ct: 32.15","her2.ct: 29.36","pr.ct: 32.83","race: Caucasian","er: ER-","pr: PR-","her2: HER2-","arm: HER2- CT","treatment: neoadjuvant doxorubicin/paclitaxel (AT) followed by cyclophosphamide/methotrexate/fluorouracil (CMF)","age: 56","ecog: 0","inflammatory.brca: yes","menopausal.status: post","pcr: RD","total RNA","Formalin-fixed, paraffin-embedded (FFPE) core biopsies were prospectively collected prior to treatment. The yield and purity of RNA was determined using a NanoDrop 1000 Spectrophotometer (Thermo Scientific). RNA integrity was measured using a Bioanalyzer (Agilent Technologies) with either the RNA Nano or Pico Kit, depending on sample concentration. The RNA Integrity Number (RIN) and average length of the RNA were used for sample characterization. mRNA integrity was measured using a semiquantitative reverse transcription-polymerase chain reaction assay (rtPCR). This assay is based on quantitative amplification of 5'- and 3'-end sequences of the housekeeping gene β-actin. Calculating the ratio of 3' to 5' amplicons allows for assessment of mRNA integrity: intact RNA transcripts exhibit a ratio of 1, while degraded RNA increases the ratio.","biotin","A Transcriptor First Strand cDNA Synthesis Kit (Roche) was used to prepare cDNA from 100 ng of total RNA, using an anchored oligo(dT)-primer followed by a subsequent amplification step with the SYBR Green I Master on a LightCycler® 480 instrument (Roche Applied Science). Formalin-fixed paraffin-embedded tumor (FFPET)-derived RNA was amplified with the WT-Ovation™ FFPE System V2 (NuGEN). Biotin labeling of the cDNA was performed using the FL-Ovation cDNA Biotin Module V2 (NuGEN).","9606","Hybridization of labeled probes on the Affymetrix GeneChip Human Genome U133 Plus 2.0 Array were conducted using the GeneChip® Hybridization, Wash, and Stain Kit (Affymetrix).","For this workflow a GeneChip Fluidics Station 450 and a GeneChip Scanner 3000 7G were used","R (3.0.1) & Bioconductor (2.20.1)","GPL570","Anton,,Belousov","TTB Biostatistics","NCS-TTB","Roche","Nonnenwald 2","Penzberg","82377","Germany","ftp://ftp.ncbi.nlm.nih.gov/geo/samples/GSM1233nnn/GSM1233138/suppl/GSM1233138_CJL259_20081021.CEL.gz","54675","56","HER2- CT","30.01","6500","26","0","32.15","ER-","29.36","HER2-","yes","10","9","3","60","3","post","0","10","681","RD","60","32.83","PR-","0","Caucasian","18","20","neoadjuvant doxorubicin/paclitaxel (AT) followed by cyclophosphamide/methotrexate/fluorouracil (CMF)"
"GSM1233139","BreastCancer_S260","GSM1233139","Public on Jan 21 2014","Sep 17 2013","Jun 06 2022","RNA","1","breast cancer","Homo sapiens","centerid: 26","patid: 691","size_dissected_area: 12","percentage_tumor_cells: 80","cell_number_dissected: 7500","inflammatory_cells [%]: 10","invasive_tumor_area_size1 [mm]: 14","invasive_tumor_area_size2 [mm]: 1","invasive_tumor_cells [%]: 60","invasive_tumor_grade: 3","necrotic_cells [%]: 20","normal_epithelial_cells [%]: 10","preneoplastic_tumor_cells [%]: 0","stroma_cells [%]: 0","bgus.ct: 30.35","er.ct: 32.91","her2.ct: 25.89","pr.ct: 42.7","race: Caucasian","er: ER-","pr: PR-","her2: HER2-","arm: HER2- CT","treatment: neoadjuvant doxorubicin/paclitaxel (AT) followed by cyclophosphamide/methotrexate/fluorouracil (CMF)","age: 55","ecog: 0","inflammatory.brca: yes","menopausal.status: post","pcr: pCR","total RNA","Formalin-fixed, paraffin-embedded (FFPE) core biopsies were prospectively collected prior to treatment. The yield and purity of RNA was determined using a NanoDrop 1000 Spectrophotometer (Thermo Scientific). RNA integrity was measured using a Bioanalyzer (Agilent Technologies) with either the RNA Nano or Pico Kit, depending on sample concentration. The RNA Integrity Number (RIN) and average length of the RNA were used for sample characterization. mRNA integrity was measured using a semiquantitative reverse transcription-polymerase chain reaction assay (rtPCR). This assay is based on quantitative amplification of 5'- and 3'-end sequences of the housekeeping gene β-actin. Calculating the ratio of 3' to 5' amplicons allows for assessment of mRNA integrity: intact RNA transcripts exhibit a ratio of 1, while degraded RNA increases the ratio.","biotin","A Transcriptor First Strand cDNA Synthesis Kit (Roche) was used to prepare cDNA from 100 ng of total RNA, using an anchored oligo(dT)-primer followed by a subsequent amplification step with the SYBR Green I Master on a LightCycler® 480 instrument (Roche Applied Science). Formalin-fixed paraffin-embedded tumor (FFPET)-derived RNA was amplified with the WT-Ovation™ FFPE System V2 (NuGEN). Biotin labeling of the cDNA was performed using the FL-Ovation cDNA Biotin Module V2 (NuGEN).","9606","Hybridization of labeled probes on the Affymetrix GeneChip Human Genome U133 Plus 2.0 Array were conducted using the GeneChip® Hybridization, Wash, and Stain Kit (Affymetrix).","For this workflow a GeneChip Fluidics Station 450 and a GeneChip Scanner 3000 7G were used","R (3.0.1) & Bioconductor (2.20.1)","GPL570","Anton,,Belousov","TTB Biostatistics","NCS-TTB","Roche","Nonnenwald 2","Penzberg","82377","Germany","ftp://ftp.ncbi.nlm.nih.gov/geo/samples/GSM1233nnn/GSM1233139/suppl/GSM1233139_CJL260_20081021.CEL.gz","54675","55","HER2- CT","30.35","7500","26","0","32.91","ER-","25.89","HER2-","yes","10","14","1","60","3","post","20","10","691","pCR","80","42.7","PR-","0","Caucasian","12","0","neoadjuvant doxorubicin/paclitaxel (AT) followed by cyclophosphamide/methotrexate/fluorouracil (CMF)"
"GSM1233140","BreastCancer_S261","GSM1233140","Public on Jan 21 2014","Sep 17 2013","Jun 06 2022","RNA","1","breast cancer","Homo sapiens","centerid: 26","patid: 701","size_dissected_area: 9","percentage_tumor_cells: 80","cell_number_dissected: 4500","inflammatory_cells [%]: 5","invasive_tumor_area_size1 [mm]: 9","invasive_tumor_area_size2 [mm]: 1","invasive_tumor_cells [%]: 70","invasive_tumor_grade: 2","necrotic_cells [%]: 0","normal_epithelial_cells [%]: 0","preneoplastic_tumor_cells [%]: 0","stroma_cells [%]: 25","bgus.ct: 31.59","er.ct: 31.34","her2.ct: 27.42","pr.ct: 32.12","race: Caucasian","er: ER+","pr: PR-","her2: HER2-","arm: HER2- CT","treatment: neoadjuvant doxorubicin/paclitaxel (AT) followed by cyclophosphamide/methotrexate/fluorouracil (CMF)","age: 51","ecog: 0","inflammatory.brca: no","menopausal.status: pre","pcr: RD","total RNA","Formalin-fixed, paraffin-embedded (FFPE) core biopsies were prospectively collected prior to treatment. The yield and purity of RNA was determined using a NanoDrop 1000 Spectrophotometer (Thermo Scientific). RNA integrity was measured using a Bioanalyzer (Agilent Technologies) with either the RNA Nano or Pico Kit, depending on sample concentration. The RNA Integrity Number (RIN) and average length of the RNA were used for sample characterization. mRNA integrity was measured using a semiquantitative reverse transcription-polymerase chain reaction assay (rtPCR). This assay is based on quantitative amplification of 5'- and 3'-end sequences of the housekeeping gene β-actin. Calculating the ratio of 3' to 5' amplicons allows for assessment of mRNA integrity: intact RNA transcripts exhibit a ratio of 1, while degraded RNA increases the ratio.","biotin","A Transcriptor First Strand cDNA Synthesis Kit (Roche) was used to prepare cDNA from 100 ng of total RNA, using an anchored oligo(dT)-primer followed by a subsequent amplification step with the SYBR Green I Master on a LightCycler® 480 instrument (Roche Applied Science). Formalin-fixed paraffin-embedded tumor (FFPET)-derived RNA was amplified with the WT-Ovation™ FFPE System V2 (NuGEN). Biotin labeling of the cDNA was performed using the FL-Ovation cDNA Biotin Module V2 (NuGEN).","9606","Hybridization of labeled probes on the Affymetrix GeneChip Human Genome U133 Plus 2.0 Array were conducted using the GeneChip® Hybridization, Wash, and Stain Kit (Affymetrix).","For this workflow a GeneChip Fluidics Station 450 and a GeneChip Scanner 3000 7G were used","R (3.0.1) & Bioconductor (2.20.1)","GPL570","Anton,,Belousov","TTB Biostatistics","NCS-TTB","Roche","Nonnenwald 2","Penzberg","82377","Germany","ftp://ftp.ncbi.nlm.nih.gov/geo/samples/GSM1233nnn/GSM1233140/suppl/GSM1233140_CJL261_20081021.CEL.gz","54675","51","HER2- CT","31.59","4500","26","0","31.34","ER+","27.42","HER2-","no","5","9","1","70","2","pre","0","0","701","RD","80","32.12","PR-","0","Caucasian","9","25","neoadjuvant doxorubicin/paclitaxel (AT) followed by cyclophosphamide/methotrexate/fluorouracil (CMF)"
"GSM1233141","BreastCancer_S262","GSM1233141","Public on Jan 21 2014","Sep 17 2013","Jun 06 2022","RNA","1","breast cancer","Homo sapiens","centerid: 26","patid: 711","size_dissected_area: 21","percentage_tumor_cells: 75","cell_number_dissected: 9500","inflammatory_cells [%]: 10","invasive_tumor_area_size1 [mm]: 8","invasive_tumor_area_size2 [mm]: 3","invasive_tumor_cells [%]: 60","invasive_tumor_grade: 3","necrotic_cells [%]: 20","normal_epithelial_cells [%]: 0","preneoplastic_tumor_cells [%]: 0","stroma_cells [%]: 10","bgus.ct: 29.37","er.ct: 31.97","her2.ct: 29.77","pr.ct: 0","race: Caucasian","er: ER-","pr: PR-","her2: HER2-","arm: HER2- CT","treatment: neoadjuvant doxorubicin/paclitaxel (AT) followed by cyclophosphamide/methotrexate/fluorouracil (CMF)","age: 49","ecog: 0","inflammatory.brca: no","menopausal.status: post","pcr: RD","total RNA","Formalin-fixed, paraffin-embedded (FFPE) core biopsies were prospectively collected prior to treatment. The yield and purity of RNA was determined using a NanoDrop 1000 Spectrophotometer (Thermo Scientific). RNA integrity was measured using a Bioanalyzer (Agilent Technologies) with either the RNA Nano or Pico Kit, depending on sample concentration. The RNA Integrity Number (RIN) and average length of the RNA were used for sample characterization. mRNA integrity was measured using a semiquantitative reverse transcription-polymerase chain reaction assay (rtPCR). This assay is based on quantitative amplification of 5'- and 3'-end sequences of the housekeeping gene β-actin. Calculating the ratio of 3' to 5' amplicons allows for assessment of mRNA integrity: intact RNA transcripts exhibit a ratio of 1, while degraded RNA increases the ratio.","biotin","A Transcriptor First Strand cDNA Synthesis Kit (Roche) was used to prepare cDNA from 100 ng of total RNA, using an anchored oligo(dT)-primer followed by a subsequent amplification step with the SYBR Green I Master on a LightCycler® 480 instrument (Roche Applied Science). Formalin-fixed paraffin-embedded tumor (FFPET)-derived RNA was amplified with the WT-Ovation™ FFPE System V2 (NuGEN). Biotin labeling of the cDNA was performed using the FL-Ovation cDNA Biotin Module V2 (NuGEN).","9606","Hybridization of labeled probes on the Affymetrix GeneChip Human Genome U133 Plus 2.0 Array were conducted using the GeneChip® Hybridization, Wash, and Stain Kit (Affymetrix).","For this workflow a GeneChip Fluidics Station 450 and a GeneChip Scanner 3000 7G were used","R (3.0.1) & Bioconductor (2.20.1)","GPL570","Anton,,Belousov","TTB Biostatistics","NCS-TTB","Roche","Nonnenwald 2","Penzberg","82377","Germany","ftp://ftp.ncbi.nlm.nih.gov/geo/samples/GSM1233nnn/GSM1233141/suppl/GSM1233141_CJL262_20081021.CEL.gz","54675","49","HER2- CT","29.37","9500","26","0","31.97","ER-","29.77","HER2-","no","10","8","3","60","3","post","20","0","711","RD","75","0","PR-","0","Caucasian","21","10","neoadjuvant doxorubicin/paclitaxel (AT) followed by cyclophosphamide/methotrexate/fluorouracil (CMF)"
"GSM1233142","BreastCancer_S263","GSM1233142","Public on Jan 21 2014","Sep 17 2013","Jun 06 2022","RNA","1","breast cancer","Homo sapiens","centerid: 26","patid: 721","size_dissected_area: 7","percentage_tumor_cells: 80","cell_number_dissected: 3400","inflammatory_cells [%]: 10","invasive_tumor_area_size1 [mm]: 8","invasive_tumor_area_size2 [mm]: 2","invasive_tumor_cells [%]: 50","invasive_tumor_grade: 3","necrotic_cells [%]: 30","normal_epithelial_cells [%]: 0","preneoplastic_tumor_cells [%]: 0","stroma_cells [%]: 10","bgus.ct: 29.62","er.ct: 32.26","her2.ct: 28.45","pr.ct: 45.63","race: Caucasian","er: ER-","pr: PR-","her2: HER2-","arm: HER2- CT","treatment: neoadjuvant doxorubicin/paclitaxel (AT) followed by cyclophosphamide/methotrexate/fluorouracil (CMF)","age: 38","ecog: 0","inflammatory.brca: no","menopausal.status: pre","pcr: RD","total RNA","Formalin-fixed, paraffin-embedded (FFPE) core biopsies were prospectively collected prior to treatment. The yield and purity of RNA was determined using a NanoDrop 1000 Spectrophotometer (Thermo Scientific). RNA integrity was measured using a Bioanalyzer (Agilent Technologies) with either the RNA Nano or Pico Kit, depending on sample concentration. The RNA Integrity Number (RIN) and average length of the RNA were used for sample characterization. mRNA integrity was measured using a semiquantitative reverse transcription-polymerase chain reaction assay (rtPCR). This assay is based on quantitative amplification of 5'- and 3'-end sequences of the housekeeping gene β-actin. Calculating the ratio of 3' to 5' amplicons allows for assessment of mRNA integrity: intact RNA transcripts exhibit a ratio of 1, while degraded RNA increases the ratio.","biotin","A Transcriptor First Strand cDNA Synthesis Kit (Roche) was used to prepare cDNA from 100 ng of total RNA, using an anchored oligo(dT)-primer followed by a subsequent amplification step with the SYBR Green I Master on a LightCycler® 480 instrument (Roche Applied Science). Formalin-fixed paraffin-embedded tumor (FFPET)-derived RNA was amplified with the WT-Ovation™ FFPE System V2 (NuGEN). Biotin labeling of the cDNA was performed using the FL-Ovation cDNA Biotin Module V2 (NuGEN).","9606","Hybridization of labeled probes on the Affymetrix GeneChip Human Genome U133 Plus 2.0 Array were conducted using the GeneChip® Hybridization, Wash, and Stain Kit (Affymetrix).","For this workflow a GeneChip Fluidics Station 450 and a GeneChip Scanner 3000 7G were used","R (3.0.1) & Bioconductor (2.20.1)","GPL570","Anton,,Belousov","TTB Biostatistics","NCS-TTB","Roche","Nonnenwald 2","Penzberg","82377","Germany","ftp://ftp.ncbi.nlm.nih.gov/geo/samples/GSM1233nnn/GSM1233142/suppl/GSM1233142_CJL263_20081021.CEL.gz","54675","38","HER2- CT","29.62","3400","26","0","32.26","ER-","28.45","HER2-","no","10","8","2","50","3","pre","30","0","721","RD","80","45.63","PR-","0","Caucasian","7","10","neoadjuvant doxorubicin/paclitaxel (AT) followed by cyclophosphamide/methotrexate/fluorouracil (CMF)"
"GSM1233143","BreastCancer_S264","GSM1233143","Public on Jan 21 2014","Sep 17 2013","Jun 06 2022","RNA","1","breast cancer","Homo sapiens","centerid: 26","patid: 741","size_dissected_area: 7.7","percentage_tumor_cells: 60","cell_number_dissected: 3000","inflammatory_cells [%]: 40","invasive_tumor_area_size1 [mm]: 7","invasive_tumor_area_size2 [mm]: 1","invasive_tumor_cells [%]: 30","invasive_tumor_grade: 3","necrotic_cells [%]: 0","normal_epithelial_cells [%]: 0","preneoplastic_tumor_cells [%]: 0","stroma_cells [%]: 30","bgus.ct: 29.66","er.ct: 29.69","her2.ct: 29.2","pr.ct: 31.11","race: Caucasian","er: ER+","pr: PR+","her2: HER2-","arm: HER2- CT","treatment: neoadjuvant doxorubicin/paclitaxel (AT) followed by cyclophosphamide/methotrexate/fluorouracil (CMF)","age: 48","ecog: 0","inflammatory.brca: no","menopausal.status: pre","pcr: pCR","total RNA","Formalin-fixed, paraffin-embedded (FFPE) core biopsies were prospectively collected prior to treatment. The yield and purity of RNA was determined using a NanoDrop 1000 Spectrophotometer (Thermo Scientific). RNA integrity was measured using a Bioanalyzer (Agilent Technologies) with either the RNA Nano or Pico Kit, depending on sample concentration. The RNA Integrity Number (RIN) and average length of the RNA were used for sample characterization. mRNA integrity was measured using a semiquantitative reverse transcription-polymerase chain reaction assay (rtPCR). This assay is based on quantitative amplification of 5'- and 3'-end sequences of the housekeeping gene β-actin. Calculating the ratio of 3' to 5' amplicons allows for assessment of mRNA integrity: intact RNA transcripts exhibit a ratio of 1, while degraded RNA increases the ratio.","biotin","A Transcriptor First Strand cDNA Synthesis Kit (Roche) was used to prepare cDNA from 100 ng of total RNA, using an anchored oligo(dT)-primer followed by a subsequent amplification step with the SYBR Green I Master on a LightCycler® 480 instrument (Roche Applied Science). Formalin-fixed paraffin-embedded tumor (FFPET)-derived RNA was amplified with the WT-Ovation™ FFPE System V2 (NuGEN). Biotin labeling of the cDNA was performed using the FL-Ovation cDNA Biotin Module V2 (NuGEN).","9606","Hybridization of labeled probes on the Affymetrix GeneChip Human Genome U133 Plus 2.0 Array were conducted using the GeneChip® Hybridization, Wash, and Stain Kit (Affymetrix).","For this workflow a GeneChip Fluidics Station 450 and a GeneChip Scanner 3000 7G were used","R (3.0.1) & Bioconductor (2.20.1)","GPL570","Anton,,Belousov","TTB Biostatistics","NCS-TTB","Roche","Nonnenwald 2","Penzberg","82377","Germany","ftp://ftp.ncbi.nlm.nih.gov/geo/samples/GSM1233nnn/GSM1233143/suppl/GSM1233143_CJL264_20081021.CEL.gz","54675","48","HER2- CT","29.66","3000","26","0","29.69","ER+","29.2","HER2-","no","40","7","1","30","3","pre","0","0","741","pCR","60","31.11","PR+","0","Caucasian","7.7","30","neoadjuvant doxorubicin/paclitaxel (AT) followed by cyclophosphamide/methotrexate/fluorouracil (CMF)"
"GSM1233144","BreastCancer_S265","GSM1233144","Public on Jan 21 2014","Sep 17 2013","Jun 06 2022","RNA","1","breast cancer","Homo sapiens","centerid: 26","patid: 761","size_dissected_area: 13","percentage_tumor_cells: 65","cell_number_dissected: 5100","inflammatory_cells [%]: 10","invasive_tumor_area_size1 [mm]: 13","invasive_tumor_area_size2 [mm]: 1","invasive_tumor_cells [%]: 40","invasive_tumor_grade: 3","necrotic_cells [%]: 0","normal_epithelial_cells [%]: 5","preneoplastic_tumor_cells [%]: 5","stroma_cells [%]: 40","bgus.ct: 31.31","er.ct: 30.53","her2.ct: 29.76","pr.ct: 31.58","race: Caucasian","er: ER+","pr: PR+","her2: HER2-","arm: HER2- CT","treatment: neoadjuvant doxorubicin/paclitaxel (AT) followed by cyclophosphamide/methotrexate/fluorouracil (CMF)","age: 47","ecog: 0","inflammatory.brca: no","menopausal.status: pre","pcr: RD","total RNA","Formalin-fixed, paraffin-embedded (FFPE) core biopsies were prospectively collected prior to treatment. The yield and purity of RNA was determined using a NanoDrop 1000 Spectrophotometer (Thermo Scientific). RNA integrity was measured using a Bioanalyzer (Agilent Technologies) with either the RNA Nano or Pico Kit, depending on sample concentration. The RNA Integrity Number (RIN) and average length of the RNA were used for sample characterization. mRNA integrity was measured using a semiquantitative reverse transcription-polymerase chain reaction assay (rtPCR). This assay is based on quantitative amplification of 5'- and 3'-end sequences of the housekeeping gene β-actin. Calculating the ratio of 3' to 5' amplicons allows for assessment of mRNA integrity: intact RNA transcripts exhibit a ratio of 1, while degraded RNA increases the ratio.","biotin","A Transcriptor First Strand cDNA Synthesis Kit (Roche) was used to prepare cDNA from 100 ng of total RNA, using an anchored oligo(dT)-primer followed by a subsequent amplification step with the SYBR Green I Master on a LightCycler® 480 instrument (Roche Applied Science). Formalin-fixed paraffin-embedded tumor (FFPET)-derived RNA was amplified with the WT-Ovation™ FFPE System V2 (NuGEN). Biotin labeling of the cDNA was performed using the FL-Ovation cDNA Biotin Module V2 (NuGEN).","9606","Hybridization of labeled probes on the Affymetrix GeneChip Human Genome U133 Plus 2.0 Array were conducted using the GeneChip® Hybridization, Wash, and Stain Kit (Affymetrix).","For this workflow a GeneChip Fluidics Station 450 and a GeneChip Scanner 3000 7G were used","R (3.0.1) & Bioconductor (2.20.1)","GPL570","Anton,,Belousov","TTB Biostatistics","NCS-TTB","Roche","Nonnenwald 2","Penzberg","82377","Germany","ftp://ftp.ncbi.nlm.nih.gov/geo/samples/GSM1233nnn/GSM1233144/suppl/GSM1233144_CJL265_20081027.CEL.gz","54675","47","HER2- CT","31.31","5100","26","0","30.53","ER+","29.76","HER2-","no","10","13","1","40","3","pre","0","5","761","RD","65","31.58","PR+","5","Caucasian","13","40","neoadjuvant doxorubicin/paclitaxel (AT) followed by cyclophosphamide/methotrexate/fluorouracil (CMF)"
"GSM1233145","BreastCancer_S266","GSM1233145","Public on Jan 21 2014","Sep 17 2013","Jun 06 2022","RNA","1","breast cancer","Homo sapiens","centerid: 26","patid: 791","size_dissected_area: 0.6","percentage_tumor_cells: 40","cell_number_dissected: 150","inflammatory_cells [%]: 40","invasive_tumor_area_size1 [mm]: 1","invasive_tumor_area_size2 [mm]: 1","invasive_tumor_cells [%]: 40","invasive_tumor_grade: 3","necrotic_cells [%]: 0","normal_epithelial_cells [%]: 0","preneoplastic_tumor_cells [%]: 0","stroma_cells [%]: 20","bgus.ct: 33.13","er.ct: 33.78","her2.ct: 35.49","pr.ct: 36.63","race: Caucasian","er: ER-","pr: PR-","her2: HER2-","arm: HER2- CT","treatment: neoadjuvant doxorubicin/paclitaxel (AT) followed by cyclophosphamide/methotrexate/fluorouracil (CMF)","age: 46","ecog: 0","inflammatory.brca: no","menopausal.status: pre","pcr: pCR","total RNA","Formalin-fixed, paraffin-embedded (FFPE) core biopsies were prospectively collected prior to treatment. The yield and purity of RNA was determined using a NanoDrop 1000 Spectrophotometer (Thermo Scientific). RNA integrity was measured using a Bioanalyzer (Agilent Technologies) with either the RNA Nano or Pico Kit, depending on sample concentration. The RNA Integrity Number (RIN) and average length of the RNA were used for sample characterization. mRNA integrity was measured using a semiquantitative reverse transcription-polymerase chain reaction assay (rtPCR). This assay is based on quantitative amplification of 5'- and 3'-end sequences of the housekeeping gene β-actin. Calculating the ratio of 3' to 5' amplicons allows for assessment of mRNA integrity: intact RNA transcripts exhibit a ratio of 1, while degraded RNA increases the ratio.","biotin","A Transcriptor First Strand cDNA Synthesis Kit (Roche) was used to prepare cDNA from 100 ng of total RNA, using an anchored oligo(dT)-primer followed by a subsequent amplification step with the SYBR Green I Master on a LightCycler® 480 instrument (Roche Applied Science). Formalin-fixed paraffin-embedded tumor (FFPET)-derived RNA was amplified with the WT-Ovation™ FFPE System V2 (NuGEN). Biotin labeling of the cDNA was performed using the FL-Ovation cDNA Biotin Module V2 (NuGEN).","9606","Hybridization of labeled probes on the Affymetrix GeneChip Human Genome U133 Plus 2.0 Array were conducted using the GeneChip® Hybridization, Wash, and Stain Kit (Affymetrix).","For this workflow a GeneChip Fluidics Station 450 and a GeneChip Scanner 3000 7G were used","R (3.0.1) & Bioconductor (2.20.1)","GPL570","Anton,,Belousov","TTB Biostatistics","NCS-TTB","Roche","Nonnenwald 2","Penzberg","82377","Germany","ftp://ftp.ncbi.nlm.nih.gov/geo/samples/GSM1233nnn/GSM1233145/suppl/GSM1233145_CJL266_20081021.CEL.gz","54675","46","HER2- CT","33.13","150","26","0","33.78","ER-","35.49","HER2-","no","40","1","1","40","3","pre","0","0","791","pCR","40","36.63","PR-","0","Caucasian","0.6","20","neoadjuvant doxorubicin/paclitaxel (AT) followed by cyclophosphamide/methotrexate/fluorouracil (CMF)"
"GSM1233146","BreastCancer_S268","GSM1233146","Public on Jan 21 2014","Sep 17 2013","Jun 06 2022","RNA","1","breast cancer","Homo sapiens","centerid: 7","patid: 161","bgus.ct: 26.6425","er.ct: 34.365","her2.ct: 31.77","race: Caucasian","er: ER-","pr: PR-","her2: HER2+","arm: HER2+ CT H","treatment: neoadjuvant doxorubicin/paclitaxel (AT) followed by cyclophosphamide/methotrexate/fluorouracil (CMF) + Trastuzumab for 1 year","age: 58","ecog: 0","inflammatory.brca: no","menopausal.status: post","pcr: pCR","","","","","","","","","","","","","","total RNA","Formalin-fixed, paraffin-embedded (FFPE) core biopsies were prospectively collected prior to treatment. The yield and purity of RNA was determined using a NanoDrop 1000 Spectrophotometer (Thermo Scientific). RNA integrity was measured using a Bioanalyzer (Agilent Technologies) with either the RNA Nano or Pico Kit, depending on sample concentration. The RNA Integrity Number (RIN) and average length of the RNA were used for sample characterization. mRNA integrity was measured using a semiquantitative reverse transcription-polymerase chain reaction assay (rtPCR). This assay is based on quantitative amplification of 5'- and 3'-end sequences of the housekeeping gene β-actin. Calculating the ratio of 3' to 5' amplicons allows for assessment of mRNA integrity: intact RNA transcripts exhibit a ratio of 1, while degraded RNA increases the ratio.","biotin","A Transcriptor First Strand cDNA Synthesis Kit (Roche) was used to prepare cDNA from 100 ng of total RNA, using an anchored oligo(dT)-primer followed by a subsequent amplification step with the SYBR Green I Master on a LightCycler® 480 instrument (Roche Applied Science). Formalin-fixed paraffin-embedded tumor (FFPET)-derived RNA was amplified with the WT-Ovation™ FFPE System V2 (NuGEN). Biotin labeling of the cDNA was performed using the FL-Ovation cDNA Biotin Module V2 (NuGEN).","9606","Hybridization of labeled probes on the Affymetrix GeneChip Human Genome U133 Plus 2.0 Array were conducted using the GeneChip® Hybridization, Wash, and Stain Kit (Affymetrix).","For this workflow a GeneChip Fluidics Station 450 and a GeneChip Scanner 3000 7G were used","R (3.0.1) & Bioconductor (2.20.1)","GPL570","Anton,,Belousov","TTB Biostatistics","NCS-TTB","Roche","Nonnenwald 2","Penzberg","82377","Germany","ftp://ftp.ncbi.nlm.nih.gov/geo/samples/GSM1233nnn/GSM1233146/suppl/GSM1233146_CJL_268_20090324.CEL.gz","54675","58","HER2+ CT H","26.6425",NA,"7","0","34.365","ER-","31.77","HER2+","no",NA,NA,NA,NA,NA,"post",NA,NA,"161","pCR",NA,NA,"PR-",NA,"Caucasian",NA,NA,"neoadjuvant doxorubicin/paclitaxel (AT) followed by cyclophosphamide/methotrexate/fluorouracil (CMF) + Trastuzumab for 1 year"
"GSM1233147","BreastCancer_S269","GSM1233147","Public on Jan 21 2014","Sep 17 2013","Jun 06 2022","RNA","1","breast cancer","Homo sapiens","centerid: 28","patid: 231","bgus.ct: 29.1025","er.ct: 29.555","her2.ct: 30.405","race: Caucasian","er: ER+","pr: PR-","her2: HER2-","arm: HER2- CT","treatment: neoadjuvant doxorubicin/paclitaxel (AT) followed by cyclophosphamide/methotrexate/fluorouracil (CMF)","age: 42","ecog: 0","inflammatory.brca: no","menopausal.status: pre","pcr: RD","","","","","","","","","","","","","","total RNA","Formalin-fixed, paraffin-embedded (FFPE) core biopsies were prospectively collected prior to treatment. The yield and purity of RNA was determined using a NanoDrop 1000 Spectrophotometer (Thermo Scientific). RNA integrity was measured using a Bioanalyzer (Agilent Technologies) with either the RNA Nano or Pico Kit, depending on sample concentration. The RNA Integrity Number (RIN) and average length of the RNA were used for sample characterization. mRNA integrity was measured using a semiquantitative reverse transcription-polymerase chain reaction assay (rtPCR). This assay is based on quantitative amplification of 5'- and 3'-end sequences of the housekeeping gene β-actin. Calculating the ratio of 3' to 5' amplicons allows for assessment of mRNA integrity: intact RNA transcripts exhibit a ratio of 1, while degraded RNA increases the ratio.","biotin","A Transcriptor First Strand cDNA Synthesis Kit (Roche) was used to prepare cDNA from 100 ng of total RNA, using an anchored oligo(dT)-primer followed by a subsequent amplification step with the SYBR Green I Master on a LightCycler® 480 instrument (Roche Applied Science). Formalin-fixed paraffin-embedded tumor (FFPET)-derived RNA was amplified with the WT-Ovation™ FFPE System V2 (NuGEN). Biotin labeling of the cDNA was performed using the FL-Ovation cDNA Biotin Module V2 (NuGEN).","9606","Hybridization of labeled probes on the Affymetrix GeneChip Human Genome U133 Plus 2.0 Array were conducted using the GeneChip® Hybridization, Wash, and Stain Kit (Affymetrix).","For this workflow a GeneChip Fluidics Station 450 and a GeneChip Scanner 3000 7G were used","R (3.0.1) & Bioconductor (2.20.1)","GPL570","Anton,,Belousov","TTB Biostatistics","NCS-TTB","Roche","Nonnenwald 2","Penzberg","82377","Germany","ftp://ftp.ncbi.nlm.nih.gov/geo/samples/GSM1233nnn/GSM1233147/suppl/GSM1233147_CJL_269_20090324.CEL.gz","54675","42","HER2- CT","29.1025",NA,"28","0","29.555","ER+","30.405","HER2-","no",NA,NA,NA,NA,NA,"pre",NA,NA,"231","RD",NA,NA,"PR-",NA,"Caucasian",NA,NA,"neoadjuvant doxorubicin/paclitaxel (AT) followed by cyclophosphamide/methotrexate/fluorouracil (CMF)"
